time_s,Mux1_1_ch1,Mux1_1_ch2,Mux1_1_ch3,Mux1_1_ch4,Mux1_1_ch5,Mux1_1_ch6
0,0,0,0,0,0,0
0.005,0,0,0,0,0,0
0.01,0,0,0,0,0,0
0.015,0,0,0,0,0,0
0.02,0,0,0,0,0,0
0.025,0,0,0,0,0,0
0.03,0,0,0,0,0,0
0.035,0,0,0,0,0,0
0.04,0,0,0,0,0,0
0.045,0,0,0,0,0,0
0.05,0,0,0,0,0,0
0.055,0,0,0,0,0,0
0.06,0,0,0,0,0,0
0.065,0,0,0,0,0,0
0.07,0,0,0,0,0,0
0.075,0,0,0,0,0,0
0.08,0,0,0,0,0,0
0.085,0,0,0,0,0,0
0.09,0,0,0,0,0,0
0.095,0,0,0,0,0,0
0.1,0,0,0,0,0,0
0.105,0,0,0,0,0,0
0.11,0,0,0,0,0,0
0.115,0,0,0,0,0,0
0.12,0,0,0,0,0,0
0.125,0,0,0,0,0,0
0.13,0,0,0,0,0,0
0.135,0,0,0,0,0,0
0.14,0,0,0,0,0,0
0.145,0,0,0,0,0,0
0.15,0,0,0,0,0,0
0.155,0,0,0,0,0,0
0.16,0,0,0,0,0,0
0.165,0,0,0,0,0,0
0.17,0,0,0,0,0,0
0.175,0,0,0,0,0,0
0.18,0,0,0,0,0,0
0.185,0,0,0,0,0,0
0.19,0,0,0,0,0,0
0.195,0,0,0,0,0,0
0.2,0,0,0,0,0,0
0.205,0,0,0,0,0,0
0.21,0,0,0,0,0,0
0.215,0,0,0,0,0,0
0.22,0,0,0,0,0,0
0.225,0,0,0,0,0,0
0.23,0,0,0,0,0,0
0.235,0,0,0,0,0,0
0.24,0,0,0,0,0,0
0.245,0,0,0,0,0,0
0.25,0,0,0,0,0,0
0.255,0,0,0,0,0,0
0.26,0,0,0,0,0,0
0.265,0,0,0,0,0,0
0.27,0,0,0,0,0,0
0.275,0,0,0,0,0,0
0.28,0,0,0,0,0,0
0.285,0,0,0,0,0,0
0.29,0,0,0,0,0,0
0.295,0,0,0,0,0,0
0.3,0,0,0,0,0,0
0.305,0,0,0,0,0,0
0.31,0,0,0,0,0,0
0.315,0,0,0,0,0,0
0.32,0,0,0,0,0,0
0.325,0,0,0,0,0,0
0.33,0,0,0,0,0,0
0.335,0,0,0,0,0,0
0.34,0,0,0,0,0,0
0.345,0,0,0,0,0,0
0.35,0,0,0,0,0,0
0.355,0,0,0,0,0,0
0.36,0,0,0,0,0,0
0.365,0,0,0,0,0,0
0.37,0,0,0,0,0,0
0.375,0,0,0,0,0,0
0.38,0,0,0,0,0,0
0.385,0,0,0,0,0,0
0.39,0,0,0,0,0,0
0.395,0,0,0,0,0,0
0.4,0,0,0,0,0,0
0.405,0,0,0,0,0,0
0.41,0,0,0,0,0,0
0.415,0,0,0,0,0,0
0.42,0,0,0,0,0,0
0.425,0,0,0,0,0,0
0.43,0,0,0,0,0,0
0.435,0,0,0,0,0,0
0.44,0,0,0,0,0,0
0.445,0,0,0,0,0,0
0.45,0,0,0,0,0,0
0.455,0,0,0,0,0,0
0.46,0,0,0,0,0,0
0.465,0,0,0,0,0,0
0.47,0,0,0,0,0,0
0.475,0,0,0,0,0,0
0.48,0,0,0,0,0,0
0.485,0,0,0,0,0,0
0.49,0,0,0,0,0,0
0.495,0,0,0,0,0,0
0.5,0,0,0,0,0,0
0.505,0,0,0,0,0,0
0.51,0,0,0,0,0,0
0.515,0,0,0,0,0,0
0.52,0,0,0,0,0,0
0.525,0,0,0,0,0,0
0.53,0,0,0,0,0,0
0.535,0,0,0,0,0,0
0.54,0,0,0,0,0,0
0.545,0,0,0,0,0,0
0.55,0,0,0,0,0,0
0.555,0,0,0,0,0,0
0.56,0,0,0,0,0,0
0.565,0,0,0,0,0,0
0.57,0,0,0,0,0,0
0.575,0,0,0,0,0,0
0.58,0,0,0,0,0,0
0.585,0,0,0,0,0,0
0.59,0,0,0,0,0,0
0.595,0,0,0,0,0,0
0.6,0,0,0,0,0,0
0.605,0,0,0,0,0,0
0.61,0,0,0,0,0,0
0.615,0,0,0,0,0,0
0.62,0,0,0,0,0,0
0.625,0,0,0,0,0,0
0.63,0,0,0,0,0,0
0.635,0,0,0,0,0,0
0.64,0,0,0,0,0,0
0.645,0,0,0,0,0,0
0.65,0,0,0,0,0,0
0.655,0,0,0,0,0,0
0.66,0,0,0,0,0,0
0.665,0,0,0,0,0,0
0.67,0,0,0,0,0,0
0.675,0,0,0,0,0,0
0.68,0,0,0,0,0,0
0.685,0,0,0,0,0,0
0.69,0,0,0,0,0,0
0.695,0,0,0,0,0,0
0.7,0,0,0,0,0,0
0.705,0,0,0,0,0,0
0.71,0,0,0,0,0,0
0.715,0,0,0,0,0,0
0.72,0,0,0,0,0,0
0.725,0,0,0,0,0,0
0.73,0,0,0,0,0,0
0.735,0,0,0,0,0,0
0.74,0,0,0,0,0,0
0.745,0,0,0,0,0,0
0.75,0,0,0,0,0,0
0.755,0,0,0,0,0,0
0.76,0,0,0,0,0,0
0.765,0,0,0,0,0,0
0.77,0,0,0,0,0,0
0.775,0,0,0,0,0,0
0.78,0,0,0,0,0,0
0.785,0,0,0,0,0,0
0.79,0,0,0,0,0,0
0.795,0,0,0,0,0,0
0.8,0,0,0,0,0,0
0.805,0,0,0,0,0,0
0.81,0,0,0,0,0,0
0.815,0,0,0,0,0,0
0.82,0,0,0,0,0,0
0.825,0,0,0,0,0,0
0.83,0,0,0,0,0,0
0.835,0,0,0,0,0,0
0.84,0,0,0,0,0,0
0.845,0,0,0,0,0,0
0.85,0,0,0,0,0,0
0.855,0,0,0,0,0,0
0.86,0,0,0,0,0,0
0.865,0,0,0,0,0,0
0.87,0,0,0,0,0,0
0.875,0,0,0,0,0,0
0.88,0,0,0,0,0,0
0.885,0,0,0,0,0,0
0.89,0,0,0,0,0,0
0.895,0,0,0,0,0,0
0.9,0,0,0,0,0,0
0.905,0,0,0,0,0,0
0.91,0,0,0,0,0,0
0.915,0,0,0,0,0,0
0.92,0,0,0,0,0,0
0.925,0,0,0,0,0,0
0.93,0,0,0,0,0,0
0.935,0,0,0,0,0,0
0.94,0,0,0,0,0,0
0.945,0,0,0,0,0,0
0.95,0,0,0,0,0,0
0.955,0,0,0,0,0,0
0.96,0,0,0,0,0,0
0.965,0,0,0,0,0,0
0.97,0,0,0,0,0,0
0.975,0,0,0,0,0,0
0.98,0,0,0,0,0,0
0.985,0,0,0,0,0,0
0.99,0,0,0,0,0,0
0.995,0,0,0,0,0,0
1,0,0,0,0,0,0
1.005,0,0,0,0,0,0
1.01,0,0,0,0,0,0
1.015,0,0,0,0,0,0
1.02,0,0,0,0,0,0
1.025,0,0,0,0,0,0
1.03,0,0,0,0,0,0
1.035,0,0,0,0,0,0
1.04,0,0,0,0,0,0
1.045,0,0,0,0,0,0
1.05,0,0,0,0,0,0
1.055,0,0,0,0,0,0
1.06,0,0,0,0,0,0
1.065,0,0,0,0,0,0
1.07,0,0,0,0,0,0
1.075,0,0,0,0,0,0
1.08,0,0,0,0,0,0
1.085,0,0,0,0,0,0
1.09,0,0,0,0,0,0
1.095,0,0,0,0,0,0
1.1,0,0,0,0,0,0
1.105,0,0,0,0,0,0
1.11,0,0,0,0,0,0
1.115,0,0,0,0,0,0
1.12,0,0,0,0,0,0
1.125,0,0,0,0,0,0
1.13,0,0,0,0,0,0
1.135,0,0,0,0,0,0
1.14,0,0,0,0,0,0
1.145,0,0,0,0,0,0
1.15,0,0,0,0,0,0
1.155,0,0,0,0,0,0
1.16,0,0,0,0,0,0
1.165,0,0,0,0,0,0
1.17,0,0,0,0,0,0
1.175,0,0,0,0,0,0
1.18,0,0,0,0,0,0
1.185,0,0,0,0,0,0
1.19,0,0,0,0,0,0
1.195,0,0,0,0,0,0
1.2,0,0,0,0,0,0
1.205,0,0,0,0,0,0
1.21,0,0,0,0,0,0
1.215,0,0,0,0,0,0
1.22,0,0,0,0,0,0
1.225,0,0,0,0,0,0
1.23,0,0,0,0,0,0
1.235,0,0,0,0,0,0
1.24,0,0,0,0,0,0
1.245,0,0,0,0,0,0
1.25,0,0,0,0,0,0
1.255,0,0,0,0,0,0
1.26,0,0,0,0,0,0
1.265,0,0,0,0,0,0
1.27,0,0,0,0,0,0
1.275,0,0,0,0,0,0
1.28,0,0,0,0,0,0
1.285,0,0,0,0,0,0
1.29,0,0,0,0,0,0
1.295,0,0,0,0,0,0
1.3,0,0,0,0,0,0
1.305,0,0,0,0,0,0
1.31,0,0,0,0,0,0
1.315,0,0,0,0,0,0
1.32,0,0,0,0,0,0
1.325,0,0,0,0,0,0
1.33,0,0,0,0,0,0
1.335,0,0,0,0,0,0
1.34,0,0,0,0,0,0
1.345,0,0,0,0,0,0
1.35,0,0,0,0,0,0
1.355,0,0,0,0,0,0
1.36,0,0,0,0,0,0
1.365,0,0,0,0,0,0
1.37,0,0,0,0,0,0
1.375,0,0,0,0,0,0
1.38,0,0,0,0,0,0
1.385,0,0,0,0,0,0
1.39,0,0,0,0,0,0
1.395,0,0,0,0,0,0
1.4,0,0,0,0,0,0
1.405,0,0,0,0,0,0
1.41,0,0,0,0,0,0
1.415,0,0,0,0,0,0
1.42,0,0,0,0,0,0
1.425,0,0,0,0,0,0
1.43,0,0,0,0,0,0
1.435,0,0,0,0,0,0
1.44,0,0,0,0,0,0
1.445,0,0,0,0,0,0
1.45,0,0,0,0,0,0
1.455,0,0,0,0,0,0
1.46,0,0,0,0,0,0
1.465,0,0,0,0,0,0
1.47,0,0,0,0,0,0
1.475,0,0,0,0,0,0
1.48,0,0,0,0,0,0
1.485,0,0,0,0,0,0
1.49,0,0,0,0,0,0
1.495,0,0,0,0,0,0
1.5,0,0,0,0,0,0
1.505,0,0,0,0,0,0
1.51,0,0,0,0,0,0
1.515,0,0,0,0,0,0
1.52,0,0,0,0,0,0
1.525,0,0,0,0,0,0
1.53,0,0,0,0,0,0
1.535,0,0,0,0,0,0
1.54,0,0,0,0,0,0
1.545,0,0,0,0,0,0
1.55,0,0,0,0,0,0
1.555,0,0,0,0,0,0
1.56,0,0,0,0,0,0
1.565,0,0,0,0,0,0
1.57,0,0,0,0,0,0
1.575,0,0,0,0,0,0
1.58,0,0,0,0,0,0
1.585,0,0,0,0,0,0
1.59,0,0,0,0,0,0
1.595,0,0,0,0,0,0
1.6,0,0,0,0,0,0
1.605,0,0,0,0,0,0
1.61,0,0,0,0,0,0
1.615,0,0,0,0,0,0
1.62,0,0,0,0,0,0
1.625,0,0,0,0,0,0
1.63,0,0,0,0,0,0
1.635,0,0,0,0,0,0
1.64,0,0,0,0,0,0
1.645,0,0,0,0,0,0
1.65,0,0,0,0,0,0
1.655,0,0,0,0,0,0
1.66,0,0,0,0,0,0
1.665,0,0,0,0,0,0
1.67,0,0,0,0,0,0
1.675,0,0,0,0,0,0
1.68,0,0,0,0,0,0
1.685,0,0,0,0,0,0
1.69,0,0,0,0,0,0
1.695,0,0,0,0,0,0
1.7,0,0,0,0,0,0
1.705,0,0,0,0,0,0
1.71,0,0,0,0,0,0
1.715,0,0,0,0,0,0
1.72,0,0,0,0,0,0
1.725,0,0,0,0,0,0
1.73,0,0,0,0,0,0
1.735,0,0,0,0,0,0
1.74,0,0,0,0,0,0
1.745,0,0,0,0,0,0
1.75,0,0,0,0,0,0
1.755,0,0,0,0,0,0
1.76,0,0,0,0,0,0
1.765,0,0,0,0,0,0
1.77,0,0,0,0,0,0
1.775,0,0,0,0,0,0
1.78,0,0,0,0,0,0
1.785,0,0,0,0,0,0
1.79,0,0,0,0,0,0
1.795,0,0,0,0,0,0
1.8,0,0,0,0,0,0
1.805,0,0,0,0,0,0
1.81,0,0,0,0,0,0
1.815,0,0,0,0,0,0
1.82,0,0,0,0,0,0
1.825,0,0,0,0,0,0
1.83,0,0,0,0,0,0
1.835,0,0,0,0,0,0
1.84,0,0,0,0,0,0
1.845,0,0,0,0,0,0
1.85,0,0,0,0,0,0
1.855,0,0,0,0,0,0
1.86,0,0,0,0,0,0
1.865,0,0,0,0,0,0
1.87,0,0,0,0,0,0
1.875,0,0,0,0,0,0
1.88,0,0,0,0,0,0
1.885,0,0,0,0,0,0
1.89,0,0,0,0,0,0
1.895,0,0,0,0,0,0
1.9,0,0,0,0,0,0
1.905,0,0,0,0,0,0
1.91,0,0,0,0,0,0
1.915,0,0,0,0,0,0
1.92,0,0,0,0,0,0
1.925,0,0,0,0,0,0
1.93,0,0,0,0,0,0
1.935,0,0,0,0,0,0
1.94,0,0,0,0,0,0
1.945,0,0,0,0,0,0
1.95,0,0,0,0,0,0
1.955,0,0,0,0,0,0
1.96,0,0,0,0,0,0
1.965,0,0,0,0,0,0
1.97,0,0,0,0,0,0
1.975,0,0,0,0,0,0
1.98,0,0,0,0,0,0
1.985,0,0,0,0,0,0
1.99,0,0,0,0,0,0
1.995,0,0,0,0,0,0
2,0,0,0,0,0,0
2.005,0,0,0,0,0,0
2.01,0,0,0,0,0,0
2.015,0,0,0,0,0,0
2.02,0,0,0,0,0,0
2.025,0,0,0,0,0,0
2.03,0,0,0,0,0,0
2.035,0,0,0,0,0,0
2.04,0,0,0,0,0,0
2.045,0,0,0,0,0,0
2.05,0,0,0,0,0,0
2.055,0,0,0,0,0,0
2.06,0,0,0,0,0,0
2.065,0,0,0,0,0,0
2.07,0,0,0,0,0,0
2.075,0,0,0,0,0,0
2.08,0,0,0,0,0,0
2.085,0,0,0,0,0,0
2.09,0,0,0,0,0,0
2.095,0,0,0,0,0,0
2.1,0,0,0,0,0,0
2.105,0,0,0,0,0,0
2.11,0,0,0,0,0,0
2.115,0,0,0,0,0,0
2.12,0,0,0,0,0,0
2.125,0,0,0,0,0,0
2.13,0,0,0,0,0,0
2.135,0,0,0,0,0,0
2.14,0,0,0,0,0,0
2.145,0,0,0,0,0,0
2.15,0,0,0,0,0,0
2.155,0,0,0,0,0,0
2.16,0,0,0,0,0,0
2.165,0,0,0,0,0,0
2.17,0,0,0,0,0,0
2.175,0,0,0,0,0,0
2.18,0,0,0,0,0,0
2.185,0,0,0,0,0,0
2.19,0,0,0,0,0,0
2.195,0,0,0,0,0,0
2.2,0,0,0,0,0,0
2.205,0,0,0,0,0,0
2.21,0,0,0,0,0,0
2.215,0,0,0,0,0,0
2.22,0,0,0,0,0,0
2.225,0,0,0,0,0,0
2.23,0,0,0,0,0,0
2.235,0,0,0,0,0,0
2.24,0,0,0,0,0,0
2.245,0,0,0,0,0,0
2.25,0,-0.298777968,0,-0.298777968,0,0
2.255,0,-0.298777968,0,-0.298777968,0,0
2.26,0,-0.298777968,0,-0.298777968,0,0
2.265,0,-0.298777968,0,-0.298777968,0,0
2.27,0,-0.298912674,0,-0.298912674,0,0
2.275,0,-0.298784673,0,-0.298784673,0,0
2.28,0,-0.298882782,0,-0.298882782,0,0
2.285,0,-0.298882782,0,-0.298980892,0,0
2.29,0,-0.298985422,0,-0.298985422,0,0
2.295,0,-0.298687667,0,-0.298687667,0,0
2.3,0,-0.298687667,0,-0.298389912,0,0
2.305,0,-0.298687667,0,-0.298092157,0,0
2.31,0,-0.298842996,0,-0.298842996,0,0
2.315,0,-0.298854828,0,-0.298854828,0,0
2.32,0,-0.298854828,0,-0.298866659,0,0
2.325,0,-0.298854828,0,-0.298878491,0,0
2.33,0,-0.298854828,0,-0.298890322,0,0
2.335,0,-0.298854828,0,-0.298902154,0,0
2.34,0,-0.2988756,0,-0.2988756,0,0
2.345,0,-0.298773557,0,-0.298773557,0,0
2.35,0,-0.298562974,0,-0.298562974,0,0
2.355,0,-0.299139708,0,-0.299139708,0,0
2.36,0,-0.299522191,0,-0.299522191,0,0
2.365,0,-0.299522191,0,-0.299904674,0,0
2.37,0,-0.299522191,0,-0.300287157,0,0
2.375,0,-0.299522191,0,-0.30066964,0,0
2.38,0,-0.299775779,0,-0.299775779,0,0
2.385,0,-0.299775779,0,-0.299839169,0,0
2.39,0,-0.299775779,0,-0.299902558,0,0
2.395,0,-0.299775779,0,-0.299965978,0,0
2.4,0,-0.30002299,0,-0.30002299,0,0
2.405,0,-0.299854875,0,-0.299854875,0,0
2.41,0,-0.299935699,0,-0.299935699,0,0
2.415,0,-0.299935699,0,-0.300016522,0,0
2.42,0,-0.299528122,0,-0.299528122,0,0
2.425,0,-0.299579561,0,-0.299579561,0,0
2.43,0,-0.299579561,0,-0.299631,0,0
2.435,0,-0.299579561,0,-0.299682438,0,0
2.44,0,-0.299581438,0,-0.299581438,0,0
2.445,0,-0.299246877,0,-0.299246877,0,0
2.45,0,-0.299246877,0,-0.298912317,0,0
2.455,0,-0.299246877,0,-0.298577756,0,0
2.46,0,-0.299127549,0,-0.299127549,0,0
2.465,0,-0.300547749,0,-0.300547749,0,0
2.47,0,-0.300547749,0,-0.301967949,0,0
2.475,0,-0.300547749,0,-0.303388149,0,0
2.48,0,-0.299453944,0,-0.299453944,0,0
2.485,0,-0.298633605,0,-0.298633605,0,0
2.49,0,-0.298633605,0,-0.297813267,0,0
2.495,0,-0.298633605,0,-0.296992928,0,0
2.5,0,-0.298759192,0,-0.298759192,0,0
2.505,0,-0.298497975,0,-0.298497975,0,0
2.51,0,-0.298497975,0,-0.298236758,0,0
2.515,0,-0.298497975,0,-0.29797554,0,0
2.52,0,-0.29875055,0,-0.29875055,0,0
2.525,0,-0.298879623,0,-0.298879623,0,0
2.53,0,-0.298879623,0,-0.299008697,0,0
2.535,0,-0.298879623,0,-0.299137771,0,0
2.54,0,-0.299160957,0,-0.299160957,0,0
2.545,0,-0.301402211,0,-0.301402211,0,0
2.55,0,-0.300019652,0,-0.300019652,0,0
2.555,0,-0.300019652,0,-0.298637092,0,0
2.56,0,-0.299124956,0,-0.299124956,0,0
2.565,0,-0.299124956,0,-0.298677623,0,0
2.57,0,-0.299124956,0,-0.298230261,0,0
2.575,0,-0.299124956,0,-0.297782928,0,0
2.58,0,-0.299695432,0,-0.299695432,0,0
2.585,0,-0.299300045,0,-0.299300045,0,0
2.59,0,-0.299300045,0,-0.298904657,0,0
2.595,0,-0.299300045,0,-0.29850927,0,0
2.6,0,-0.298832297,0,-0.298832297,0,0
2.605,0,-0.299310297,0,-0.299310297,0,0
2.61,0,-0.299449027,0,-0.299449027,0,0
2.615,0,-0.299449027,0,-0.299587756,0,0
2.62,0,-0.299026489,0,-0.299026489,0,0
2.625,0,-0.298097432,0,-0.298097432,0,0
2.63,0,-0.298097432,0,-0.297168374,0,0
2.635,0,-0.298097432,0,-0.296239316,0,0
2.64,0,-0.296924144,0,-0.296924144,0,0
2.645,0,-0.298674762,0,-0.298674762,0,0
2.65,0,-0.298674762,0,-0.30042538,0,0
2.655,0,-0.298674762,0,-0.302175999,0,0
2.66,0,-0.298875004,0,-0.298875004,0,0
2.665,0,-0.298677504,0,-0.298677504,0,0
2.67,0,-0.298677504,0,-0.298480004,0,0
2.675,0,-0.298677504,0,-0.298282504,0,0
2.68,0,-0.299159974,0,-0.299159974,0,0
2.685,0,-0.299190611,0,-0.299190611,0,0
2.69,0,-0.299190611,0,-0.299221247,0,0
2.695,0,-0.299190611,0,-0.299251884,0,0
2.7,0,-0.298714697,0,-0.298714697,0,0
2.705,0,-0.298138976,0,-0.298138976,0,0
2.71,0,-0.298138976,0,-0.297563255,0,0
2.715,0,-0.298138976,0,-0.296987534,0,0
2.72,0,-0.298138976,0,-0.296411812,0,0
2.725,0,-0.298138976,0,-0.295836091,0,0
2.73,0,-0.298278481,0,-0.298278481,0,0
2.735,0,-0.298042536,0,-0.298042536,0,0
2.74,0,-0.298042536,0,-0.297806591,0,0
2.745,0,-0.298042536,0,-0.297570646,0,0
2.75,0,-0.299042374,0,-0.299042374,0,0
2.755,0,-0.298695803,0,-0.298695803,0,0
2.76,0,-0.298695803,0,-0.298349231,0,0
2.765,0,-0.298695803,0,-0.29800266,0,0
2.77,0,-0.298425943,0,-0.298425943,0,0
2.775,0,-0.298088163,0,-0.298088163,0,0
2.78,0,-0.298088163,0,-0.297750384,0,0
2.785,0,-0.298088163,0,-0.297412604,0,0
2.79,0,-0.299108088,0,-0.299108088,0,0
2.795,0,-0.300201476,0,-0.300201476,0,0
2.8,0,-0.300201476,0,-0.301294863,0,0
2.805,0,-0.300201476,0,-0.302388251,0,0
2.81,0,-0.298434108,0,-0.298434108,0,0
2.815,0,-0.298744172,0,-0.298744172,0,0
2.82,0,-0.298744172,0,-0.299054235,0,0
2.825,0,-0.298744172,0,-0.299364299,0,0
2.83,0,-0.299467683,0,-0.299467683,0,0
2.835,0,-0.30155772,0,-0.30155772,0,0
2.84,0,-0.30155772,0,-0.303647757,0,0
2.845,0,-0.30155772,0,-0.305737793,0,0
2.85,0,-0.301694125,0,-0.301694125,0,0
2.855,0,-0.302046597,0,-0.302046597,0,0
2.86,0,-0.302046597,0,-0.302399069,0,0
2.865,0,-0.302046597,0,-0.302751541,0,0
2.87,0,-0.299771786,0,-0.299771786,0,0
2.875,0,-0.300994962,0,-0.300994962,0,0
2.88,0,-0.300994962,0,-0.302218139,0,0
2.885,0,-0.300994962,0,-0.303441316,0,0
2.89,0,-0.299451232,0,-0.299451232,0,0
2.895,0,-0.299715072,0,-0.299715072,0,0
2.9,0,-0.299715072,0,-0.299978912,0,0
2.905,0,-0.299715072,0,-0.300242752,0,0
2.91,0,-0.300506145,0,-0.300506145,0,0
2.915,0,-0.300686747,0,-0.300686747,0,0
2.92,0,-0.300686747,0,-0.300867349,0,0
2.925,0,-0.300686747,0,-0.301047951,0,0
2.93,0,-0.303203404,0,-0.303203404,0,0
2.935,0,-0.301245093,0,-0.301245093,0,0
2.94,0,-0.302021027,0,-0.302021027,0,0
2.945,0,-0.302021027,0,-0.30279696,0,0
2.95,0,-0.301914275,0,-0.301914275,0,0
2.955,0,-0.302079529,0,-0.302079529,0,0
2.96,0,-0.302079529,0,-0.302244782,0,0
2.965,0,-0.302079529,0,-0.302410036,0,0
2.97,0,-0.30089277,0,-0.30089277,0,0
2.975,0,-0.298208773,0,-0.298208773,0,0
2.98,0,-0.298208773,0,-0.295524776,0,0
2.985,0,-0.298208773,0,-0.292840779,0,0
2.99,0,-0.297344714,0,-0.297344714,0,0
2.995,0,-0.297903508,0,-0.297903508,0,0
3,0,-0.297903508,0,-0.298462301,0,0
3.005,0,-0.297903508,0,-0.299021095,0,0
3.01,0,-0.297016472,0,-0.297016472,0,0
3.015,0,-0.297946095,0,-0.297946095,0,0
3.02,0,-0.297946095,0,-0.298875719,0,0
3.025,0,-0.297946095,0,-0.299805343,0,0
3.03,0,-0.298612803,0,-0.298612803,0,0
3.035,0,-0.298792601,0,-0.298792601,0,0
3.04,0,-0.298792601,0,-0.298972398,0,0
3.045,0,-0.298792601,0,-0.299152195,0,0
3.05,0,-0.299542367,0,-0.299542367,0,0
3.055,0,-0.299937725,0,-0.299937725,0,0
3.06,0,-0.299937725,0,-0.300333083,0,0
3.065,0,-0.299937725,0,-0.30072844,0,0
3.07,0,-0.300377071,0,-0.300377071,0,0
3.075,0,-0.298827142,0,-0.298827142,0,0
3.08,0,-0.298827142,0,-0.297277212,0,0
3.085,0,-0.298827142,0,-0.295727283,0,0
3.09,0,-0.299846709,0,-0.299846709,0,0
3.095,0,-0.300232112,0,-0.300232112,0,0
3.1,0,-0.300232112,0,-0.300617516,0,0
3.105,0,-0.300232112,0,-0.30100292,0,0
3.11,0,-0.300232112,0,-0.301388323,0,0
3.115,0,-0.300232112,0,-0.301773727,0,0
3.12,0,-0.297642142,0,-0.297642142,0,0
3.125,0,-0.297144264,0,-0.297144264,0,0
3.13,0,-0.297874749,0,-0.297874749,0,0
3.135,0,-0.298954159,0,-0.298954159,0,0
3.14,0,-0.298954159,0,-0.300033569,0,0
3.145,0,-0.298954159,0,-0.30111298,0,0
3.15,0,-0.298954159,0,-0.30219239,0,0
3.155,0,-0.298954159,0,-0.3032718,0,0
3.16,0,-0.299237877,0,-0.299237877,0,0
3.165,0,-0.299250573,0,-0.299250573,0,0
3.17,0,-0.299250573,0,-0.299263269,0,0
3.175,0,-0.299250573,0,-0.299275964,0,0
3.18,0,-0.300042033,0,-0.300042033,0,0
3.185,0,-0.300321043,0,-0.300321043,0,0
3.19,0,-0.301303893,0,-0.301303893,0,0
3.195,0,-0.301303893,0,-0.302286744,0,0
3.2,0,-0.302029431,0,-0.302029431,0,0
3.205,0,-0.302025825,0,-0.302025825,0,0
3.21,0,-0.302025825,0,-0.302022219,0,0
3.215,0,-0.302025825,0,-0.302018613,0,0
3.22,0,-0.302142292,0,-0.302142292,0,0
3.225,0,-0.301692784,0,-0.301692784,0,0
3.23,0,-0.301692784,0,-0.301243275,0,0
3.235,0,-0.301692784,0,-0.300793767,0,0
3.24,0,-0.300631672,0,-0.300631672,0,0
3.245,0,-0.30168286,0,-0.30168286,0,0
3.25,0,-0.30168286,0,-0.302734047,0,0
3.255,0,-0.30168286,0,-0.303785235,0,0
3.26,0,-0.300556511,0,-0.300556511,0,0
3.265,0,-0.300812691,0,-0.300812691,0,0
3.27,0,-0.300812691,0,-0.301068872,0,0
3.275,0,-0.300812691,0,-0.301325053,0,0
3.28,0,-0.297940731,0,-0.297940731,0,0
3.285,0,-0.297665149,0,-0.297665149,0,0
3.29,0,-0.297665149,0,-0.297389567,0,0
3.295,0,-0.297665149,0,-0.297113985,0,0
3.3,0,-0.294751614,0,-0.294751614,0,0
3.305,0,-0.297361284,0,-0.297361284,0,0
3.31,0,-0.297361284,0,-0.299970955,0,0
3.315,0,-0.297361284,0,-0.302580625,0,0
3.32,0,-0.296947151,0,-0.296947151,0,0
3.325,0,-0.296768159,0,-0.296768159,0,0
3.33,0,-0.296842098,0,-0.296842098,0,0
3.335,0,-0.296842098,0,-0.296916038,0,0
3.34,0,-0.297278166,0,-0.297278166,0,0
3.345,0,-0.297278166,0,-0.2974962,0,0
3.35,0,-0.297278166,0,-0.297714233,0,0
3.355,0,-0.297278166,0,-0.297932267,0,0
3.36,0,-0.29534784,0,-0.29534784,0,0
3.365,0,-0.2935718,0,-0.2935718,0,0
3.37,0,-0.2935718,0,-0.29179576,0,0
3.375,0,-0.2935718,0,-0.290019721,0,0
3.38,0,-0.292641342,0,-0.292641342,0,0
3.385,0,-0.292964637,0,-0.292964637,0,0
3.39,0,-0.292964637,0,-0.293287933,0,0
3.395,0,-0.292964637,0,-0.293611228,0,0
3.4,0,-0.294336498,0,-0.294336498,0,0
3.405,0,-0.294336498,0,-0.294793785,0,0
3.41,0,-0.294336498,0,-0.295251071,0,0
3.415,0,-0.294336498,0,-0.295708358,0,0
3.42,0,-0.291648775,0,-0.291648775,0,0
3.425,0,-0.291648775,0,-0.290976852,0,0
3.43,0,-0.291648775,0,-0.290304929,0,0
3.435,0,-0.291648775,0,-0.289632976,0,0
3.44,0,-0.291648775,0,-0.288961053,0,0
3.445,0,-0.291648775,0,-0.28828913,0,0
3.45,0,-0.291648775,0,-0.287617207,0,0
3.455,0,-0.291648775,0,-0.286945254,0,0
3.46,0,-0.291648775,0,-0.28627333,0,0
3.465,0,-0.291648775,0,-0.285601407,0,0
3.47,0,-0.291648775,0,-0.284929454,0,0
3.475,0,-0.291648775,0,-0.284257531,0,0
3.48,0,-0.291648775,0,-0.283585608,0,0
3.485,0,-0.291648775,0,-0.282913685,0,0
3.49,0,-0.291648775,0,-0.282241732,0,0
3.495,0,-0.291648775,0,-0.281569809,0,0
3.5,0,-0.291648775,0,-0.280897886,0,0
3.505,0,-0.291648775,0,-0.280225962,0,0
3.51,0,-0.291648775,0,-0.279554009,0,0
3.515,0,-0.291648775,0,-0.278882086,0,0
3.52,0,-0.291648775,0,-0.278210163,0,0
3.525,0,-0.291648775,0,-0.27753824,0,0
3.53,0,-0.291648775,0,-0.276866317,0,0
3.535,0,-0.291648775,0,-0.276194364,0,0
3.54,0,-0.291648775,0,-0.275522441,0,0
3.545,0,-0.291648775,0,-0.274850518,0,0
3.55,0,-0.291648775,0,-0.274178594,0,0
3.555,0,-0.291648775,0,-0.273506641,0,0
3.56,0,-0.291648775,0,-0.272834718,0,0
3.565,0,-0.291648775,0,-0.272162795,0,0
3.57,0,-0.291648775,0,-0.271490842,0,0
3.575,0,-0.291648775,0,-0.270818919,0,0
3.58,0,-0.291648775,0,-0.270146996,0,0
3.585,0,-0.291648775,0,-0.269475073,0,0
3.59,0,-0.291648775,0,-0.26880312,0,0
3.595,0,-0.291648775,0,-0.268131196,0,0
3.6,0,-0.291648775,0,-0.267459273,0,0
3.605,0,-0.291648775,0,-0.26678735,0,0
3.61,0,-0.291648775,0,-0.266115427,0,0
3.615,0,-0.291648775,0,-0.265443474,0,0
3.62,0,-0.291648775,0,-0.264771551,0,0
3.625,0,-0.291648775,0,-0.264099628,0,0
3.63,0,-0.291648775,0,-0.263427705,0,0
3.635,0,-0.291648775,0,-0.262755752,0,0
3.64,0,-0.291648775,0,-0.262083828,0,0
3.645,0,-0.291648775,0,-0.261411905,0,0
3.65,0,-0.291648775,0,-0.260739952,0,0
3.655,0,-0.291648775,0,-0.260068029,0,0
3.66,0,-0.291648775,0,-0.259396106,0,0
3.665,0,-0.291648775,0,-0.258724183,0,0
3.67,0,-0.291648775,0,-0.25805223,0,0
3.675,0,-0.291648775,0,-0.257380307,0,0
3.68,0,-0.291648775,0,-0.256708384,0,0
3.685,0,-0.291648775,0,-0.25603646,0,0
3.69,0,-0.291648775,0,-0.255364507,0,0
3.695,0,-0.291648775,0,-0.254692584,0,0
3.7,0,-0.291648775,0,-0.254020661,0,0
3.705,0,-0.291648775,0,-0.253348738,0,0
3.71,0,-0.291648775,0,-0.252676815,0,0
3.715,0,-0.291648775,0,-0.252004862,0,0
3.72,0,-0.291648775,0,-0.251332939,0,0
3.725,0,-0.291648775,0,-0.250661016,0,0
3.73,0,-0.291648775,0,-0.249989077,0,0
3.735,0,-0.291648775,0,-0.249317154,0,0
3.74,0,-0.291648775,0,-0.248645216,0,0
3.745,0,-0.291648775,0,-0.247973293,0,0
3.75,0,-0.291648775,0,-0.247301355,0,0
3.755,0,-0.291648775,0,-0.246629417,0,0
3.76,0,-0.291648775,0,-0.245957494,0,0
3.765,0,-0.291648775,0,-0.245285571,0,0
3.77,0,-0.291648775,0,-0.244613633,0,0
3.775,0,-0.291648775,0,-0.243941709,0,0
3.78,0,-0.291648775,0,-0.243269771,0,0
3.785,0,-0.291648775,0,-0.242597833,0,0
3.79,0,-0.291648775,0,-0.24192591,0,0
3.795,0,-0.291648775,0,-0.241253972,0,0
3.8,0,-0.291648775,0,-0.240582049,0,0
3.805,0,-0.291648775,0,-0.239910126,0,0
3.81,0,-0.291648775,0,-0.239238188,0,0
3.815,0,-0.291648775,0,-0.23856625,0,0
3.82,0,-0.291648775,0,-0.237894326,0,0
3.825,0,-0.291648775,0,-0.237222388,0,0
3.83,0,-0.291648775,0,-0.236550465,0,0
3.835,0,-0.291648775,0,-0.235878542,0,0
3.84,0,-0.291648775,0,-0.235206604,0,0
3.845,0,-0.291648775,0,-0.234534666,0,0
3.85,0,-0.291648775,0,-0.233862743,0,0
3.855,0,-0.291648775,0,-0.233190805,0,0
3.86,0,-0.291648775,0,-0.232518882,0,0
3.865,0,-0.291648775,0,-0.231846958,0,0
3.87,0,-0.291648775,0,-0.23117502,0,0
3.875,0,-0.291648775,0,-0.230503082,0,0
3.88,0,-0.291648775,0,-0.229831159,0,0
3.885,0,-0.291648775,0,-0.229159221,0,0
3.89,0,-0.291648775,0,-0.228487298,0,0
3.895,0,-0.291648775,0,-0.227815375,0,0
3.9,0,-0.291648775,0,-0.227143437,0,0
3.905,0,-0.291648775,0,-0.226471499,0,0
3.91,0,-0.291648775,0,-0.225799575,0,0
3.915,0,-0.291648775,0,-0.225127637,0,0
3.92,0,-0.291648775,0,-0.224455714,0,0
3.925,0,-0.291648775,0,-0.223783791,0,0
3.93,0,-0.291648775,0,-0.223111853,0,0
3.935,0,-0.291648775,0,-0.22243993,0,0
3.94,0,-0.291648775,0,-0.221767992,0,0
3.945,0,-0.291648775,0,-0.221096069,0,0
3.95,0,-0.291648775,0,-0.220424131,0,0
3.955,0,-0.291648775,0,-0.219752192,0,0
3.96,0,-0.291648775,0,-0.219080269,0,0
3.965,0,-0.291648775,0,-0.218408331,0,0
3.97,0,-0.291648775,0,-0.217736408,0,0
3.975,0,-0.291648775,0,-0.21706447,0,0
3.98,0,-0.291648775,0,-0.216392547,0,0
3.985,0,-0.291648775,0,-0.215720624,0,0
3.99,0,-0.291648775,0,-0.215048686,0,0
3.995,0,-0.291648775,0,-0.214376763,0,0
4,0,-0.291648775,0,-0.213704824,0,0
4.005,0,-0.291648775,0,-0.213032901,0,0
4.01,0,-0.291648775,0,-0.212360963,0,0
4.015,0,-0.291648775,0,-0.211823419,0,0
4.02,0,-0.291648775,0,-0.211017102,0,0
4.025,0,-0.291648775,0,-0.210345164,0,0
4.03,0,-0.291648775,0,-0.209673241,0,0
4.035,0,-0.291648775,0,-0.209001303,0,0
4.04,0,-0.291648775,0,-0.20832938,0,0
4.045,0,-0.291648775,0,-0.207657456,0,0
4.05,0,-0.291648775,0,-0.206985518,0,0
4.055,0,-0.291648775,0,-0.206447974,0,0
4.06,0,-0.291648775,0,-0.205641657,0,0
4.065,0,-0.291648775,0,-0.204969734,0,0
4.07,0,-0.291648775,0,-0.204297796,0,0
4.075,0,-0.291648775,0,-0.203625873,0,0
4.08,0,-0.291648775,0,-0.202953935,0,0
4.085,0,-0.291648775,0,-0.202281997,0,0
4.09,0,-0.291648775,0,-0.201610073,0,0
4.095,0,-0.291648775,0,-0.201072529,0,0
4.1,0,-0.291648775,0,-0.200266212,0,0
4.105,0,-0.291648775,0,-0.199594274,0,0
4.11,0,-0.291648775,0,-0.198922351,0,0
4.115,0,-0.291648775,0,-0.198250428,0,0
4.12,0,-0.291648775,0,-0.19757849,0,0
4.125,0,-0.291648775,0,-0.196906567,0,0
4.13,0,-0.291648775,0,-0.196234629,0,0
4.135,0,-0.291648775,0,-0.195562705,0,0
4.14,0,-0.291648775,0,-0.194890767,0,0
4.145,0,-0.291648775,0,-0.194218829,0,0
4.15,0,-0.291648775,0,-0.193546906,0,0
4.155,0,-0.291648775,0,-0.192874968,0,0
4.16,0,-0.291648775,0,-0.192203045,0,0
4.165,0,-0.291648775,0,-0.191531107,0,0
4.17,0,-0.291648775,0,-0.190859184,0,0
4.175,0,-0.291648775,0,-0.190187261,0,0
4.18,0,-0.291648775,0,-0.189515322,0,0
4.185,0,-0.291648775,0,-0.188843399,0,0
4.19,0,-0.291648775,0,-0.188171461,0,0
4.195,0,-0.291648775,0,-0.187499538,0,0
4.2,0,-0.291648775,0,-0.1868276,0,0
4.205,0,-0.291648775,0,-0.186155662,0,0
4.21,0,-0.291648775,0,-0.185483739,0,0
4.215,0,-0.291648775,0,-0.184811801,0,0
4.22,0,-0.291648775,0,-0.184139878,0,0
4.225,0,-0.291648775,0,-0.183467939,0,0
4.23,0,-0.291648775,0,-0.182796016,0,0
4.235,0,-0.291648775,0,-0.182124093,0,0
4.24,0,-0.291648775,0,-0.181452155,0,0
4.245,0,-0.291648775,0,-0.180780232,0,0
4.25,0,-0.291648775,0,-0.180108294,0,0
4.255,0,-0.291648775,0,-0.179436371,0,0
4.26,0,-0.291648775,0,-0.178764433,0,0
4.265,0,-0.291648775,0,-0.178092495,0,0
4.27,0,-0.291648775,0,-0.177420571,0,0
4.275,0,-0.291648775,0,-0.176748633,0,0
4.28,0,-0.291648775,0,-0.17607671,0,0
4.285,0,-0.291648775,0,-0.175404772,0,0
4.29,0,-0.291648775,0,-0.174732849,0,0
4.295,0,-0.291648775,0,-0.174060911,0,0
4.3,0,-0.291648775,0,-0.173388988,0,0
4.305,0,-0.291648775,0,-0.172717065,0,0
4.31,0,-0.291648775,0,-0.172045127,0,0
4.315,0,-0.291648775,0,-0.171373203,0,0
4.32,0,-0.291648775,0,-0.170701265,0,0
4.325,0,-0.291648775,0,-0.170029342,0,0
4.33,0,-0.291648775,0,-0.169357404,0,0
4.335,0,-0.291648775,0,-0.168685466,0,0
4.34,0,-0.291648775,0,-0.168013543,0,0
4.345,0,-0.291648775,0,-0.167341605,0,0
4.35,0,-0.291648775,0,-0.166669682,0,0
4.355,0,-0.291648775,0,-0.165997744,0,0
4.36,0,-0.291648775,0,-0.16532582,0,0
4.365,0,-0.291648775,0,-0.164653897,0,0
4.37,0,-0.291648775,0,-0.163981959,0,0
4.375,0,-0.291648775,0,-0.163310036,0,0
4.38,0,-0.291648775,0,-0.162638098,0,0
4.385,0,-0.291648775,0,-0.161966175,0,0
4.39,0,-0.291648775,0,-0.161294237,0,0
4.395,0,-0.291648775,0,-0.160622299,0,0
4.4,0,-0.291648775,0,-0.159950376,0,0
4.405,0,-0.291648775,0,-0.159278437,0,0
4.41,0,-0.291648775,0,-0.158606514,0,0
4.415,0,-0.291648775,0,-0.157934576,0,0
4.42,0,-0.291648775,0,-0.157262653,0,0
4.425,0,-0.291648775,0,-0.15659073,0,0
4.43,0,-0.291648775,0,-0.155918792,0,0
4.435,0,-0.291648775,0,-0.155246869,0,0
4.44,0,-0.291648775,0,-0.154574931,0,0
4.445,0,-0.291648775,0,-0.153903008,0,0
4.45,0,-0.291648775,0,-0.153231069,0,0
4.455,0,-0.291648775,0,-0.152559146,0,0
4.46,0,-0.291648775,0,-0.151887208,0,0
4.465,0,-0.291648775,0,-0.151215285,0,0
4.47,0,-0.291648775,0,-0.150543347,0,0
4.475,0,-0.291648775,0,-0.149871424,0,0
4.48,0,-0.291648775,0,-0.149199501,0,0
4.485,0,-0.291648775,0,-0.148527548,0,0
4.49,0,-0.291648775,0,-0.147855625,0,0
4.495,0,-0.291648775,0,-0.147183686,0,0
4.5,0,-0.291648775,0,-0.146511763,0,0
4.505,0,-0.291648775,0,-0.145839825,0,0
4.51,0,-0.291648775,0,-0.145167902,0,0
4.515,0,-0.291648775,0,-0.144495964,0,0
4.52,0,-0.291648775,0,-0.143824041,0,0
4.525,0,-0.291648775,0,-0.143152103,0,0
4.53,0,-0.291648775,0,-0.14248018,0,0
4.535,0,-0.291648775,0,-0.141808242,0,0
4.54,0,-0.291648775,0,-0.141136318,0,0
4.545,0,-0.291648775,0,-0.140464395,0,0
4.55,0,-0.291648775,0,-0.139792457,0,0
4.555,0,-0.291648775,0,-0.139120534,0,0
4.56,0,-0.291648775,0,-0.138448596,0,0
4.565,0,-0.291648775,0,-0.137776673,0,0
4.57,0,-0.291648775,0,-0.137104735,0,0
4.575,0,-0.291648775,0,-0.136432812,0,0
4.58,0,-0.291648775,0,-0.135760874,0,0
4.585,0,-0.291648775,0,-0.13508895,0,0
4.59,0,-0.291648775,0,-0.134417012,0,0
4.595,0,-0.291648775,0,-0.133745089,0,0
4.6,0,-0.291648775,0,-0.133073151,0,0
4.605,0,-0.291648775,0,-0.132401228,0,0
4.61,0,-0.291648775,0,-0.131729275,0,0
4.615,0,-0.291648775,0,-0.131057352,0,0
4.62,0,-0.291648775,0,-0.130385429,0,0
4.625,0,-0.291648775,0,-0.129713491,0,0
4.63,0,-0.291648775,0,-0.129041567,0,0
4.635,0,-0.291648775,0,-0.128369629,0,0
4.64,0,-0.291648775,0,-0.127697706,0,0
4.645,0,-0.291648775,0,-0.127025768,0,0
4.65,0,-0.291648775,0,-0.126353845,0,0
4.655,0,-0.291648775,0,-0.125681907,0,0
4.66,0,-0.291648775,0,-0.125009984,0,0
4.665,0,-0.291648775,0,-0.124338053,0,0
4.67,0,-0.291648775,0,-0.123666123,0,0
4.675,0,-0.291648775,0,-0.122994192,0,0
4.68,0,-0.291648775,0,-0.122322261,0,0
4.685,0,-0.291648775,0,-0.121650331,0,0
4.69,0,-0.291648775,0,-0.1209784,0,0
4.695,0,-0.291648775,0,-0.12030647,0,0
4.7,0,-0.291648775,0,-0.119634546,0,0
4.705,0,-0.291648775,0,-0.118962616,0,0
4.71,0,-0.291648775,0,-0.118290685,0,0
4.715,0,-0.291648775,0,-0.117618755,0,0
4.72,0,-0.291648775,0,-0.116946824,0,0
4.725,0,-0.291648775,0,-0.116274893,0,0
4.73,0,-0.291648775,0,-0.115602963,0,0
4.735,0,-0.291648775,0,-0.114931017,0,0
4.74,0,-0.291648775,0,-0.114259087,0,0
4.745,0,-0.291648775,0,-0.113587156,0,0
4.75,0,-0.291648775,0,-0.112915225,0,0
4.755,0,-0.291648775,0,-0.112243295,0,0
4.76,0,-0.291648775,0,-0.111571364,0,0
4.765,0,-0.291648775,0,-0.110899433,0,0
4.77,0,-0.291648775,0,-0.11022751,0,0
4.775,0,-0.291648775,0,-0.10955558,0,0
4.78,0,-0.291648775,0,-0.108883649,0,0
4.785,0,-0.291648775,0,-0.108211718,0,0
4.79,0,-0.291648775,0,-0.107539788,0,0
4.795,0,-0.291648775,0,-0.106867857,0,0
4.8,0,-0.291648775,0,-0.106195927,0,0
4.805,0,-0.291648775,0,-0.105523996,0,0
4.81,0,-0.291648775,0,-0.104852065,0,0
4.815,0,-0.291648775,0,-0.104180135,0,0
4.82,0,-0.291648775,0,-0.103508204,0,0
4.825,0,-0.291648775,0,-0.102836281,0,0
4.83,0,-0.291648775,0,-0.10216435,0,0
4.835,0,-0.291648775,0,-0.10149242,0,0
4.84,0,-0.291648775,0,-0.100820489,0,0
4.845,0,-0.291648775,0,-0.100148559,0,0
4.85,0,-0.291648775,0,-0.099476628,0,0
4.855,0,-0.291648775,0,-0.0988046974,0,0
4.86,0,-0.291648775,0,-0.0981327519,0,0
4.865,0,-0.291648775,0,-0.0974608213,0,0
4.87,0,-0.291648775,0,-0.0967888907,0,0
4.875,0,-0.291648775,0,-0.09611696,0,0
4.88,0,-0.291648775,0,-0.0954450294,0,0
4.885,0,-0.291648775,0,-0.0947730988,0,0
4.89,0,-0.291648775,0,-0.0941011682,0,0
4.895,0,-0.291648775,0,-0.0934292451,0,0
4.9,0,-0.291648775,0,-0.0927573144,0,0
4.905,0,-0.291648775,0,-0.0920853838,0,0
4.91,0,-0.291648775,0,-0.0914134532,0,0
4.915,0,-0.291648775,0,-0.0907415226,0,0
4.92,0,-0.291648775,0,-0.090069592,0,0
4.925,0,-0.291648775,0,-0.0893976614,0,0
4.93,0,-0.291648775,0,-0.0887257308,0,0
4.935,0,-0.291648775,0,-0.0880538002,0,0
4.94,0,-0.291648775,0,-0.0873818696,0,0
4.945,0,-0.291648775,0,-0.0867099389,0,0
4.95,0,-0.291648775,0,-0.0860380158,0,0
4.955,0,-0.291648775,0,-0.0853660852,0,0
4.96,0,-0.291648775,0,-0.0846941546,0,0
4.965,0,-0.291648775,0,-0.0840222239,0,0
4.97,0,-0.291648775,0,-0.0833502933,0,0
4.975,0,-0.291648775,0,-0.0826783627,0,0
4.98,0,-0.291648775,0,-0.0820064321,0,0
4.985,0,-0.291648775,0,-0.0813344866,0,0
4.99,0,-0.291648775,0,-0.080662556,0,0
4.995,0,-0.291648775,0,-0.0799906254,0,0
5,0,-0.291648775,0,-0.0793186948,0,0
5.005,0,-0.291648775,0,-0.0786467642,0,0
5.01,0,-0.291648775,0,-0.0779748335,0,0
5.015,0,-0.291648775,0,-0.0773029029,0,0
5.02,0,-0.291648775,0,-0.0766309798,0,0
5.025,0,-0.291648775,0,-0.0759590492,0,0
5.03,0,-0.291648775,0,-0.0752871186,0,0
5.035,0,-0.291648775,0,-0.0746151879,0,0
5.04,0,-0.291648775,0,-0.0739432573,0,0
5.045,0,-0.291648775,0,-0.0732713267,0,0
5.05,0,-0.291648775,0,-0.0725993961,0,0
5.055,0,-0.291648775,0,-0.0719274655,0,0
5.06,0,-0.291648775,0,-0.0712555349,0,0
5.065,0,-0.291648775,0,-0.0705836043,0,0
5.07,0,-0.291648775,0,-0.0699116737,0,0
5.075,0,-0.291648775,0,-0.0692397505,0,0
5.08,0,-0.291648775,0,-0.0685678199,0,0
5.085,0,-0.291648775,0,-0.0678958893,0,0
5.09,0,-0.291648775,0,-0.0672239587,0,0
5.095,0,-0.291648775,0,-0.0665520281,0,0
5.1,0,-0.291648775,0,-0.0658800974,0,0
5.105,0,-0.291648775,0,-0.0652081668,0,0
5.11,0,-0.291648775,0,-0.0645362213,0,0
5.115,0,-0.291648775,0,-0.0638642907,0,0
5.12,0,-0.291648775,0,-0.0631923601,0,0
5.125,0,-0.291648775,0,-0.0625204295,0,0
5.13,0,-0.291648775,0,-0.0618485026,0,0
5.135,0,-0.291648775,0,-0.061176572,0,0
5.14,0,-0.291648775,0,-0.0605046414,0,0
5.145,0,-0.291648775,0,-0.0598327108,0,0
5.15,0,-0.291648775,0,-0.0591607802,0,0
5.155,0,-0.291648775,0,-0.0584888496,0,0
5.16,0,-0.291648775,0,-0.0578169227,0,0
5.165,0,-0.291648775,0,-0.0571449921,0,0
5.17,0,-0.291648775,0,-0.0564730614,0,0
5.175,0,-0.291648775,0,-0.0558011308,0,0
5.18,0,-0.291648775,0,-0.0551292002,0,0
5.185,0,-0.291648775,0,-0.0544572733,0,0
5.19,0,-0.291648775,0,-0.0537853427,0,0
5.195,0,-0.291648775,0,-0.0531134121,0,0
5.2,0,-0.291648775,0,-0.0524414815,0,0
5.205,0,-0.291648775,0,-0.0517695509,0,0
5.21,0,-0.291648775,0,-0.0510976203,0,0
5.215,0,-0.291648775,0,-0.0504256934,0,0
5.22,0,-0.291648775,0,-0.0497537628,0,0
5.225,0,-0.291648775,0,-0.0490818322,0,0
5.23,0,-0.291648775,0,-0.0484099016,0,0
5.235,0,-0.291648775,0,-0.047737956,0,0
5.24,0,-0.291648775,0,-0.0470660254,0,0
5.245,0,-0.291648775,0,-0.0463940948,0,0
5.25,0,-0.291648775,0,-0.0457221642,0,0
5.255,0,-0.291648775,0,-0.0450502373,0,0
5.26,0,-0.291648775,0,-0.0443783067,0,0
5.265,0,-0.291648775,0,-0.0437063761,0,0
5.27,0,-0.291648775,0,-0.0430344455,0,0
5.275,0,-0.291648775,0,-0.0423625149,0,0
5.28,0,-0.291648775,0,-0.0416905843,0,0
5.285,0,-0.291648775,0,-0.0410186574,0,0
5.29,0,-0.291648775,0,-0.0403467268,0,0
5.295,0,-0.291648775,0,-0.0396747962,0,0
5.3,0,-0.291648775,0,-0.0390028656,0,0
5.305,0,-0.291648775,0,-0.0383309349,0,0
5.31,0,-0.291648775,0,-0.0376590081,0,0
5.315,0,-0.291648775,0,-0.0369870774,0,0
5.32,0,-0.291648775,0,-0.0363151468,0,0
5.325,0,-0.291648775,0,-0.0356432162,0,0
5.33,0,-0.291648775,0,-0.0349712856,0,0
5.335,0,-0.291648775,0,-0.034299355,0,0
5.34,0,-0.291648775,0,-0.0336274281,0,0
5.345,0,-0.291648775,0,-0.0329554975,0,0
5.35,0,-0.291648775,0,-0.0322835669,0,0
5.355,0,-0.291648775,0,-0.0316116363,0,0
5.36,0,-0.291648775,0,-0.0309396908,0,0
5.365,0,-0.291648775,0,-0.0302677602,0,0
5.37,0,-0.291648775,0,-0.0295958314,0,0
5.375,0,-0.291648775,0,-0.0289239008,0,0
5.38,0,-0.291648775,0,-0.0282519702,0,0
5.385,0,-0.291648775,0,-0.0275800414,0,0
5.39,0,-0.291648775,0,-0.0269081108,0,0
5.395,0,-0.291648775,0,-0.0262361802,0,0
5.4,0,-0.291648775,0,-0.0255642515,0,0
5.405,0,-0.291648775,0,-0.0248923209,0,0
5.41,0,-0.291648775,0,-0.0242203902,0,0
5.415,0,-0.291648775,0,-0.0235484615,0,0
5.42,0,-0.291648775,0,-0.0228765309,0,0
5.425,0,-0.291648775,0,-0.0222045854,0,0
5.43,0,-0.291648775,0,-0.0215326715,0,0
5.435,0,-0.291648775,0,-0.0208607242,0,0
5.44,0,-0.291648775,0,-0.0201888103,0,0
5.445,0,-0.291648775,0,-0.0195168648,0,0
5.45,0,-0.291648775,0,-0.0188449509,0,0
5.455,0,-0.291648775,0,-0.0181730054,0,0
5.46,0,-0.291648775,0,-0.0175010916,0,0
5.465,0,-0.291648775,0,-0.0168291442,0,0
5.47,0,-0.291648775,0,-0.0161572304,0,0
5.475,0,-0.291648775,0,-0.0154852849,0,0
5.48,0,-0.291648775,0,-0.014813371,0,0
5.485,0,-0.291648775,0,-0.0141414255,0,0
5.49,0,-0.291648775,0,-0.0134695116,0,0
5.495,0,-0.291648775,0,-0.0127975652,0,0
5.5,0,-0.291648775,0,-0.0121256514,0,0
5.505,0,-0.291648775,0,-0.0114537049,0,0
5.51,0,-0.291648775,0,-0.0107817911,0,0
5.515,0,-0.291648775,0,-0.0101098455,0,0
5.52,0,-0.291648775,0,-0.0094379317,0,0
5.525,0,-0.291648775,0,-0.00876598526,0,0
5.53,0,-0.291648775,0,-0.00809407141,0,0
5.535,0,-0.291648775,0,-0.00742212543,0,0
5.54,0,-0.291648775,0,-0.00675021159,0,0
5.545,0,-0.291648775,0,-0.00607826561,0,0
5.55,0,-0.291648775,0,-0.00540631963,0,0
5.555,0,-0.291648775,0,-0.00473440578,0,0
5.56,0,-0.291648775,0,-0.0040624598,0,0
5.565,0,-0.291648775,0,-0.00339054572,0,0
5.57,0,-0.291648775,0,-0.00271859975,0,0
5.575,0,-0.291648775,0,-0.0020466859,0,0
5.58,0,-0.291648775,0,-0.0013747398,0,0
5.585,0,-0.291648775,0,-0.000702825841,0,0
5.59,0,-0.291648775,0,-3.08798553e-05,0,0
5.595,0,-0.291648775,0,0.000641034101,0,0
5.6,0,-0.291648775,0,0.00131298008,0,0
5.605,0,-0.291648775,0,0.00198489404,0,0
5.61,0,-0.291648775,0,0.00265684002,0,0
5.615,0,-0.291648775,0,0.00332875387,0,0
5.62,0,-0.291648775,0,0.00400070008,0,0
5.625,0,-0.291648775,0,0.00467261393,0,0
5.63,0,-0.291648775,0,0.0053445599,0,0
5.635,0,-0.291648775,0,0.00601647375,0,0
5.64,0,-0.291648775,0,0.00668841973,0,0
5.645,0,-0.291648775,0,0.00736033358,0,0
5.65,0,-0.291648775,0,0.00803228002,0,0
5.655,0,-0.291648775,0,0.00870419387,0,0
5.66,0,-0.291648775,0,0.00937613938,0,0
5.665,0,-0.291648775,0,0.0100480532,0,0
5.67,0,-0.291648775,0,0.0107199997,0,0
5.675,0,-0.291648775,0,0.0113919461,0,0
5.68,0,-0.291648775,0,0.01206386,0,0
5.685,0,-0.291648775,0,0.0127358055,0,0
5.69,0,-0.291648775,0,0.0134077193,0,0
5.695,0,-0.291648775,0,0.0140796658,0,0
5.7,0,-0.291648775,0,0.0147515796,0,0
5.705,0,-0.291648775,0,0.0154235251,0,0
5.71,0,-0.291648775,0,0.016095439,0,0
5.715,0,-0.291648775,0,0.0167673863,0,0
5.72,0,-0.291648775,0,0.0174393002,0,0
5.725,0,-0.291648775,0,0.0181112457,0,0
5.73,0,-0.291648775,0,0.0187831596,0,0
5.735,0,-0.291648775,0,0.0194551051,0,0
5.74,0,-0.291648775,0,0.0201270189,0,0
5.745,0,-0.291648775,0,0.0207989644,0,0
5.75,0,-0.291648775,0,0.0214708783,0,0
5.755,0,-0.291648775,0,0.0221428256,0,0
5.76,0,-0.291648775,0,0.0228147395,0,0
5.765,0,-0.291648775,0,0.023486685,0,0
5.77,0,-0.291648775,0,0.0241585989,0,0
5.775,0,-0.291648775,0,0.0248305444,0,0
5.78,0,-0.291648775,0,0.0255024582,0,0
5.785,0,-0.291648775,0,0.0261744056,0,0
5.79,0,-0.291648775,0,0.0268463194,0,0
5.795,0,-0.291648775,0,0.0275182649,0,0
5.8,0,-0.291648775,0,0.0281902105,0,0
5.805,0,-0.291648775,0,0.0288621243,0,0
5.81,0,-0.291648775,0,0.0295340717,0,0
5.815,0,-0.291648775,0,0.0302059855,0,0
5.82,0,-0.291648775,0,0.030877931,0,0
5.825,0,-0.291648775,0,0.0315498449,0,0
5.83,0,-0.291648775,0,0.0322217904,0,0
5.835,0,-0.291648775,0,0.0328937061,0,0
5.84,0,-0.291648775,0,0.0335656516,0,0
5.845,0,-0.291648775,0,0.0342375636,0,0
5.85,0,-0.291648775,0,0.0349095091,0,0
5.855,0,-0.291648775,0,0.0355814248,0,0
5.86,0,-0.291648775,0,0.0362533703,0,0
5.865,0,-0.291648775,0,0.0369252861,0,0
5.87,0,-0.291648775,0,0.0375972316,0,0
5.875,0,-0.291648775,0,0.0382691436,0,0
5.88,0,-0.291648775,0,0.0389410891,0,0
5.885,0,-0.291648775,0,0.0396130048,0,0
5.89,0,-0.291648775,0,0.0402849503,0,0
5.895,0,-0.291648775,0,0.040956866,0,0
5.9,0,-0.291648775,0,0.0416288115,0,0
5.905,0,-0.291648775,0,0.0423007235,0,0
5.91,0,-0.291648775,0,0.042972669,0,0
5.915,0,-0.291648775,0,0.0436445847,0,0
5.92,0,-0.291648775,0,0.0443165302,0,0
5.925,0,-0.291648775,0,0.0449884757,0,0
5.93,0,-0.291648775,0,0.0456603914,0,0
5.935,0,-0.291648775,0,0.046332337,0,0
5.94,0,-0.291648775,0,0.0470042489,0,0
5.945,0,-0.291648775,0,0.0476761945,0,0
5.95,0,-0.291648775,0,0.0483481102,0,0
5.955,0,-0.291648775,0,0.0490200557,0,0
5.96,0,-0.291648775,0,0.0496919714,0,0
5.965,0,-0.291648775,0,0.0503639169,0,0
5.97,0,-0.291648775,0,0.0510358289,0,0
5.975,0,-0.291648775,0,0.0517077744,0,0
5.98,0,-0.291648775,0,0.0523796901,0,0
5.985,0,-0.291648775,0,0.0530516356,0,0
5.99,0,-0.291648775,0,0.0537235513,0,0
5.995,0,-0.291648775,0,0.0543954968,0,0
6,0,-0.291648775,0,0.0550674088,0,0
6.005,0,-0.291648775,0,0.0557393543,0,0
6.01,0,-0.291648775,0,0.0564112701,0,0
6.015,0,-0.291648775,0,0.0570832156,0,0
6.02,0,-0.291648775,0,0.0577551313,0,0
6.025,0,-0.291648775,0,0.0584270768,0,0
6.03,0,-0.291648775,0,0.0590989888,0,0
6.035,0,-0.291648775,0,0.0597709343,0,0
6.04,0,-0.291648775,0,0.06044285,0,0
6.045,0,-0.291648775,0,0.0611147955,0,0
6.05,0,-0.291648775,0,0.061786741,0,0
6.055,0,-0.291648775,0,0.0624586567,0,0
6.06,0,-0.291648775,0,0.0631306022,0,0
6.065,0,-0.291648775,0,0.063802518,0,0
6.07,0,-0.291648775,0,0.0644744635,0,0
6.075,0,-0.291648775,0,0.0651463717,0,0
6.08,0,-0.291648775,0,0.0658183247,0,0
6.085,0,-0.291648775,0,0.0664902329,0,0
6.09,0,-0.291648775,0,0.0671621785,0,0
6.095,0,-0.291648775,0,0.0678340942,0,0
6.1,0,-0.291648775,0,0.0685060397,0,0
6.105,0,-0.291648775,0,0.0691779554,0,0
6.11,0,-0.291648775,0,0.0698499009,0,0
6.115,0,-0.291648775,0,0.0705218166,0,0
6.12,0,-0.291648775,0,0.0711937621,0,0
6.125,0,-0.291648775,0,0.0718656778,0,0
6.13,0,-0.291648775,0,0.0725376233,0,0
6.135,0,-0.291648775,0,0.0732095316,0,0
6.14,0,-0.291648775,0,0.0738814846,0,0
6.145,0,-0.291648775,0,0.0745533928,0,0
6.15,0,-0.291648775,0,0.0752253383,0,0
6.155,0,-0.291648775,0,0.075897254,0,0
6.16,0,-0.291648775,0,0.0765691996,0,0
6.165,0,-0.291648775,0,0.0772411153,0,0
6.17,0,-0.291648775,0,0.0779130608,0,0
6.175,0,-0.291648775,0,0.0785850063,0,0
6.18,0,-0.291648775,0,0.079256922,0,0
6.185,0,-0.291648775,0,0.0799288675,0,0
6.19,0,-0.291648775,0,0.0806007832,0,0
6.195,0,-0.291648775,0,0.0812727287,0,0
6.2,0,-0.291648775,0,0.081944637,0,0
6.205,0,-0.291648775,0,0.08261659,0,0
6.21,0,-0.291648775,0,0.0832884982,0,0
6.215,0,-0.291648775,0,0.0839604437,0,0
6.22,0,-0.291648775,0,0.0846323594,0,0
6.225,0,-0.291648775,0,0.085304305,0,0
6.23,0,-0.291648775,0,0.0859762207,0,0
6.235,0,-0.291648775,0,0.0866481662,0,0
6.24,0,-0.291648775,0,0.0873200819,0,0
6.245,0,-0.291648775,0,0.0879920274,0,0
6.25,0,-0.291648775,0,0.0886639431,0,0
6.255,0,-0.291648775,0,0.0893358886,0,0
6.26,0,-0.291648775,0,0.0900077969,0,0
6.265,0,-0.291648775,0,0.0906797498,0,0
6.27,0,-0.291648775,0,0.0913516581,0,0
6.275,0,-0.291648775,0,0.0920236036,0,0
6.28,0,-0.291648775,0,0.0926955193,0,0
6.285,0,-0.291648775,0,0.0933674648,0,0
6.29,0,-0.291648775,0,0.0940393806,0,0
6.295,0,-0.291648775,0,0.0947113261,0,0
6.3,0,-0.291648775,0,0.0953832716,0,0
6.305,0,-0.291648775,0,0.0960551873,0,0
6.31,0,-0.291648775,0,0.0967271328,0,0
6.315,0,-0.291648775,0,0.0973990485,0,0
6.32,0,-0.291648775,0,0.098070994,0,0
6.325,0,-0.291648775,0,0.0987429023,0,0
6.33,0,-0.291648775,0,0.0994148552,0,0
6.335,0,-0.291648775,0,0.100086764,0,0
6.34,0,-0.291648775,0,0.100758709,0,0
6.345,0,-0.291648775,0,0.101430625,0,0
6.35,0,-0.291648775,0,0.10210257,0,0
6.355,0,-0.291648775,0,0.102774486,0,0
6.36,0,-0.291648775,0,0.103446431,0,0
6.365,0,-0.291648775,0,0.104118347,0,0
6.37,0,-0.291648775,0,0.104790293,0,0
6.375,0,-0.291648775,0,0.105462208,0,0
6.38,0,-0.291648775,0,0.106134154,0,0
6.385,0,-0.291648775,0,0.106806062,0,0
6.39,0,-0.291648775,0,0.107478015,0,0
6.395,0,-0.291648775,0,0.108149923,0,0
6.4,0,-0.291648775,0,0.108821869,0,0
6.405,0,-0.291648775,0,0.109493785,0,0
6.41,0,-0.291648775,0,0.11016573,0,0
6.415,0,-0.291648775,0,0.110837646,0,0
6.42,0,-0.291648775,0,0.111509591,0,0
6.425,0,-0.291648775,0,0.112181537,0,0
6.43,0,-0.291648775,0,0.112853453,0,0
6.435,0,-0.291648775,0,0.113525398,0,0
6.44,0,-0.291648775,0,0.114197314,0,0
6.445,0,-0.291648775,0,0.114869259,0,0
6.45,0,-0.291648775,0,0.115541168,0,0
6.455,0,-0.291648775,0,0.116213121,0,0
6.46,0,-0.291648775,0,0.116885029,0,0
6.465,0,-0.291648775,0,0.117556974,0,0
6.47,0,-0.291648775,0,0.11822889,0,0
6.475,0,-0.291648775,0,0.118900836,0,0
6.48,0,-0.291648775,0,0.119572751,0,0
6.485,0,-0.291648775,0,0.120244697,0,0
6.49,0,-0.291648775,0,0.120916612,0,0
6.495,0,-0.291648775,0,0.121588558,0,0
6.5,0,-0.291648775,0,0.122260474,0,0
6.505,0,-0.291648775,0,0.122932419,0,0
6.51,0,-0.291648775,0,0.123604327,0,0
6.515,0,-0.291648775,0,0.12427628,0,0
6.52,0,-0.291648775,0,0.124948189,0,0
6.525,0,-0.291648775,0,0.125620142,0,0
6.53,0,-0.291648775,0,0.12629205,0,0
6.535,0,-0.291648775,0,0.126964003,0,0
6.54,0,-0.291648775,0,0.127635911,0,0
6.545,0,-0.291648775,0,0.128307849,0,0
6.55,0,-0.291648775,0,0.128979802,0,0
6.555,0,-0.291648775,0,0.12965171,0,0
6.56,0,-0.291648775,0,0.130323663,0,0
6.565,0,-0.291648775,0,0.130995572,0,0
6.57,0,-0.291648775,0,0.131667525,0,0
6.575,0,-0.291648775,0,0.132339433,0,0
6.58,0,-0.291648775,0,0.133011386,0,0
6.585,0,-0.291648775,0,0.133683294,0,0
6.59,0,-0.291648775,0,0.134355247,0,0
6.595,0,-0.291648775,0,0.135027155,0,0
6.6,0,-0.291648775,0,0.135699108,0,0
6.605,0,-0.291648775,0,0.136371017,0,0
6.61,0,-0.291648775,0,0.137042969,0,0
6.615,0,-0.291648775,0,0.137714878,0,0
6.62,0,-0.291648775,0,0.138386816,0,0
6.625,0,-0.291648775,0,0.139058739,0,0
6.63,0,-0.291648775,0,0.139730677,0,0
6.635,0,-0.291648775,0,0.1404026,0,0
6.64,0,-0.291648775,0,0.141074538,0,0
6.645,0,-0.291648775,0,0.141746461,0,0
6.65,0,-0.291648775,0,0.142418399,0,0
6.655,0,-0.291648775,0,0.143090323,0,0
6.66,0,-0.291648775,0,0.143762261,0,0
6.665,0,-0.291648775,0,0.144434169,0,0
6.67,0,-0.291648775,0,0.145106122,0,0
6.675,0,-0.291648775,0,0.145778075,0,0
6.68,0,-0.291648775,0,0.146449983,0,0
6.685,0,-0.291648775,0,0.147121921,0,0
6.69,0,-0.291648775,0,0.147793844,0,0
6.695,0,-0.291648775,0,0.148465782,0,0
6.7,0,-0.291648775,0,0.149137706,0,0
6.705,0,-0.291648775,0,0.149809644,0,0
6.71,0,-0.291648775,0,0.150481567,0,0
6.715,0,-0.291648775,0,0.151153505,0,0
6.72,0,-0.291648775,0,0.151825428,0,0
6.725,0,-0.291648775,0,0.152497366,0,0
6.73,0,-0.291648775,0,0.153169274,0,0
6.735,0,-0.291648775,0,0.153841227,0,0
6.74,0,-0.291648775,0,0.154513136,0,0
6.745,0,-0.291648775,0,0.155185089,0,0
6.75,0,-0.291648775,0,0.155856997,0,0
6.755,0,-0.291648775,0,0.15652895,0,0
6.76,0,-0.291648775,0,0.157200858,0,0
6.765,0,-0.291648775,0,0.157872811,0,0
6.77,0,-0.291648775,0,0.158544719,0,0
6.775,0,-0.291648775,0,0.159216672,0,0
6.78,0,-0.291648775,0,0.15988858,0,0
6.785,0,-0.291648775,0,0.160560533,0,0
6.79,0,-0.291648775,0,0.161232442,0,0
6.795,0,-0.291648775,0,0.161904395,0,0
6.8,0,-0.291648775,0,0.162576333,0,0
6.805,0,-0.291648775,0,0.163248241,0,0
6.81,0,-0.291648775,0,0.163920194,0,0
6.815,0,-0.291648775,0,0.164592102,0,0
6.82,0,-0.291648775,0,0.165264055,0,0
6.825,0,-0.291648775,0,0.165935963,0,0
6.83,0,-0.291648775,0,0.166607916,0,0
6.835,0,-0.291648775,0,0.167279825,0,0
6.84,0,-0.291648775,0,0.167951778,0,0
6.845,0,-0.291648775,0,0.168623686,0,0
6.85,0,-0.291648775,0,0.169295639,0,0
6.855,0,-0.291648775,0,0.169967547,0,0
6.86,0,-0.291648775,0,0.1706395,0,0
6.865,0,-0.291648775,0,0.171311408,0,0
6.87,0,-0.291648775,0,0.171983346,0,0
6.875,0,-0.291648775,0,0.17265527,0,0
6.88,0,-0.291648775,0,0.173327208,0,0
6.885,0,-0.291648775,0,0.173999131,0,0
6.89,0,-0.291648775,0,0.174671069,0,0
6.895,0,-0.291648775,0,0.175342992,0,0
6.9,0,-0.291648775,0,0.17601493,0,0
6.905,0,-0.291648775,0,0.176686853,0,0
6.91,0,-0.291648775,0,0.177358791,0,0
6.915,0,-0.291648775,0,0.178030699,0,0
6.92,0,-0.291648775,0,0.178702652,0,0
6.925,0,-0.291648775,0,0.179374605,0,0
6.93,0,-0.291648775,0,0.180046514,0,0
6.935,0,-0.291648775,0,0.180718452,0,0
6.94,0,-0.291648775,0,0.181390375,0,0
6.945,0,-0.291648775,0,0.182062313,0,0
6.95,0,-0.291648775,0,0.182734236,0,0
6.955,0,-0.291648775,0,0.183406174,0,0
6.96,0,-0.291648775,0,0.184078097,0,0
6.965,0,-0.291648775,0,0.184750035,0,0
6.97,0,-0.291648775,0,0.185421959,0,0
6.975,0,-0.291648775,0,0.186093897,0,0
6.98,0,-0.291648775,0,0.186765805,0,0
6.985,0,-0.291648775,0,0.187437758,0,0
6.99,0,-0.291648775,0,0.188109666,0,0
6.995,0,-0.291648775,0,0.188781619,0,0
7,0,-0.291648775,0,0.189453527,0,0
7.005,0,-0.291648775,0,0.19012548,0,0
7.01,0,-0.291648775,0,0.190797389,0,0
7.015,0,-0.291648775,0,0.191469342,0,0
7.02,0,-0.291648775,0,0.19214125,0,0
7.025,0,-0.291648775,0,0.192813203,0,0
7.03,0,-0.291648775,0,0.193485111,0,0
7.035,0,-0.291648775,0,0.194157064,0,0
7.04,0,-0.291648775,0,0.194828972,0,0
7.045,0,-0.291648775,0,0.19550091,0,0
7.05,0,-0.291648775,0,0.196172863,0,0
7.055,0,-0.291648775,0,0.196844772,0,0
7.06,0,-0.291648775,0,0.197516724,0,0
7.065,0,-0.291648775,0,0.198188633,0,0
7.07,0,-0.291648775,0,0.198860586,0,0
7.075,0,-0.291648775,0,0.199532494,0,0
7.08,0,-0.291648775,0,0.200204447,0,0
7.085,0,-0.291648775,0,0.200876355,0,0
7.09,0,-0.291648775,0,0.201548308,0,0
7.095,0,-0.291648775,0,0.202220216,0,0
7.1,0,-0.291648775,0,0.202892169,0,0
7.105,0,-0.291648775,0,0.203564078,0,0
7.11,0,-0.291648775,0,0.204236031,0,0
7.115,0,-0.291648775,0,0.204907939,0,0
7.12,0,-0.291648775,0,0.205579877,0,0
7.125,0,-0.291648775,0,0.2062518,0,0
7.13,0,-0.291648775,0,0.206923738,0,0
7.135,0,-0.291648775,0,0.207595661,0,0
7.14,0,-0.291648775,0,0.208267599,0,0
7.145,0,-0.291648775,0,0.208939523,0,0
7.15,0,-0.291648775,0,0.209611461,0,0
7.155,0,-0.291648775,0,0.210283384,0,0
7.16,0,-0.291648775,0,0.210955322,0,0
7.165,0,-0.291648775,0,0.21162723,0,0
7.17,0,-0.291648775,0,0.212299183,0,0
7.175,0,-0.291648775,0,0.212971136,0,0
7.18,0,-0.291648775,0,0.213643044,0,0
7.185,0,-0.291648775,0,0.214314982,0,0
7.19,0,-0.291648775,0,0.214986905,0,0
7.195,0,-0.291648775,0,0.215658844,0,0
7.2,0,-0.291648775,0,0.216330767,0,0
7.205,0,-0.291648775,0,0.217002705,0,0
7.21,0,-0.291648775,0,0.217674628,0,0
7.215,0,-0.291648775,0,0.218346566,0,0
7.22,0,-0.291648775,0,0.219018489,0,0
7.225,0,-0.291648775,0,0.219690427,0,0
7.23,0,-0.291648775,0,0.220362335,0,0
7.235,0,-0.291648775,0,0.221034288,0,0
7.24,0,-0.291648775,0,0.221706197,0,0
7.245,0,-0.291648775,0,0.22237815,0,0
7.25,0,-0.291648775,0,0.223050058,0,0
7.255,0,-0.291648775,0,0.223722011,0,0
7.26,0,-0.291648775,0,0.224393919,0,0
7.265,0,-0.291648775,0,0.225065872,0,0
7.27,0,-0.291648775,0,0.22573778,0,0
7.275,0,-0.291648775,0,0.226409733,0,0
7.28,0,-0.291648775,0,0.227081642,0,0
7.285,0,-0.291648775,0,0.227753595,0,0
7.29,0,-0.291648775,0,0.228425503,0,0
7.295,0,-0.291648775,0,0.229097456,0,0
7.3,0,-0.291648775,0,0.229769394,0,0
7.305,0,-0.291648775,0,0.230441302,0,0
7.31,0,-0.291648775,0,0.231113255,0,0
7.315,0,-0.291648775,0,0.231785163,0,0
7.32,0,-0.291648775,0,0.232457116,0,0
7.325,0,-0.291648775,0,0.233129025,0,0
7.33,0,-0.291648775,0,0.233800977,0,0
7.335,0,-0.291648775,0,0.234472886,0,0
7.34,0,-0.291648775,0,0.235144839,0,0
7.345,0,-0.291648775,0,0.235816747,0,0
7.35,0,-0.291648775,0,0.2364887,0,0
7.355,0,-0.291648775,0,0.237160608,0,0
7.36,0,-0.291648775,0,0.237832561,0,0
7.365,0,-0.291648775,0,0.238504469,0,0
7.37,0,-0.291648775,0,0.239176407,0,0
7.375,0,-0.291648775,0,0.239848331,0,0
7.38,0,-0.291648775,0,0.240520269,0,0
7.385,0,-0.291648775,0,0.241192192,0,0
7.39,0,-0.291648775,0,0.24186413,0,0
7.395,0,-0.291648775,0,0.242536053,0,0
7.4,0,-0.291648775,0,0.243207991,0,0
7.405,0,-0.291648775,0,0.243879914,0,0
7.41,0,-0.291648775,0,0.244551852,0,0
7.415,0,-0.291648775,0,0.245223761,0,0
7.42,0,-0.291648775,0,0.245895714,0,0
7.425,0,-0.291648775,0,0.246567667,0,0
7.43,0,-0.291648775,0,0.247239605,0,0
7.435,0,-0.291648775,0,0.247911483,0,0
7.44,0,-0.291648775,0,0.248583436,0,0
7.445,0,-0.291648775,0,0.249255374,0,0
7.45,0,-0.291648775,0,0.249927327,0,0
7.455,0,-0.291648775,0,0.250599205,0,0
7.46,0,-0.291648775,0,0.251271158,0,0
7.465,0,-0.291648775,0,0.251943111,0,0
7.47,0,-0.291648775,0,0.252615035,0,0
7.475,0,-0.291648775,0,0.253286928,0,0
7.48,0,-0.291648775,0,0.253958881,0,0
7.485,0,-0.291648775,0,0.254630834,0,0
7.49,0,-0.291648775,0,0.255302757,0,0
7.495,0,-0.291648775,0,0.25597465,0,0
7.5,0,-0.291648775,0,0.256646603,0,0
7.505,0,-0.291648775,0,0.257318527,0,0
7.51,0,-0.291648775,0,0.257990479,0,0
7.515,0,-0.291648775,0,0.258662373,0,0
7.52,0,-0.291648775,0,0.259334326,0,0
7.525,0,-0.291648775,0,0.260006249,0,0
7.53,0,-0.291648775,0,0.260678202,0,0
7.535,0,-0.291648775,0,0.261350095,0,0
7.54,0,-0.291648775,0,0.262022018,0,0
7.545,0,-0.291648775,0,0.262693971,0,0
7.55,0,-0.291648775,0,0.263365924,0,0
7.555,0,-0.291648775,0,0.264037877,0,0
7.56,0,-0.291648775,0,0.264709741,0,0
7.565,0,-0.291648775,0,0.265381694,0,0
7.57,0,-0.291648775,0,0.266053647,0,0
7.575,0,-0.291648775,0,0.2667256,0,0
7.58,0,-0.291648775,0,0.267397463,0,0
7.585,0,-0.291648775,0,0.268069416,0,0
7.59,0,-0.291648775,0,0.268741369,0,0
7.595,0,-0.291648775,0,0.269413322,0,0
7.6,0,-0.291648775,0,0.270085186,0,0
7.605,0,-0.291648775,0,0.270757139,0,0
7.61,0,-0.291648775,0,0.271429092,0,0
7.615,0,-0.291648775,0,0.272101045,0,0
7.62,0,-0.291648775,0,0.272772908,0,0
7.625,0,-0.291648775,0,0.273444861,0,0
7.63,0,-0.291648775,0,0.274116814,0,0
7.635,0,-0.291648775,0,0.274788737,0,0
7.64,0,-0.291648775,0,0.275460631,0,0
7.645,0,-0.291648775,0,0.276132584,0,0
7.65,0,-0.291648775,0,0.276804537,0,0
7.655,0,-0.291648775,0,0.27747646,0,0
7.66,0,-0.291648775,0,0.278148353,0,0
7.665,0,-0.291648775,0,0.278820306,0,0
7.67,0,-0.291648775,0,0.279492259,0,0
7.675,0,-0.291648775,0,0.280164182,0,0
7.68,0,-0.291648775,0,0.280836135,0,0
7.685,0,-0.291648775,0,0.281508029,0,0
7.69,0,-0.291648775,0,0.282179952,0,0
7.695,0,-0.291648775,0,0.282851905,0,0
7.7,0,-0.291648775,0,0.283523858,0,0
7.705,0,-0.291648775,0,0.284195751,0,0
7.71,0,-0.291648775,0,0.284867674,0,0
7.715,0,-0.291648775,0,0.285539627,0,0
7.72,0,-0.291648775,0,0.28621158,0,0
7.725,0,-0.291648775,0,0.286883444,0,0
7.73,0,-0.291648775,0,0.287555397,0,0
7.735,0,-0.291648775,0,0.28822735,0,0
7.74,0,-0.291648775,0,0.288899302,0,0
7.745,0,-0.291648775,0,0.289571166,0,0
7.75,0,-0.291648775,0,0.290243119,0,0
7.755,0,-0.291648775,0,0.290915072,0,0
7.76,0,-0.291648775,0,0.291587025,0,0
7.765,0,-0.291648775,0,0.292258888,0,0
7.77,0,-0.291648775,0,0.292930841,0,0
7.775,0,-0.291648775,0,0.293602794,0,0
7.78,0,-0.291648775,0,0.294274747,0,0
7.785,0,-0.291648775,0,0.294946611,0,0
7.79,0,-0.291648775,0,0.295618564,0,0
7.795,0,-0.291648775,0,0.296290517,0,0
7.8,0,-0.291648775,0,0.29696247,0,0
7.805,0,-0.291648775,0,0.297634393,0,0
7.81,0,-0.291648775,0,0.298306286,0,0
7.815,0,-0.291648775,0,0.298978239,0,0
7.82,0,-0.291648775,0,0.299650162,0,0
7.825,0,-0.291648775,0,0.300322115,0,0
7.83,0,-0.291648775,0,0.300994009,0,0
7.835,0,-0.291648775,0,0.301665962,0,0
7.84,0,-0.291648775,0,0.302337885,0,0
7.845,0,-0.291648775,0,0.303009838,0,0
7.85,0,-0.291648775,0,0.303681731,0,0
7.855,0,-0.291648775,0,0.304353654,0,0
7.86,0,-0.291648775,0,0.305025607,0,0
7.865,0,-0.291648775,0,0.30569756,0,0
7.87,0,-0.291648775,0,0.306369454,0,0
7.875,0,-0.291648775,0,0.307041377,0,0
7.88,0,-0.291648775,0,0.30771333,0,0
7.885,0,-0.291648775,0,0.308385283,0,0
7.89,0,-0.291648775,0,0.309057176,0,0
7.895,0,-0.291648775,0,0.309729099,0,0
7.9,0,-0.291648775,0,0.310401052,0,0
7.905,0,-0.291648775,0,0.311073005,0,0
7.91,0,-0.291648775,0,0.311744869,0,0
7.915,0,-0.291648775,0,0.312416822,0,0
7.92,0,-0.291648775,0,0.313088775,0,0
7.925,0,-0.291648775,0,0.313760728,0,0
7.93,0,-0.291648775,0,0.314432681,0,0
7.935,0,-0.291648775,0,0.315104544,0,0
7.94,0,-0.291648775,0,0.315776497,0,0
7.945,0,-0.291648775,0,0.31644845,0,0
7.95,0,-0.291648775,0,0.317120373,0,0
7.955,0,-0.291648775,0,0.317792267,0,0
7.96,0,-0.291648775,0,0.31846422,0,0
7.965,0,-0.291648775,0,0.319136173,0,0
7.97,0,-0.291648775,0,0.319808096,0,0
7.975,0,-0.291648775,0,0.320479989,0,0
7.98,0,-0.291648775,0,0.321151942,0,0
7.985,0,-0.291648775,0,0.321823895,0,0
7.99,0,-0.291648775,0,0.322495818,0,0
7.995,0,-0.291648775,0,0.323167711,0,0
8,0,-0.291648775,0,0.323839664,0,0
8.005,0,-0.291648775,0,0.324511588,0,0
8.01,0,-0.291648775,0,0.325183541,0,0
8.015,0,-0.291648775,0,0.325855434,0,0
8.02,0,-0.291648775,0,0.326527387,0,0
8.025,0,-0.291648775,0,0.32719931,0,0
8.03,0,-0.291648775,0,0.327736884,0,0
8.035,0,-0.291648775,0,0.328543156,0,0
8.04,0,-0.291648775,0,0.32921508,0,0
8.045,0,-0.291648775,0,0.329887033,0,0
8.05,0,-0.291648775,0,0.330558985,0,0
8.055,0,-0.291648775,0,0.331230938,0,0
8.06,0,-0.291648775,0,0.331902802,0,0
8.065,0,-0.291648775,0,0.332440376,0,0
8.07,0,-0.291648775,0,0.333246708,0,0
8.075,0,-0.291648775,0,0.333784223,0,0
8.08,0,-0.291648775,0,0.334590524,0,0
8.085,0,-0.291648775,0,0.335262477,0,0
8.09,0,-0.291648775,0,0.33593443,0,0
8.095,0,-0.291648775,0,0.336606383,0,0
8.1,0,-0.291648775,0,0.337278247,0,0
8.105,0,-0.291648775,0,0.3379502,0,0
8.11,0,-0.291648775,0,0.338487774,0,0
8.115,0,-0.291648775,0,0.339294106,0,0
8.12,0,-0.291648775,0,0.339965969,0,0
8.125,0,-0.291648775,0,0.340637922,0,0
8.13,0,-0.291648775,0,0.341309875,0,0
8.135,0,-0.291648775,0,0.341981798,0,0
8.14,-0.309639931,-0.291648775,-0.309639931,0.342653692,-0.309639931,-0.309639931
8.145,-0.309639931,-0.291648775,-0.309639931,0.343325645,0,-0.309639931
8.15,-0.310529351,-0.291648775,-0.310529351,0.343997598,-0.310529351,-0.310529351
8.155,-0.308918267,-0.291648775,-0.308918267,0.344535142,-0.308918267,-0.308918267
8.16,-0.308918267,-0.291648775,-0.306501657,0.345341414,-0.306501657,-0.306501657
8.165,-0.308918267,-0.291648775,-0.304487795,0.346013367,-0.304487795,-0.304487795
8.17,-0.308918267,-0.291648775,-0.302473933,0.34668529,-0.302473933,-0.302473933
8.175,-0.308918267,-0.291648775,-0.30046007,0.347357243,-0.30046007,-0.30046007
8.18,-0.309679747,-0.291648775,-0.309679747,0.348029196,-0.309679747,-0.309679747
8.185,-0.309679747,-0.291648775,-0.309826195,0.34870109,-0.309826195,-0.309826195
8.19,-0.309679747,-0.291648775,-0.309943348,0.349238634,-0.309943348,-0.309943348
8.195,-0.309679747,-0.291648775,-0.310119063,0.350044966,-0.310119063,-0.310119063
8.2,-0.311050922,-0.291648775,-0.311050922,0.350716919,-0.311050922,-0.311050922
8.205,-0.311050922,-0.291648775,-0.311393708,0.351388812,-0.311393708,-0.311393708
8.21,-0.311050922,-0.291648775,-0.311736494,0.352060735,-0.311736494,-0.311736494
8.215,-0.311050922,-0.291648775,-0.31207931,0.352732688,-0.31207931,-0.31207931
8.22,-0.311348557,-0.291648775,-0.311348557,0.353404641,-0.311348557,-0.311348557
8.225,-0.31117487,-0.291648775,-0.31117487,0.354076505,-0.31117487,-0.31117487
8.23,-0.311665744,-0.291648775,-0.311665744,0.354748458,-0.311665744,-0.311665744
8.235,-0.311665744,-0.291648775,-0.312156618,0.355420411,-0.312156618,-0.312156618
8.24,-0.312333673,-0.291648775,-0.312333673,0.356092364,-0.312333673,-0.312333673
8.245,-0.311855018,-0.291648775,-0.311855018,0.356764227,-0.311855018,-0.311855018
8.25,-0.311855018,-0.291648775,-0.311376363,0.35743618,-0.311376363,-0.311376363
8.255,-0.311855018,-0.291648775,-0.310897708,0.358108133,-0.310897708,-0.310897708
8.26,-0.312468499,-0.291648775,-0.312468499,0.358780086,-0.312468499,-0.312468499
8.265,-0.311398655,-0.291648775,-0.311398655,0.35945195,-0.311398655,-0.311398655
8.27,-0.311398655,-0.291648775,-0.310328811,0.360123903,-0.310328811,-0.310328811
8.275,-0.311398655,-0.291648775,-0.309258968,0.360795856,-0.309258968,-0.309258968
8.28,-0.311046153,-0.291648775,-0.311046153,0.361467808,-0.311046153,-0.311046153
8.285,-0.310797006,-0.291648775,-0.310797006,0.362139672,-0.310797006,-0.310797006
8.29,-0.310797006,-0.291648775,-0.310547858,0.362811625,-0.310547858,-0.310547858
8.295,-0.310797006,-0.291648775,-0.310298711,0.363483578,-0.310298711,-0.310298711
8.3,-0.31287691,-0.291648775,-0.31287691,0.364155531,-0.31287691,-0.31287691
8.305,-0.311785072,-0.291648775,-0.311785072,0.364827454,-0.311785072,-0.311785072
8.31,-0.311785072,-0.291648775,-0.310693234,0.365499347,-0.310693204,-0.310693204
8.315,-0.311785072,-0.291648775,-0.309601396,0.3661713,-0.309601396,-0.309601396
8.32,-0.311785072,-0.291648775,-0.308509558,0.366843224,-0.308509558,-0.308509558
8.325,-0.311785072,-0.291648775,-0.307417721,0.367515177,-0.307417721,-0.307417721
8.33,-0.312635243,-0.291648775,-0.312635243,0.36818707,-0.312635243,-0.312635243
8.335,-0.312019289,-0.291648775,-0.312019289,0.368859023,-0.312019289,-0.312019289
8.34,-0.309187204,-0.291648775,-0.309187204,0.369530946,-0.309187204,-0.309187204
8.345,-0.311733603,-0.291648775,-0.311733603,0.370202899,-0.311733603,-0.311733603
8.35,-0.311733603,-0.291648775,-0.314280003,0.370874792,-0.314280003,-0.314280003
8.355,-0.311733603,-0.291648775,-0.316826403,0.371546715,-0.316826403,-0.316826403
8.36,-0.311733603,-0.291648775,-0.319372803,0.372218668,-0.319372803,-0.319372803
8.365,-0.311733603,-0.291648775,-0.321919203,0.372890621,-0.321919203,-0.321919203
8.37,-0.312800229,-0.291648775,-0.312800229,0.373562515,-0.312800229,-0.312800229
8.375,-0.312742829,-0.291648775,-0.312742829,0.374234438,-0.312742829,-0.312742829
8.38,-0.312198669,-0.291648775,-0.312198669,0.374906391,-0.312198669,-0.312198669
8.385,-0.312198669,-0.291648775,-0.311654508,0.375578344,-0.311654508,-0.311654508
8.39,-0.309457034,-0.291648775,-0.309457034,0.376250237,-0.309457034,-0.309457034
8.395,-0.310867518,-0.291648775,-0.310867518,0.37692216,-0.310867518,-0.310867518
8.4,-0.310867518,-0.291648775,-0.312278003,0.377594113,-0.312278003,-0.312278003
8.405,-0.310867518,-0.291648775,-0.313688487,0.378266066,-0.313688487,-0.313688487
8.41,-0.308584958,-0.291648775,-0.308584958,0.37893793,-0.308584958,-0.308584958
8.415,-0.310352653,-0.291648775,-0.310352653,0.379609883,-0.310352653,-0.310352653
8.42,-0.310352653,-0.291648775,-0.312120348,0.380281836,-0.312120348,-0.312120348
8.425,-0.310352653,-0.291648775,-0.313888043,0.380953789,-0.313888043,-0.313888043
8.43,-0.310388774,-0.291648775,-0.310388774,0.381625742,-0.310388774,-0.310388774
8.435,-0.310848922,-0.291648775,-0.310848922,0.382297605,-0.310848922,-0.310848922
8.44,-0.310848922,-0.291648775,-0.311309069,0.382969558,-0.311309069,-0.311309069
8.445,-0.310848922,-0.291648775,-0.311769217,0.383641511,-0.311769217,-0.311769217
8.45,-0.309845746,-0.291648775,-0.309845746,0.384313434,-0.309845746,-0.309845746
8.455,-0.309707284,-0.291648775,-0.309707284,0.384985328,-0.309707284,-0.309707284
8.46,-0.309707284,-0.291648775,-0.309568822,0.385657281,-0.309568822,-0.309568822
8.465,-0.309707284,-0.291648775,-0.309430361,0.386329234,-0.309430361,-0.309430361
8.47,-0.309135139,-0.291648775,-0.309135139,0.387001157,-0.309135139,-0.309135139
8.475,-0.310171276,-0.291648775,-0.310171276,0.38767305,-0.310171276,-0.310171276
8.48,-0.310171276,-0.291648775,-0.311207414,0.388345003,-0.311207414,-0.311207414
8.485,-0.310171276,-0.291648775,-0.312243551,0.389016956,-0.312243551,-0.312243551
8.49,-0.308767587,-0.291648775,-0.308767587,0.389688879,-0.308767587,-0.308767587
8.495,-0.308396876,-0.291648775,-0.308396876,0.390360773,-0.308396876,-0.308396876
8.5,-0.308396876,-0.291648775,-0.308026165,0.391032726,-0.308026165,-0.308026165
8.505,-0.308396876,-0.291648775,-0.307655454,0.391704649,-0.307655454,-0.307655454
8.51,-0.310265362,-0.291648775,-0.310265362,0.392376602,-0.310265362,-0.310265362
8.515,-0.31040138,-0.291648775,-0.31040138,0.393048495,-0.31040138,-0.31040138
8.52,-0.31040138,-0.291648775,-0.310537398,0.393720448,-0.310537398,-0.310537398
8.525,-0.31040138,-0.291648775,-0.310673416,0.394392371,-0.310673416,-0.310673416
8.53,-0.310905278,-0.291648775,-0.310905278,0.395064324,-0.310905278,-0.310905278
8.535,-0.309418261,-0.291648775,-0.309418261,0.395736217,-0.309418261,-0.309418261
8.54,-0.309418261,-0.291648775,-0.307931244,0.396408141,-0.307931244,-0.307931244
8.545,-0.309418261,-0.291648775,-0.306444228,0.397080094,-0.306444228,-0.306444228
8.55,-0.311015993,-0.291648775,-0.311015993,0.397752047,-0.311015993,-0.311015993
8.555,-0.311490864,-0.291648775,-0.311490864,0.398424,-0.311490864,-0.311490864
8.56,-0.311490864,-0.291648775,-0.311965734,0.399095863,-0.311965734,-0.311965734
8.565,-0.311490864,-0.291648775,-0.312440604,0.399767816,-0.312440604,-0.312440604
8.57,-0.309527785,-0.291648775,-0.309527785,0.400439769,-0.309527785,-0.309527785
8.575,-0.309482634,-0.291648775,-0.309482634,0.401111722,-0.309482634,-0.309482634
8.58,-0.309482634,-0.291648775,-0.309437484,0.401783586,-0.309437484,-0.309437484
8.585,-0.309482634,-0.291648775,-0.309392333,0.402455539,-0.309392333,-0.309392333
8.59,-0.309532404,-0.291648775,-0.309532404,0.403127491,-0.309532404,-0.309532404
8.595,-0.309497952,-0.291648775,-0.309497952,0.403799444,-0.309497952,-0.309497952
8.6,-0.309497952,-0.291648775,-0.309463501,0.404471308,-0.309463501,-0.309463501
8.605,-0.309497952,-0.291648775,-0.309429049,0.405143261,-0.309429049,-0.309429049
8.61,-0.310952991,-0.291648775,-0.310952991,0.405815214,-0.310952991,-0.310952991
8.615,-0.310864627,-0.291648775,-0.310864627,0.406487167,-0.310864627,-0.310864627
8.62,-0.310864627,-0.291648775,-0.310776263,0.40715903,-0.310776263,-0.310776263
8.625,-0.310864627,-0.291648775,-0.3106879,0.407830983,-0.3106879,-0.3106879
8.63,-0.311453313,-0.291648775,-0.311453313,0.408502936,-0.311453313,-0.311453313
8.635,-0.310077906,-0.291648775,-0.310077906,0.40917486,-0.310077906,-0.310077906
8.64,-0.310077906,-0.291648775,-0.308702499,0.409846753,-0.308702499,-0.308702499
8.645,-0.310077906,-0.291648775,-0.307327092,0.410518706,-0.307327092,-0.307327092
8.65,-0.309652656,-0.291648775,-0.309652656,0.411190659,-0.309652656,-0.309652656
8.655,-0.311209947,-0.291648775,-0.311209947,0.411862582,-0.311209947,-0.311209947
8.66,-0.311209947,-0.291648775,-0.312767237,0.412534475,-0.312767237,-0.312767237
8.665,-0.311209947,-0.291648775,-0.314324528,0.413206428,-0.314324528,-0.314324528
8.67,-0.311133415,-0.291648775,-0.311133415,0.413878381,-0.311133415,-0.311133415
8.675,-0.310991466,-0.291648775,-0.310991466,0.414550304,-0.310991466,-0.310991466
8.68,-0.310991466,-0.291648775,-0.310849518,0.415222257,-0.310849518,-0.310849518
8.685,-0.310991466,-0.291648775,-0.310707569,0.415894151,-0.310707569,-0.310707569
8.69,-0.310783505,-0.291648775,-0.310783505,0.416566074,-0.310783505,-0.310783505
8.695,-0.310719907,-0.291648775,-0.310719907,0.417238027,-0.310719907,-0.310719907
8.7,-0.311381519,-0.291648775,-0.311381519,0.41790998,-0.311381519,-0.311381519
8.705,-0.311381519,-0.291648775,-0.31204313,0.418581873,-0.31204313,-0.31204313
8.71,-0.311489105,-0.291648775,-0.311489105,0.419253796,-0.311489105,-0.311489105
8.715,-0.311489105,-0.291648775,-0.311542898,0.419925749,-0.311542898,-0.311542898
8.72,-0.311489105,-0.291648775,-0.311596692,0.420597702,-0.311596692,-0.311596692
8.725,-0.311489105,-0.291648775,-0.311650485,0.421269566,-0.311650485,-0.311650485
8.73,-0.311489105,-0.291648775,-0.311704278,0.421941519,-0.311704278,-0.311704278
8.735,-0.311489105,-0.291648775,-0.311758071,0.422613472,-0.311758071,-0.311758071
8.74,-0.310765415,-0.291648775,-0.310765415,0.423285425,0,0
8.745,-0.31162411,-0.291648775,-0.31162411,0.423957288,0,0
8.75,-0.311253905,-0.291648775,-0.311253905,0.424629241,0,0
8.755,-0.309142321,-0.291648775,-0.309142321,0.425301194,0,0
8.76,-0.311086208,-0.291648775,-0.311086208,0.425973147,0,0
8.765,-0.311086208,-0.291648775,-0.313030094,0.426645011,0,0
8.77,-0.311086208,-0.291648775,-0.31497398,0.427316964,0,0
8.775,-0.311086208,-0.291648775,-0.316917866,0.427988917,0,0
8.78,-0.310725182,-0.291648775,-0.310725182,0.42866087,0,0
8.785,-0.310891211,-0.291648775,-0.310891211,0.429332733,0,0
8.79,-0.310891211,-0.291648775,-0.31105724,0.430004686,0,0
8.795,-0.310891211,-0.291648775,-0.311223269,0.430676639,0,0
8.8,-0.310967326,-0.291648775,-0.310967326,0.431348592,0,0
8.805,-0.31096828,-0.291648775,-0.31096828,0.432020515,0,0
8.81,-0.31096828,-0.291648775,-0.310969234,0.432692409,0,0
8.815,-0.31096828,-0.291648775,-0.310970187,0.433364362,0,0
8.82,-0.311308324,-0.291648775,-0.311308324,0.434036285,0,0
8.825,-0.310869992,-0.291648775,-0.310869992,0.434708238,0,0
8.83,-0.310869992,-0.291648775,-0.310431659,0.435380131,0,0
8.835,-0.310869992,-0.291648775,-0.309993327,0.436052084,0,0
8.84,-0.310312063,-0.291648775,-0.310312063,0.436724007,0,0
8.845,-0.310316592,-0.291648775,-0.310316592,0.43739596,0,0
8.85,-0.310316592,-0.291648775,-0.310321122,0.438067853,0,0
8.855,-0.310316592,-0.291648775,-0.310325652,0.438739777,0,0
8.86,-0.310784429,-0.291648775,-0.310784429,0.43941173,0,0
8.865,-0.311865062,-0.291648775,-0.311865062,0.440083683,0,0
8.87,-0.311865062,-0.291648775,-0.312945694,0.440755576,0,0
8.875,-0.311865062,-0.291648775,-0.314026326,0.441427499,0,0
8.88,-0.311331093,-0.291648775,-0.311331093,0.442099452,0,0
8.885,-0.311171353,-0.291648775,-0.311171353,0.442771405,0,0
8.89,-0.311171353,-0.291648775,-0.311011612,0.443443298,0,0
8.895,-0.311171353,-0.291648775,-0.310851872,0.444115222,0,0
8.9,-0.310276538,-0.291648775,-0.310276538,0.444787174,0,0
8.905,-0.310225993,-0.291648775,-0.310225993,0.445459127,0,0
8.91,-0.310225993,-0.291648775,-0.310175449,0.446130991,0,0
8.915,-0.310225993,-0.291648775,-0.310124904,0.446802944,0,0
8.92,-0.309779614,-0.291648775,-0.309779614,0.447474897,0,0
8.925,-0.312423795,-0.291648775,-0.312423795,0.44814685,0,0
8.93,-0.312423795,-0.291648775,-0.315067977,0.448818803,0,0
8.935,-0.312423795,-0.291648775,-0.317712158,0.449490666,0,0
8.94,-0.311680228,-0.291648775,-0.311680228,0.450162619,0,0
8.945,-0.311831445,-0.291648775,-0.311831445,0.450834572,0,0
8.95,-0.311831445,-0.291648775,-0.311982661,0.451506495,0,0
8.955,-0.311831445,-0.291648775,-0.312133878,0.452178389,0,0
8.96,-0.310358524,-0.291648775,-0.310358524,0.452850342,0,0
8.965,-0.310961336,-0.291648775,-0.310961336,0.453522295,0,0
8.97,-0.310961336,-0.291648775,-0.311564147,0.454194218,0,0
8.975,-0.310961336,-0.291648775,-0.312166959,0.454866111,0,0
8.98,-0.30965513,-0.291648775,-0.30965513,0.455538064,0,0
8.985,-0.309617698,-0.291648775,-0.309617698,0.456210017,0,0
8.99,-0.309617698,-0.291648775,-0.309580266,0.45688194,0,0
8.995,-0.309617698,-0.291648775,-0.309542835,0.457553834,0,0
9,-0.311049163,-0.291648775,-0.311049163,0.458225787,0,0
9.005,-0.311041564,-0.291648775,-0.311041564,0.45889771,0,0
9.01,-0.313730478,-0.291648775,-0.313730478,0.459569663,0,0
9.015,-0.313730478,-0.291648775,-0.316419393,0.460241556,0,0
9.02,-0.31032297,-0.291648775,-0.31032297,0.460913509,0,0
9.025,-0.31032297,-0.291648775,-0.308619231,0.461585432,0,0
9.03,-0.31032297,-0.291648775,-0.306915462,0.462257385,0,0
9.035,-0.31032297,-0.291648775,-0.305211723,0.462929279,0,0
9.04,-0.309468567,-0.291648775,-0.309468567,0.463601202,-0.309468567,-0.309468567
9.045,-0.30976212,-0.291648775,-0.30976212,0.464273155,-0.30976212,-0.30976212
9.05,-0.30976212,-0.291648775,-0.310055673,0.464945108,-0.310055673,-0.310055673
9.055,-0.30976212,-0.291648775,-0.310349226,0.465617061,-0.310349226,-0.310349226
9.06,-0.310599118,-0.291648775,-0.310599118,0.466288924,-0.310599118,-0.310599118
9.065,-0.309998363,-0.291648775,-0.309998363,0.466960877,-0.309998363,-0.309998363
9.07,-0.309059918,-0.291648775,-0.309059918,0.46763283,-0.309059918,-0.309059918
9.075,-0.309059918,-0.291648775,-0.308121473,0.468304783,-0.308121473,-0.308121473
9.08,-0.310365975,-0.291648775,-0.310365975,0.468976647,-0.310365975,-0.310365975
9.085,-0.30959478,-0.291648775,-0.30959478,0.4696486,-0.30959478,-0.30959478
9.09,-0.30959478,-0.291648775,-0.308823586,0.470320553,-0.308823586,-0.308823586
9.095,-0.30959478,-0.291648775,-0.308052391,0.470992506,-0.308052391,-0.308052391
9.1,-0.310640186,-0.291648775,-0.310640186,0.471664369,-0.310640186,-0.310640186
9.105,-0.310523331,-0.291648775,-0.310523331,0.472336322,-0.310523331,-0.310523331
9.11,-0.310523331,-0.291648775,-0.310406476,0.473008275,-0.310406476,-0.310406476
9.115,-0.310523331,-0.291648775,-0.310289621,0.473680228,-0.310289621,-0.310289621
9.12,-0.310523331,-0.291648775,-0.310172766,0.474352092,-0.310172766,-0.310172766
9.125,-0.31055823,-0.291648775,-0.31055823,0.475024045,-0.31055823,-0.31055823
9.13,-0.314136922,-0.291648775,-0.314136922,0.475695997,-0.314136922,-0.314136922
9.135,-0.314136922,-0.291648775,-0.317715615,0.476367921,-0.317715615,-0.317715615
9.14,-0.314136922,-0.291648775,-0.321294308,0.477039814,-0.321294308,-0.321294308
9.145,-0.314136922,-0.291648775,-0.324873,0.477711767,-0.324873,-0.324873
9.15,-0.309742391,-0.291648775,-0.309742391,0.47838372,0,-0.324873
9.155,-0.310193151,-0.291648775,-0.310193151,0.479055643,0,-0.324873
9.16,-0.310193151,-0.291648775,-0.310643911,0.479727536,0,-0.324873
9.165,-0.310193151,-0.291648775,-0.311094671,0.480399489,0,-0.324873
9.17,-0.309881777,-0.291648775,-0.309881777,0.481071413,0,-0.324873
9.175,-0.310409307,-0.291648775,-0.310409307,0.481743366,0,-0.324873
9.18,-0.310409307,-0.291648775,-0.310936838,0.482415318,0,-0.324873
9.185,-0.310409307,-0.291648775,-0.311464369,0.483087212,0,-0.324873
9.19,-0.309957951,-0.291648775,-0.309957951,0.483759135,0,-0.324873
9.195,-0.314074725,-0.291648775,-0.314074725,0.484431088,0,-0.324873
9.2,-0.314074725,-0.291648775,-0.318191499,0.485103041,-0.318191528,-0.318191528
9.205,-0.314074725,-0.291648775,-0.322308272,0.485774934,-0.322308272,-0.322308272
9.21,-0.310026497,-0.291648775,-0.310026497,0.486446857,0,-0.322308272
9.215,-0.311315566,-0.291648775,-0.311315566,0.48711881,0,-0.322308272
9.22,-0.311315566,-0.291648775,-0.312604636,0.487790763,0,-0.322308272
9.225,-0.311315566,-0.291648775,-0.313893706,0.488462627,0,-0.322308272
9.23,-0.310314327,-0.291648775,-0.310314327,0.48913458,0,-0.322308272
9.235,-0.309797734,-0.291648775,-0.309797734,0.489806533,0,-0.322308272
9.24,-0.309797734,-0.291648775,-0.309281141,0.490478486,0,-0.322308272
9.245,-0.309797734,-0.291648775,-0.308764547,0.491150349,0,-0.322308272
9.25,-0.310301989,-0.291648775,-0.310301989,0.491822302,0,-0.322308272
9.255,-0.309154063,-0.291648775,-0.309154063,0.492494255,0,-0.322308272
9.26,-0.309154063,-0.291648775,-0.308006138,0.493166208,0,-0.322308272
9.265,-0.309154063,-0.291648775,-0.306858212,0.493838072,0,-0.322308272
9.27,-0.310993731,-0.291648775,-0.310993731,0.494510025,0,-0.322308272
9.275,-0.310949892,-0.291648775,-0.310949892,0.495181978,0,-0.322308272
9.28,-0.310949892,-0.291648775,-0.310906053,0.495853931,0,-0.322308272
9.285,-0.310949892,-0.291648775,-0.310862213,0.496525794,-0.310862213,-0.310862213
9.29,-0.310172558,-0.291648775,-0.310172558,0.497197747,-0.310172558,-0.310172558
9.295,-0.310581982,-0.291648775,-0.310581982,0.4978697,-0.310581982,-0.310581982
9.3,-0.310581982,-0.291648775,-0.310991406,0.498541653,-0.310991406,-0.310991406
9.305,-0.310581982,-0.291648775,-0.311400831,0.499213576,-0.311400831,-0.311400831
9.31,-0.309549123,-0.291648775,-0.309549123,0.49988547,-0.309549123,-0.309549123
9.315,-0.309362441,-0.291648775,-0.309362441,0.500557423,-0.309362441,-0.309362441
9.32,-0.309362441,-0.291648775,-0.30917576,0.501229346,-0.30917576,-0.30917576
9.325,-0.309362441,-0.291648775,-0.308989078,0.501901329,-0.308989078,-0.308989078
9.33,-0.310711175,-0.291648775,-0.310711175,0.502573192,-0.310711175,-0.310711175
9.335,-0.310795993,-0.291648775,-0.310795993,0.503245115,-0.310795993,-0.310795993
9.34,-0.310795993,-0.291648775,-0.31088081,0.503917098,-0.31088081,-0.31088081
9.345,-0.310795993,-0.291648775,-0.310965627,0.504589021,-0.310965627,-0.310965627
9.35,-0.31046319,-0.291648775,-0.31046319,0.505260885,-0.31046319,-0.31046319
9.355,-0.310560226,-0.291648775,-0.310560226,0.505932868,-0.310560226,-0.310560226
9.36,-0.310560226,-0.291648775,-0.310657263,0.506604791,-0.310657263,-0.310657263
9.365,-0.310560226,-0.291648775,-0.310754299,0.507276773,-0.310754299,-0.310754299
9.37,-0.310628623,-0.291648775,-0.310628623,0.507948637,-0.310628623,-0.310628623
9.375,-0.310340494,-0.291648775,-0.310340494,0.50862056,-0.310340494,-0.310340494
9.38,-0.310340494,-0.291648775,-0.310052365,0.509292543,-0.310052365,-0.310052365
9.385,-0.310340494,-0.291648775,-0.309764236,0.509964466,-0.309764236,-0.309764236
9.39,-0.310918123,-0.291648775,-0.310918123,0.51063633,-0.310918123,-0.310918123
9.395,-0.310420513,-0.291648775,-0.310420513,0.511308312,-0.310420513,-0.310420513
9.4,-0.310420513,-0.291648775,-0.309922904,0.511980236,-0.309922904,-0.309922904
9.405,-0.310420513,-0.291648775,-0.309425294,0.512652159,-0.309425294,-0.309425294
9.41,-0.310844988,-0.291648775,-0.310844988,0.513324082,-0.310844988,-0.310844988
9.415,-0.31098491,-0.291648775,-0.31098491,0.513996005,-0.31098491,-0.31098491
9.42,-0.310272723,-0.291648775,-0.310272723,0.514667988,-0.310272723,-0.310272723
9.425,-0.310272723,-0.291648775,-0.309560537,0.515339911,-0.309560537,-0.309560537
9.43,-0.310479373,-0.291648775,-0.310479373,0.516011834,-0.310479373,-0.310479373
9.435,-0.310547411,-0.291648775,-0.310547411,0.516683757,-0.310547411,-0.310547411
9.44,-0.310547411,-0.291648775,-0.31061545,0.51735568,-0.31061545,-0.31061545
9.445,-0.310547411,-0.291648775,-0.310683489,0.518027604,-0.310683489,-0.310683489
9.45,-0.310502261,-0.291648775,-0.310502261,0.518699586,-0.310502261,-0.310502261
9.455,-0.310427338,-0.291648775,-0.310427338,0.51937145,-0.310427338,-0.310427338
9.46,-0.310427338,-0.291648775,-0.310352415,0.520043373,-0.310352415,-0.310352415
9.465,-0.310427338,-0.291648775,-0.310277492,0.520715356,-0.310277492,-0.310277492
9.47,-0.31112045,-0.291648775,-0.31112045,0.521387279,-0.31112045,-0.31112045
9.475,-0.310784549,-0.291648775,-0.310784549,0.522059143,-0.310784549,-0.310784549
9.48,-0.310784549,-0.291648775,-0.310448647,0.522731125,-0.310448647,-0.310448647
9.485,-0.310784549,-0.291648775,-0.310112745,0.523403049,-0.310112715,-0.310112715
9.49,-0.310629785,-0.291648775,-0.310629785,0.524075031,-0.310629785,-0.310629785
9.495,-0.310657769,-0.291648775,-0.310657769,0.524746895,-0.310657769,-0.310657769
9.5,-0.310657769,-0.291648775,-0.310685754,0.525418818,-0.310685754,-0.310685754
9.505,-0.310657769,-0.291648775,-0.310713738,0.526090801,-0.310713738,-0.310713738
9.51,-0.310089618,-0.291648775,-0.310089618,0.526762724,-0.310089618,-0.310089618
9.515,-0.310244083,-0.291648775,-0.310244083,0.527434587,-0.310244083,-0.310244083
9.52,-0.310244083,-0.291648775,-0.310398549,0.52810657,-0.310398549,-0.310398549
9.525,-0.310244083,-0.291648775,-0.310553014,0.528778493,-0.310553014,-0.310553014
9.53,-0.310244083,-0.291648775,-0.31070748,0.529450476,-0.31070748,-0.31070748
9.535,-0.310244083,-0.291648775,-0.310861945,0.53012234,-0.310861915,-0.310861915
9.54,-0.310555905,-0.291648775,-0.310555905,0.530794263,-0.310555905,-0.310555905
9.545,-0.310427785,-0.291648775,-0.310427785,0.531466246,-0.310427785,-0.310427785
9.55,-0.310399801,-0.291648775,-0.310399801,0.532138169,-0.310399801,-0.310399801
9.555,-0.310419142,-0.291648775,-0.310419142,0.532810092,-0.310419142,-0.310419142
9.56,-0.310419142,-0.291648775,-0.310438484,0.533482015,-0.310438484,-0.310438484
9.565,-0.310419142,-0.291648775,-0.310457826,0.534153938,-0.310457826,-0.310457826
9.57,-0.310419142,-0.291648775,-0.310477167,0.534825861,-0.310477167,-0.310477167
9.575,-0.310419142,-0.291648775,-0.310496509,0.535497844,-0.310496509,-0.310496509
9.58,-0.310518771,-0.291648775,-0.310518771,0.536169708,-0.310518771,-0.310518771
9.585,-0.310846806,-0.291648775,-0.310846806,0.536841691,-0.310846806,-0.310846806
9.59,-0.310846806,-0.291648775,-0.31117484,0.537513614,-0.31117484,-0.31117484
9.595,-0.310846806,-0.291648775,-0.311502874,0.538185537,-0.311502874,-0.311502874
9.6,-0.311128706,-0.291648775,-0.311128706,0.53885746,-0.311128706,-0.311128706
9.605,-0.311068088,-0.291648775,-0.311068088,0.539529383,-0.311068088,-0.311068088
9.61,-0.311068088,-0.291648775,-0.31100747,0.540201306,-0.31100747,-0.31100747
9.615,-0.311068088,-0.291648775,-0.310946852,0.540873289,-0.310946852,-0.310946852
9.62,-0.310314029,-0.291648775,-0.310314029,0.541545153,-0.310314029,-0.310314029
9.625,-0.31030938,-0.291648775,-0.31030938,0.542217076,-0.31030938,-0.31030938
9.63,-0.31030938,-0.291648775,-0.310304731,0.542889059,-0.310304731,-0.310304731
9.635,-0.31030938,-0.291648775,-0.310300082,0.543560982,-0.310300082,-0.310300082
9.64,-0.309631199,-0.291648775,-0.309631199,0.544232905,-0.309631199,-0.309631199
9.645,-0.310726553,-0.291648775,-0.310726553,0.544904828,-0.310726553,-0.310726553
9.65,-0.310726553,-0.291648775,-0.311821908,0.545576751,-0.311821908,-0.311821908
9.655,-0.310726553,-0.291648775,-0.312917262,0.546248734,-0.312917262,-0.312917262
9.66,-0.310755372,-0.291648775,-0.310755372,0.546920598,-0.310755372,-0.310755372
9.665,-0.310942173,-0.291648775,-0.310942173,0.547592521,-0.310942173,-0.310942173
9.67,-0.310942173,-0.291648775,-0.311128974,0.548264503,-0.311128974,-0.311128974
9.675,-0.310942173,-0.291648775,-0.311315775,0.548936427,-0.311315775,-0.311315775
9.68,-0.310115844,-0.291648775,-0.310115844,0.549608409,-0.310115844,-0.310115844
9.685,-0.309926271,-0.291648775,-0.309926271,0.550280273,-0.309926271,-0.309926271
9.69,-0.309926271,-0.291648775,-0.309736699,0.550952196,-0.309736699,-0.309736699
9.695,-0.309926271,-0.291648775,-0.309547126,0.551624179,-0.309547126,-0.309547126
9.7,-0.31008774,-0.291648775,-0.31008774,0.552296102,-0.31008774,-0.31008774
9.705,-0.311185449,-0.291648775,-0.311185449,0.552967966,-0.311185449,-0.311185449
9.71,-0.311185449,-0.291648775,-0.312283158,0.553639948,-0.312283158,-0.312283158
9.715,-0.311185449,-0.291648775,-0.313380867,0.554311872,-0.313380867,-0.313380867
9.72,-0.312256783,-0.291648775,-0.312256783,0.554983795,-0.312256783,-0.312256783
9.725,-0.311312258,-0.291648775,-0.311312258,0.555655718,-0.311312258,-0.311312258
9.73,-0.311312258,-0.291648775,-0.310367733,0.556327641,-0.310367733,-0.310367733
9.735,-0.311312258,-0.291648775,-0.309423208,0.556999624,-0.309423208,-0.309423208
9.74,-0.310935587,-0.291648775,-0.310935587,0.557671547,0,0
9.745,-0.310819864,-0.291648775,-0.310819864,0.55834341,0,0
9.75,-0.310819864,-0.291648775,-0.310704142,0.559015393,0,0
9.755,-0.310819864,-0.291648775,-0.310588419,0.559687316,0,0
9.76,-0.310351014,-0.291648775,-0.310351014,0.56035924,0,0
9.765,-0.311006635,-0.291648775,-0.311006635,0.561031163,0,0
9.77,-0.311006635,-0.291648775,-0.311662257,0.561703086,0,0
9.775,-0.311006635,-0.291648775,-0.312317878,0.562375009,0,0
9.78,-0.311394483,-0.291648775,-0.311394483,0.563046992,0,0
9.785,-0.311178952,-0.291648775,-0.311178952,0.563718855,0,0
9.79,-0.311178952,-0.291648775,-0.310963422,0.564390779,0,0
9.795,-0.311178952,-0.291648775,-0.310747892,0.565062761,0,0
9.8,-0.310258448,-0.291648775,-0.310258448,0.565734684,0,0
9.805,-0.310433835,-0.291648775,-0.310433835,0.566406667,0,0
9.81,-0.310166478,-0.291648775,-0.310166478,0.567078531,0,0
9.815,-0.310166478,-0.291648775,-0.309899122,0.567750454,0,0
9.82,-0.311293572,-0.291648775,-0.311293572,0.568422437,0,0
9.825,-0.310839772,-0.291648775,-0.310839772,0.56909436,0,0
9.83,-0.310839772,-0.291648775,-0.310385972,0.569766223,0,0
9.835,-0.310839772,-0.291648775,-0.309932172,0.570438206,0,0
9.84,-0.310902238,-0.291648775,-0.310902238,0.571110129,0,0
9.845,-0.310798973,-0.291648775,-0.310798973,0.571782112,0,0
9.85,-0.310798973,-0.291648775,-0.310695708,0.572453976,0,0
9.855,-0.310798973,-0.291648775,-0.310592443,0.573125899,0,0
9.86,-0.310594916,-0.291648775,-0.310594916,0.573797882,0,0
9.865,-0.310783774,-0.291648775,-0.310783774,0.574469805,0,0
9.87,-0.310783774,-0.291648775,-0.310972631,0.575141668,0,0
9.875,-0.310783774,-0.291648775,-0.311161488,0.575813651,0,0
9.88,-0.310570061,-0.291648775,-0.310570061,0.576485574,0,0
9.885,-0.311122328,-0.291648775,-0.311122328,0.577157497,0,0
9.89,-0.311122328,-0.291648775,-0.311674595,0.577829421,0,0
9.895,-0.311122328,-0.291648775,-0.312226862,0.578501344,0,0
9.9,-0.310964763,-0.291648775,-0.310964763,0.579173326,0,0
9.905,-0.31124121,-0.291648775,-0.31124121,0.57984525,0,0
9.91,-0.31124121,-0.291648775,-0.311517656,0.580517113,0,0
9.915,-0.31124121,-0.291648775,-0.311794102,0.581189096,0,0
9.92,-0.310703456,-0.291648775,-0.310703456,0.581861019,0,0
9.925,-0.310653031,-0.291648775,-0.310653031,0.582532942,0,0
9.93,-0.310653031,-0.291648775,-0.310602605,0.583204925,0,0
9.935,-0.310653031,-0.291648775,-0.31055218,0.583876789,0,0
9.94,-0.310950875,-0.291648775,-0.310950875,0.584548712,0,0
9.945,-0.31123665,-0.291648775,-0.31123665,0.585220695,0,0
9.95,-0.31123665,-0.291648775,-0.311522424,0.585892618,0,0
9.955,-0.31123665,-0.291648775,-0.311808199,0.586564541,0,0
9.96,-0.31123665,-0.291648775,-0.312093973,0.587236464,0,0
9.965,-0.31123665,-0.291648775,-0.312379748,0.587908387,0,0
9.97,-0.311145335,-0.291648775,-0.311145335,0.58858037,0,0
9.975,-0.311354309,-0.291648775,-0.311354309,0.589252234,0,0
9.98,-0.311354309,-0.291648775,-0.311563283,0.589924157,0,0
9.985,-0.311354309,-0.291648775,-0.311772257,0.590596139,0,0
9.99,-0.310636342,-0.291648775,-0.310636342,0.591268063,0,0
9.995,-0.311153114,-0.291648775,-0.311153114,0.591939926,0,0
10,-0.310925543,-0.291648775,-0.310925543,0.592611909,0,0
10.005,-0.310925543,-0.291648775,-0.310697973,0.593283832,0,0
10.01,-0.310878515,-0.291648775,-0.310878515,0.593955815,0,0
10.015,-0.310430348,-0.291648775,-0.310430348,0.594627678,0,0
10.02,-0.310430348,-0.291648775,-0.309982181,0.595299602,0,0
10.025,-0.310430348,-0.291648775,-0.309534013,0.595971584,0,0
10.03,-0.311195284,-0.291648775,-0.311195284,0.596643507,0,0
10.035,-0.311195284,-0.291648775,-0.311450273,0.597315371,0,0
10.04,-0.311195284,-0.291648775,-0.311705232,0.597987354,0,0
10.045,-0.311195284,-0.291648775,-0.31196022,0.598659277,0,0
10.05,-0.311195284,-0.291648775,-0.312215209,0.59933126,0,0
10.055,-0.311195284,-0.291648775,-0.312470168,0.600003183,0,0
10.06,-0.311195284,-0.291648775,-0.312725157,0.600675046,0,0
10.065,-0.311195284,-0.291648775,-0.312980145,0.601347029,0,0
10.07,-0.311195284,-0.291648775,-0.313235104,0.602018952,0,0
10.075,-0.311195284,-0.291648775,-0.313490093,0.602690876,0,0
10.08,-0.311195284,-0.291648775,-0.313745081,0.603362799,0,0
10.085,-0.311195284,-0.291648775,-0.31400004,0.604034722,0,0
10.09,-0.311195284,-0.291648775,-0.314255029,0.604706645,0,0
10.095,-0.311195284,-0.291648775,-0.314510018,0.605378628,0,0
10.1,-0.311195284,-0.291648775,-0.314764977,0.606050491,0,0
10.105,-0.311195284,-0.291648775,-0.315019965,0.606722414,0,0
10.11,-0.311195284,-0.291648775,-0.315274954,0.607394397,0,0
10.115,-0.311195284,-0.291648775,-0.315529913,0.60806632,0,0
10.12,-0.311195284,-0.291648775,-0.315784901,0.608738244,0,0
10.125,-0.311195284,-0.291648775,-0.31603989,0.609410167,0,0
10.13,-0.311195284,-0.291648775,-0.316294849,0.61008209,0,0
10.135,-0.311195284,-0.291648775,-0.316549838,0.610754073,0,0
10.14,-0.311195284,-0.291648775,-0.316804826,0.611425936,0,0
10.145,-0.311195284,-0.291648775,-0.317059785,0.612097859,0,0
10.15,-0.311195284,-0.291648775,-0.317314774,0.612769842,0,0
10.155,-0.311195284,-0.291648775,-0.317569762,0.613441765,0,0
10.16,-0.311195284,-0.291648775,-0.317824721,0.614113629,0,0
10.165,-0.311195284,-0.291648775,-0.31807971,0.614785612,0,0
10.17,-0.311195284,-0.291648775,-0.318334699,0.615457535,0,0
10.175,-0.311195284,-0.291648775,-0.318589658,0.616129518,0,0
10.18,-0.311195284,-0.291648775,-0.318844646,0.616801441,0,0
10.185,-0.311195284,-0.291648775,-0.319099635,0.617473304,0,0
10.19,-0.311195284,-0.291648775,-0.319354594,0.618145287,0,0
10.195,-0.311195284,-0.291648775,-0.319609582,0.61881721,0,0
10.2,-0.311195284,-0.291648775,-0.319864571,0.619489133,0,0
10.205,-0.311195284,-0.291648775,-0.32011953,0.620161057,0,0
10.21,-0.311195284,-0.291648775,-0.320374519,0.62083298,0,0
10.215,-0.311195284,-0.291648775,-0.320629507,0.621504962,0,0
10.22,-0.311195284,-0.291648775,-0.320884466,0.622176886,0,0
10.225,-0.311195284,-0.291648775,-0.321139455,0.622848749,0,0
10.23,-0.311195284,-0.291648775,-0.321394444,0.623520732,0,0
10.235,-0.311195284,-0.291648775,-0.321649402,0.624192655,0,0
10.24,-0.311195284,-0.291648775,-0.321904391,0.624864578,0,0
10.245,-0.311195284,-0.291648775,-0.32215938,0.625536501,0,0
10.25,-0.311195284,-0.291648775,-0.322414339,0.626208425,0,0
10.255,-0.311195284,-0.291648775,-0.322669327,0.626880348,0,0
10.26,-0.311195284,-0.291648775,-0.322924316,0.62755233,0,0
10.265,-0.311195284,-0.291648775,-0.323179275,0.628224194,0,0
10.27,-0.311195284,-0.291648775,-0.323434263,0.628896177,0,0
10.275,-0.311195284,-0.291648775,-0.323689252,0.6295681,0,0
10.28,-0.311195284,-0.291648775,-0.323944211,0.630240023,0,0
10.285,-0.311195284,-0.291648775,-0.3241992,0.630911946,0,0
10.29,-0.311195284,-0.291648775,-0.324454188,0.631583869,0,0
10.295,-0.311195284,-0.291648775,-0.324709147,0.632255793,0,0
10.3,-0.311195284,-0.291648775,-0.324964136,0.632927775,0,0
10.305,-0.311195284,-0.291648775,-0.325219125,0.633599699,0,0
10.31,-0.311195284,-0.291648775,-0.325474083,0.634271562,0,0
10.315,-0.311195284,-0.291648775,-0.325729072,0.634943545,0,0
10.32,-0.311195284,-0.291648775,-0.325984061,0.635615468,0,0
10.325,-0.311195284,-0.291648775,-0.32623902,0.636287451,0,0
10.33,-0.311195284,-0.291648775,-0.326494008,0.636959314,0,0
10.335,-0.311195284,-0.291648775,-0.326748997,0.637631238,0,0
10.34,-0.311195284,-0.291648775,-0.327003956,0.63830322,0,0
10.345,-0.311195284,-0.291648775,-0.327258945,0.638975143,0,0
10.35,-0.311195284,-0.291648775,-0.327513933,0.639647007,0,0
10.355,-0.311195284,-0.291648775,-0.327768892,0.64031899,0,0
10.36,-0.311195284,-0.291648775,-0.328023881,0.640990913,0,0
10.365,-0.311195284,-0.291648775,-0.328278869,0.641662896,0,0
10.37,-0.311195284,-0.291648775,-0.328533828,0.642334759,0,0
10.375,-0.311195284,-0.291648775,-0.328788817,0.643006682,0,0
10.38,-0.311195284,-0.291648775,-0.329043806,0.643678665,0,0
10.385,-0.311195284,-0.291648775,-0.329298764,0.644350588,0,0
10.39,-0.311195284,-0.291648775,-0.329553753,0.645022452,0,0
10.395,-0.311195284,-0.291648775,-0.329808742,0.645694435,0,0
10.4,-0.311195284,-0.291648775,-0.330063701,0.646366358,0,0
10.405,-0.311195284,-0.291648775,-0.330318689,0.647038281,0,0
10.41,-0.311195284,-0.291648775,-0.330573678,0.647710204,0,0
10.415,-0.311195284,-0.291648775,-0.330828637,0.648382127,0,0
10.42,-0.311195284,-0.291648775,-0.331083626,0.64905405,0,0
10.425,-0.311195284,-0.291648775,-0.331338614,0.649726033,0,0
10.43,-0.311195284,-0.291648775,-0.331593573,0.650397956,0,0
10.435,-0.311195284,-0.291648775,-0.331848562,0.65106988,0,0
10.44,-0.311195284,-0.291648775,-0.33210355,0.651741803,0,0
10.445,-0.311195284,-0.291648775,-0.332358509,0.652413726,0,0
10.45,-0.311195284,-0.291648775,-0.332613498,0.653085709,0,0
10.455,-0.311195284,-0.291648775,-0.332868487,0.653757572,0,0
10.46,-0.311195284,-0.291648775,-0.333123446,0.654429495,0,0
10.465,-0.311195284,-0.291648775,-0.333378434,0.655101478,0,0
10.47,-0.311195284,-0.291648775,-0.333633423,0.655773401,0,0
10.475,-0.311195284,-0.291648775,-0.333888382,0.656445265,0,0
10.48,-0.311195284,-0.291648775,-0.33414337,0.657117248,0,0
10.485,-0.311195284,-0.291648775,-0.334398359,0.657789171,0,0
10.49,-0.311195284,-0.291648775,-0.334653318,0.658461154,0,0
10.495,-0.311195284,-0.291648775,-0.334908307,0.659133017,0,0
10.5,-0.311195284,-0.291648775,-0.335163295,0.65980494,0,0
10.505,-0.311195284,-0.291648775,-0.335418254,0.660476923,0,0
10.51,-0.311195284,-0.291648775,-0.335673243,0.661148846,0,0
10.515,-0.311195284,-0.291648775,-0.335928231,0.66182071,0,0
10.52,-0.311195284,-0.291648775,-0.33618319,0.662492692,0,0
10.525,-0.311195284,-0.291648775,-0.336438179,0.663164616,0,0
10.53,-0.311195284,-0.291648775,-0.336693168,0.663836598,0,0
10.535,-0.311195284,-0.291648775,-0.336948127,0.664508462,0,0
10.54,-0.311195284,-0.291648775,-0.337203115,0.665180385,0,0
10.545,-0.311195284,-0.291648775,-0.337458104,0.665852368,0,0
10.55,-0.311195284,-0.291648775,-0.337713063,0.666524291,0,0
10.555,-0.311195284,-0.291648775,-0.337968051,0.667196214,0,0
10.56,-0.311195284,-0.291648775,-0.33822304,0.667868137,0,0
10.565,-0.311195284,-0.291648775,-0.338477999,0.668540061,0,0
10.57,-0.311195284,-0.291648775,-0.338732988,0.669211984,0,0
10.575,-0.311195284,-0.291648775,-0.338987976,0.669883966,0,0
10.58,-0.311195284,-0.291648775,-0.339242935,0.67055583,0,0
10.585,-0.311195284,-0.291648775,-0.339497924,0.671227813,0,0
10.59,-0.311195284,-0.291648775,-0.339752913,0.671899736,0,0
10.595,-0.311195284,-0.291648775,-0.340007871,0.672571659,0,0
10.6,-0.311195284,-0.291648775,-0.34026286,0.673243582,0,0
10.605,-0.311195284,-0.291648775,-0.340517849,0.673915505,0,0
10.61,-0.311195284,-0.291648775,-0.340772808,0.674587429,0,0
10.615,-0.311195284,-0.291648775,-0.341027796,0.675259411,0,0
10.62,-0.311195284,-0.291648775,-0.341282785,0.675931275,0,0
10.625,-0.311195284,-0.291648775,-0.341537744,0.676603198,0,0
10.63,-0.311195284,-0.291648775,-0.341792732,0.677275181,0,0
10.635,-0.311195284,-0.291648775,-0.342047721,0.677947104,0,0
10.64,-0.311195284,-0.291648775,-0.34230268,0.678619027,0,0
10.645,-0.311195284,-0.291648775,-0.342557669,0.67929095,0,0
10.65,-0.311195284,-0.291648775,-0.342812657,0.679962873,0,0
10.655,-0.311195284,-0.291648775,-0.343067616,0.680634856,0,0
10.66,-0.311195284,-0.291648775,-0.343322605,0.68130672,0,0
10.665,-0.311195284,-0.291648775,-0.343577594,0.681978643,0,0
10.67,-0.311195284,-0.291648775,-0.343832552,0.682650626,0,0
10.675,-0.311195284,-0.291648775,-0.344087541,0.683322549,0,0
10.68,-0.311195284,-0.291648775,-0.34434253,0.683994532,0,0
10.685,-0.311195284,-0.291648775,-0.344597489,0.684666395,0,0
10.69,-0.311195284,-0.291648775,-0.344852477,0.685338318,0,0
10.695,-0.311195284,-0.291648775,-0.345107466,0.686010301,0,0
10.7,-0.311195284,-0.291648775,-0.345362425,0.686682224,0,0
10.705,-0.311195284,-0.291648775,-0.345617414,0.687354088,0,0
10.71,-0.311195284,-0.291648775,-0.345872402,0.688026071,0,0
10.715,-0.311195284,-0.291648775,-0.346127361,0.688697994,0,0
10.72,-0.311195284,-0.291648775,-0.34638235,0.689369917,0,0
10.725,-0.311195284,-0.291648775,-0.346637338,0.69004184,0,0
10.73,-0.311195284,-0.291648775,-0.346892297,0.690713763,0,0
10.735,-0.311195284,-0.291648775,-0.347147286,0.691385746,0,0
10.74,-0.311195284,-0.291648775,-0.347402275,0.692057669,0,0
10.745,-0.311195284,-0.291648775,-0.347657233,0.692729533,0,0
10.75,-0.311195284,-0.291648775,-0.347912222,0.693401515,0,0
10.755,-0.311195284,-0.291648775,-0.348167211,0.694073439,0,0
10.76,-0.311195284,-0.291648775,-0.34842217,0.694745362,0,0
10.765,-0.311195284,-0.291648775,-0.348677158,0.695417285,0,0
10.77,-0.311195284,-0.291648775,-0.348932147,0.696089208,0,0
10.775,-0.311195284,-0.291648775,-0.349187106,0.696761131,0,0
10.78,-0.311195284,-0.291648775,-0.349442095,0.697433114,0,0
10.785,-0.311195284,-0.291648775,-0.349697083,0.698104978,0,0
10.79,-0.311195284,-0.291648775,-0.349952042,0.698776901,0,0
10.795,-0.311195284,-0.291648775,-0.350207031,0.699448884,0,0
10.8,-0.311195284,-0.291648775,-0.350462019,0.700120807,0,0
10.805,-0.311195284,-0.291648775,-0.350716978,0.700792789,0,0
10.81,-0.311195284,-0.291648775,-0.350971967,0.701464653,0,0
10.815,-0.311195284,-0.291648775,-0.351226956,0.702136576,0,0
10.82,-0.311195284,-0.291648775,-0.351481915,0.702808559,0,0
10.825,-0.311195284,-0.291648775,-0.351736903,0.703480482,0,0
10.83,-0.311195284,-0.291648775,-0.351991892,0.704152346,0,0
10.835,-0.311195284,-0.291648775,-0.352246851,0.704824328,0,0
10.84,-0.311195284,-0.291648775,-0.352501839,0.705496252,0,0
10.845,-0.311195284,-0.291648775,-0.352756828,0.706168234,0,0
10.85,-0.311195284,-0.291648775,-0.353011787,0.706840098,0,0
10.855,-0.311195284,-0.291648775,-0.353266776,0.707512021,0,0
10.86,-0.311195284,-0.291648775,-0.353521764,0.708184004,0,0
10.865,-0.311195284,-0.291648775,-0.353776723,0.708855927,0,0
10.87,-0.311195284,-0.291648775,-0.354031712,0.709527791,0,0
10.875,-0.311195284,-0.291648775,-0.3542867,0.710199773,0,0
10.88,-0.311195284,-0.291648775,-0.354541659,0.710871696,0,0
10.885,-0.311195284,-0.291648775,-0.354796648,0.71154362,0,0
10.89,-0.311195284,-0.291648775,-0.355051637,0.712215543,0,0
10.895,-0.311195284,-0.291648775,-0.355306596,0.712887466,0,0
10.9,-0.311195284,-0.291648775,-0.355561584,0.713559449,0,0
10.905,-0.311195284,-0.291648775,-0.355816573,0.714231372,0,0
10.91,-0.311195284,-0.291648775,-0.356071532,0.714903235,0,0
10.915,-0.311195284,-0.291648775,-0.35632652,0.715575218,0,0
10.92,-0.311195284,-0.291648775,-0.356581509,0.716247141,0,0
10.925,-0.311195284,-0.291648775,-0.356836468,0.716919065,0,0
10.93,-0.311195284,-0.291648775,-0.357091457,0.717591047,0,0
10.935,-0.311195284,-0.291648775,-0.357346445,0.718262911,0,0
10.94,-0.311195284,-0.291648775,-0.357601404,0.718934834,0,0
10.945,-0.311195284,-0.291648775,-0.357856393,0.719606817,0,0
10.95,-0.311195284,-0.291648775,-0.358111382,0.72027874,0,0
10.955,-0.311195284,-0.291648775,-0.35836634,0.720950663,0,0
10.96,-0.311195284,-0.291648775,-0.358621329,0.721622586,0,0
10.965,-0.311195284,-0.291648775,-0.358876318,0.722294509,0,0
10.97,-0.311195284,-0.291648775,-0.359131277,0.722966492,0,0
10.975,-0.311195284,-0.291648775,-0.359386265,0.723638356,0,0
10.98,-0.311195284,-0.291648775,-0.359641254,0.724310279,0,0
10.985,-0.311195284,-0.291648775,-0.359896213,0.724982262,0,0
10.99,-0.311195284,-0.291648775,-0.360151201,0.725654185,0,0
10.995,-0.311195284,-0.291648775,-0.36040619,0.726326048,0,0
11,-0.311195284,-0.291648775,-0.360661149,0.726998031,0,0
11.005,-0.311195284,-0.291648775,-0.360916138,0.727669954,0,0
11.01,-0.311195284,-0.291648775,-0.361171126,0.728341937,0,0
11.015,-0.311195284,-0.291648775,-0.361426085,0.729013801,0,0
11.02,-0.311195284,-0.291648775,-0.361681074,0.729685724,0,0
11.025,-0.311195284,-0.291648775,-0.361936063,0.730357707,0,0
11.03,-0.311195284,-0.291648775,-0.362191021,0.73102963,0,0
11.035,-0.311195284,-0.291648775,-0.36244601,0.731701493,0,0
11.04,-0.311195284,-0.291648775,-0.362700999,0.732373476,0,0
11.045,-0.311195284,-0.291648775,-0.362955958,0.733045399,0,0
11.05,-0.311195284,-0.291648775,-0.363210946,0.733717382,0,0
11.055,-0.311195284,-0.291648775,-0.363465935,0.734389305,0,0
11.06,-0.311195284,-0.291648775,-0.363720894,0.735061169,0,0
11.065,-0.311195284,-0.291648775,-0.363975883,0.735733151,0,0
11.07,-0.311195284,-0.291648775,-0.364230871,0.736405075,0,0
11.075,-0.311195284,-0.291648775,-0.36448583,0.737076998,0,0
11.08,-0.311195284,-0.291648775,-0.364740819,0.737748921,0,0
11.085,-0.311195284,-0.291648775,-0.364995807,0.738420844,0,0
11.09,-0.311195284,-0.291648775,-0.365250766,0.739092767,0,0
11.095,-0.311195284,-0.291648775,-0.365505755,0.73976475,0,0
11.1,-0.311195284,-0.291648775,-0.365760744,0.740436614,0,0
11.105,-0.311195284,-0.291648775,-0.366015702,0.741108537,0,0
11.11,-0.311195284,-0.291648775,-0.366270691,0.741780519,0,0
11.115,-0.311195284,-0.291648775,-0.36652568,0.742452443,0,0
11.12,-0.311195284,-0.291648775,-0.366780639,0.743124366,0,0
11.125,-0.311195284,-0.291648775,-0.367035627,0.743796289,0,0
11.13,-0.311195284,-0.291648775,-0.367290616,0.744468212,0,0
11.135,-0.311195284,-0.291648775,-0.367545575,0.745140195,0,0
11.14,-0.311195284,-0.291648775,-0.367800564,0.745812058,0,0
11.145,-0.311195284,-0.291648775,-0.368055552,0.746483982,0,0
11.15,-0.311195284,-0.291648775,-0.368310511,0.747155964,0,0
11.155,-0.311195284,-0.291648775,-0.3685655,0.747827888,0,0
11.16,-0.311195284,-0.291648775,-0.368820488,0.748499751,0,0
11.165,-0.311195284,-0.291648775,-0.369075447,0.749171734,0,0
11.17,-0.311195284,-0.291648775,-0.369330436,0.749843657,0,0
11.175,-0.311195284,-0.291648775,-0.369585425,0.75051564,0,0
11.18,-0.311195284,-0.291648775,-0.369840384,0.751187563,0,0
11.185,-0.311195284,-0.291648775,-0.370095372,0.751859426,0,0
11.19,-0.311195284,-0.291648775,-0.370350361,0.752531409,0,0
11.195,-0.311195284,-0.291648775,-0.37060532,0.753203332,0,0
11.2,-0.311195284,-0.291648775,-0.370860308,0.753875256,0,0
11.205,-0.311195284,-0.291648775,-0.371115297,0.754547179,0,0
11.21,-0.311195284,-0.291648775,-0.371370256,0.755219102,0,0
11.215,-0.311195284,-0.291648775,-0.371625245,0.755891085,0,0
11.22,-0.311195284,-0.291648775,-0.371880233,0.756563008,0,0
11.225,-0.311195284,-0.291648775,-0.372135192,0.757234871,0,0
11.23,-0.311195284,-0.291648775,-0.372390181,0.757906854,0,0
11.235,-0.311195284,-0.291648775,-0.372645169,0.758578777,0,0
11.24,-0.311195284,-0.291648775,-0.372900128,0.7592507,0,0
11.245,-0.311195284,-0.291648775,-0.373155117,0.759922624,0,0
11.25,-0.311195284,-0.291648775,-0.373410106,0.760594547,0,0
11.255,-0.311195284,-0.291648775,-0.373665065,0.76126647,0,0
11.26,-0.311195284,-0.291648775,-0.373920053,0.761938453,0,0
11.265,-0.311195284,-0.291648775,-0.374175042,0.762610316,0,0
11.27,-0.311195284,-0.291648775,-0.374430001,0.763282299,0,0
11.275,-0.311195284,-0.291648775,-0.374684989,0.763954222,0,0
11.28,-0.311195284,-0.291648775,-0.374939978,0.764626145,0,0
11.285,-0.311195284,-0.291648775,-0.375194937,0.765298069,0,0
11.29,-0.311195284,-0.291648775,-0.375449926,0.765969992,0,0
11.295,-0.311195284,-0.291648775,-0.375704914,0.766641915,0,0
11.3,-0.311195284,-0.291648775,-0.375959873,0.767313898,0,0
11.305,-0.311195284,-0.291648775,-0.376214862,0.767985821,0,0
11.31,-0.311195284,-0.291648775,-0.376469851,0.768657684,0,0
11.315,-0.311195284,-0.291648775,-0.376724809,0.769329667,0,0
11.32,-0.311195284,-0.291648775,-0.376979798,0.77000159,0,0
11.325,-0.311195284,-0.291648775,-0.377234787,0.770673573,0,0
11.33,-0.311195284,-0.291648775,-0.377489746,0.771345437,0,0
11.335,-0.311195284,-0.291648775,-0.377744734,0.77201736,0,0
11.34,-0.311195284,-0.291648775,-0.377999723,0.772689342,0,0
11.345,-0.311195284,-0.291648775,-0.378254682,0.773361266,0,0
11.35,-0.311195284,-0.291648775,-0.37850967,0.774033129,0,0
11.355,-0.311195284,-0.291648775,-0.378764659,0.774705112,0,0
11.36,-0.311195284,-0.291648775,-0.379019618,0.775377035,0,0
11.365,-0.311195284,-0.291648775,-0.379274607,0.776049018,0,0
11.37,-0.311195284,-0.291648775,-0.379529595,0.776720881,0,0
11.375,-0.311195284,-0.291648775,-0.379784554,0.777392805,0,0
11.38,-0.311195284,-0.291648775,-0.380039543,0.778064787,0,0
11.385,-0.311195284,-0.291648775,-0.380294532,0.778736711,0,0
11.39,-0.311195284,-0.291648775,-0.38054949,0.779408574,0,0
11.395,-0.311195284,-0.291648775,-0.380804479,0.780080557,0,0
11.4,-0.311195284,-0.291648775,-0.381059468,0.78075248,0,0
11.405,-0.311195284,-0.291648775,-0.381314427,0.781424403,0,0
11.41,-0.311195284,-0.291648775,-0.381569415,0.782096326,0,0
11.415,-0.311195284,-0.291648775,-0.381824404,0.78276825,0,0
11.42,-0.311195284,-0.291648775,-0.382079363,0.783440232,0,0
11.425,-0.311195284,-0.291648775,-0.382334352,0.784112155,0,0
11.43,-0.311195284,-0.291648775,-0.38258934,0.784784079,0,0
11.435,-0.311195284,-0.291648775,-0.382844299,0.785456061,0,0
11.44,-0.311195284,-0.291648775,-0.383099288,0.786127985,0,0
11.445,-0.311195284,-0.291648775,-0.383354276,0.786799788,0,0
11.45,-0.311195284,-0.291648775,-0.383609235,0.787471771,0,0
11.455,-0.311195284,-0.291648775,-0.383864224,0.788143694,0,0
11.46,-0.311195284,-0.291648775,-0.384119213,0.788815618,0,0
11.465,-0.311195284,-0.291648775,-0.384374171,0.7894876,0,0
11.47,-0.311195284,-0.291648775,-0.38462916,0.790159523,0,0
11.475,-0.311195284,-0.291648775,-0.384884149,0.790831506,0,0
11.48,-0.311195284,-0.291648775,-0.385139108,0.791503429,0,0
11.485,-0.311195284,-0.291648775,-0.385394096,0.792175233,0,0
11.49,-0.311195284,-0.291648775,-0.385649085,0.792847216,0,0
11.495,-0.311195284,-0.291648775,-0.385904044,0.793519139,0,0
11.5,-0.311195284,-0.291648775,-0.386159033,0.794191062,0,0
11.505,-0.311195284,-0.291648775,-0.386414021,0.794863045,0,0
11.51,-0.311195284,-0.291648775,-0.38666898,0.795534968,0,0
11.515,-0.311195284,-0.291648775,-0.386923969,0.796206892,0,0
11.52,-0.311195284,-0.291648775,-0.387178957,0.796878874,0,0
11.525,-0.311195284,-0.291648775,-0.387433916,0.797550678,0,0
11.53,-0.311195284,-0.291648775,-0.387688905,0.798222601,0,0
11.535,-0.311195284,-0.291648775,-0.387943894,0.798894584,0,0
11.54,-0.311195284,-0.291648775,-0.388198853,0.799566507,0,0
11.545,-0.311195284,-0.291648775,-0.388453841,0.80023849,0,0
11.55,-0.311195284,-0.291648775,-0.38870883,0.800910413,0,0
11.555,-0.311195284,-0.291648775,-0.388963789,0.801582336,0,0
11.56,-0.311195284,-0.291648775,-0.389218777,0.802254319,0,0
11.565,-0.311195284,-0.291648775,-0.389473766,0.802926242,0,0
11.57,-0.311195284,-0.291648775,-0.389728725,0.803598046,0,0
11.575,-0.311195284,-0.291648775,-0.389983714,0.804270029,0,0
11.58,-0.311195284,-0.291648775,-0.390238702,0.804941952,0,0
11.585,-0.311195284,-0.291648775,-0.390493661,0.805613935,0,0
11.59,-0.311195284,-0.291648775,-0.39074865,0.806285858,0,0
11.595,-0.311195284,-0.291648775,-0.391003639,0.806957781,0,0
11.6,-0.311195284,-0.291648775,-0.391258597,0.807629764,0,0
11.605,-0.311195284,-0.291648775,-0.391513586,0.808301687,0,0
11.61,-0.311195284,-0.291648775,-0.391768575,0.808973491,0,0
11.615,-0.311195284,-0.291648775,-0.392023534,0.809645474,0,0
11.62,-0.311195284,-0.291648775,-0.392278522,0.810317397,0,0
11.625,-0.311195284,-0.291648775,-0.392533511,0.81098932,0,0
11.63,-0.311195284,-0.291648775,-0.39278847,0.811661303,0,0
11.635,-0.311195284,-0.291648775,-0.393043458,0.812333226,0,0
11.64,-0.311195284,-0.291648775,-0.393298447,0.813005209,0,0
11.645,-0.311195284,-0.291648775,-0.393553406,0.813677132,0,0
11.65,-0.311195284,-0.291648775,-0.393808395,0.814348936,0,0
11.655,-0.311195284,-0.291648775,-0.394063383,0.815020919,0,0
11.66,-0.311195284,-0.291648775,-0.394318342,0.815692842,0,0
11.665,-0.311195284,-0.291648775,-0.394573331,0.816364765,0,0
11.67,-0.311195284,-0.291648775,-0.39482832,0.817036748,0,0
11.675,-0.311195284,-0.291648775,-0.395083278,0.817708671,0,0
11.68,-0.311195284,-0.291648775,-0.395338267,0.818380654,0,0
11.685,-0.311195284,-0.291648775,-0.395593256,0.819052577,0,0
11.69,-0.311195284,-0.291648775,-0.395848215,0.8197245,0,0
11.695,-0.311195284,-0.291648775,-0.396103203,0.820396364,0,0
11.7,-0.311195284,-0.291648775,-0.396358192,0.821068287,0,0
11.705,-0.311195284,-0.291648775,-0.396613151,0.82174021,0,0
11.71,-0.311195284,-0.291648775,-0.39686814,0.822412193,0,0
11.715,-0.311195284,-0.291648775,-0.397123128,0.823084116,0,0
11.72,-0.311195284,-0.291648775,-0.397378117,0.823756039,0,0
11.725,-0.311195284,-0.291648775,-0.397633076,0.824428022,0,0
11.73,-0.311195284,-0.291648775,-0.397888064,0.825099945,0,0
11.735,-0.311195284,-0.291648775,-0.398143023,0.825771749,0,0
11.74,-0.311195284,-0.291648775,-0.398398012,0.826443732,0,0
11.745,-0.311195284,-0.291648775,-0.398653001,0.827115655,0,0
11.75,-0.311195284,-0.291648775,-0.398907959,0.827787638,0,0
11.755,-0.311195284,-0.291648775,-0.399162948,0.828459561,0,0
11.76,-0.311195284,-0.291648775,-0.399417937,0.829131484,0,0
11.765,-0.311195284,-0.291648775,-0.399672896,0.829803467,0,0
11.77,-0.311195284,-0.291648775,-0.399927884,0.83047539,0,0
11.775,-0.311195284,-0.291648775,-0.400182873,0.831147194,0,0
11.78,-0.311195284,-0.291648775,-0.400437832,0.831819177,0,0
11.785,-0.311195284,-0.291648775,-0.400692821,0.8324911,0,0
11.79,-0.311195284,-0.291648775,-0.400947809,0.833163023,0,0
11.795,-0.311195284,-0.291648775,-0.401202768,0.833835006,0,0
11.8,-0.311195284,-0.291648775,-0.401457757,0.834506929,0,0
11.805,-0.311195284,-0.291648775,-0.401712745,0.835178912,0,0
11.81,-0.311195284,-0.291648775,-0.401967704,0.835850835,0,0
11.815,-0.311195284,-0.291648775,-0.402222693,0.836522758,0,0
11.82,-0.311195284,-0.291648775,-0.402477682,0.837194622,0,0
11.825,-0.311195284,-0.291648775,-0.402732641,0.837866545,0,0
11.83,-0.311195284,-0.291648775,-0.402987629,0.838538468,0,0
11.835,-0.311195284,-0.291648775,-0.403242618,0.839210451,0,0
11.84,-0.311195284,-0.291648775,-0.403497577,0.839882374,0,0
11.845,-0.311195284,-0.291648775,-0.403752565,0.840554357,0,0
11.85,-0.311195284,-0.291648775,-0.404007554,0.84122628,0,0
11.855,-0.311195284,-0.291648775,-0.404262513,0.841898203,0,0
11.86,-0.311195284,-0.291648775,-0.404517502,0.842570066,0,0
11.865,-0.311195284,-0.291648775,-0.40477249,0.84324199,0,0
11.87,-0.311195284,-0.291648775,-0.405027449,0.843913913,0,0
11.875,-0.311195284,-0.291648775,-0.405282438,0.844585896,0,0
11.88,-0.311195284,-0.291648775,-0.405537426,0.845257819,0,0
11.885,-0.311195284,-0.291648775,-0.405792385,0.845929742,0,0
11.89,-0.311195284,-0.291648775,-0.406047374,0.846601725,0,0
11.895,-0.311195284,-0.291648775,-0.406302363,0.847273648,0,0
11.9,-0.311195284,-0.291648775,-0.406557322,0.847945452,0,0
11.905,-0.311195284,-0.291648775,-0.40681231,0.848617435,0,0
11.91,-0.311195284,-0.291648775,-0.407067299,0.849289358,0,0
11.915,-0.311195284,-0.291648775,-0.407322258,0.84996134,0,0
11.92,-0.311195284,-0.291648775,-0.407577246,0.850633264,0,0
11.925,-0.311195284,-0.291648775,-0.407832235,0.851305187,0,0
11.93,-0.311195284,-0.291648775,-0.408087194,0.85197717,0,0
11.935,-0.311195284,-0.291648775,-0.408342183,0.852649093,0,0
11.94,-0.311195284,-0.291648775,-0.408597171,0.853321075,0,0
11.945,-0.311195284,-0.291648775,-0.40885213,0.853992879,0,0
11.95,-0.311195284,-0.291648775,-0.409107119,0.854664803,0,0
11.955,-0.311195284,-0.291648775,-0.409362108,0.855336785,0,0
11.96,-0.311195284,-0.291648775,-0.409617066,0.856008708,0,0
11.965,-0.311195284,-0.291648775,-0.409872055,0.856680632,0,0
11.97,-0.311195284,-0.291648775,-0.410127044,0.857352614,0,0
11.975,-0.311195284,-0.291648775,-0.410382032,0.858024538,0,0
11.98,-0.311195284,-0.291648775,-0.410636991,0.858696461,0,0
11.985,-0.311195284,-0.291648775,-0.41089198,0.859368324,0,0
11.99,-0.311195284,-0.291648775,-0.411146939,0.860040247,0,0
11.995,-0.311195284,-0.291648775,-0.411401927,0.860712171,0,0
12,-0.311195284,-0.291648775,-0.411656916,0.861384153,0,0
12.005,-0.311195284,-0.291648775,-0.411911875,0.862056077,0,0
12.01,-0.311195284,-0.291648775,-0.412166864,0.862728059,0,0
12.015,-0.311195284,-0.291648775,-0.412421852,0.863399982,0,0
12.02,-0.311195284,-0.291648775,-0.412676811,0.864071906,0,0
12.025,-0.311195284,-0.291648775,-0.4129318,0.864743769,0,0
12.03,-0.311195284,-0.291648775,-0.413186789,0.865415692,0,0
12.035,-0.311195284,-0.291648775,-0.413441777,0.866087615,0,0
12.04,-0.311195284,-0.291648775,-0.413696736,0.866759598,0,0
12.045,-0.311195284,-0.291648775,-0.413951725,0.867431521,0,0
12.05,-0.311195284,-0.291648775,-0.414206684,0.868103504,0,0
12.055,-0.311195284,-0.291648775,-0.414461672,0.868775427,0,0
12.06,-0.311195284,-0.291648775,-0.414716661,0.869447351,0,0
12.065,-0.311195284,-0.291648775,-0.41497165,0.870119333,0,0
12.07,-0.311195284,-0.291648775,-0.415226609,0.870791137,0,0
12.075,-0.311195284,-0.291648775,-0.415481597,0.87146306,0,0
12.08,-0.311195284,-0.291648775,-0.415736556,0.872135043,0,0
12.085,-0.311195284,-0.291648775,-0.415991545,0.872806966,0,0
12.09,-0.311195284,-0.291648775,-0.416246533,0.873478889,0,0
12.095,-0.311195284,-0.291648775,-0.416501522,0.874150872,0,0
12.1,-0.311195284,-0.291648775,-0.416756481,0.874822795,0,0
12.105,-0.311195284,-0.291648775,-0.41701147,0.875494778,0,0
12.11,-0.311195284,-0.291648775,-0.417266428,0.876166582,0,0
12.115,-0.311195284,-0.291648775,-0.417521417,0.876838505,0,0
12.12,-0.311195284,-0.291648775,-0.417776406,0.877510488,0,0
12.125,-0.311195284,-0.291648775,-0.418031365,0.878182411,0,0
12.13,-0.311195284,-0.291648775,-0.418286353,0.878854334,0,0
12.135,-0.311195284,-0.291648775,-0.418541342,0.879526317,0,0
12.14,-0.311195284,-0.291648775,-0.418796301,0.88019824,0,0
12.145,-0.311195284,-0.291648775,-0.41905129,0.880870163,0,0
12.15,-0.311195284,-0.291648775,-0.419306278,0.881542027,0,0
12.155,-0.311195284,-0.291648775,-0.419561237,0.88221395,0,0
12.16,-0.311195284,-0.291648775,-0.419816226,0.882885873,0,0
12.165,-0.311195284,-0.291648775,-0.420071214,0.883557856,0,0
12.17,-0.311195284,-0.291648775,-0.420326203,0.884229779,0,0
12.175,-0.311195284,-0.291648775,-0.420581162,0.884901762,0,0
12.18,-0.311195284,-0.291648775,-0.420836151,0.885573685,0,0
12.185,-0.311195284,-0.291648775,-0.42109111,0.886245608,0,0
12.19,-0.311195284,-0.291648775,-0.421346098,0.886917591,0,0
12.195,-0.311195284,-0.291648775,-0.421601087,0.887589395,0,0
12.2,-0.311195284,-0.291648775,-0.421856076,0.888261318,0,0
12.205,-0.311195284,-0.291648775,-0.422111034,0.888933301,0,0
12.21,-0.311195284,-0.291648775,-0.422366023,0.889605224,0,0
12.215,-0.311195284,-0.291648775,-0.422620982,0.890277207,0,0
12.22,-0.311195284,-0.291648775,-0.422875971,0.89094913,0,0
12.225,-0.311195284,-0.291648775,-0.423130959,0.891621053,0,0
12.23,-0.311195284,-0.291648775,-0.423385948,0.892293036,0,0
12.235,-0.311195284,-0.291648775,-0.423640907,0.89296484,0,0
12.24,-0.311195284,-0.291648775,-0.423895895,0.893636763,0,0
12.245,-0.311195284,-0.291648775,-0.424150854,0.894308746,0,0
12.25,-0.311195284,-0.291648775,-0.424405843,0.894980669,0,0
12.255,-0.311195284,-0.291648775,-0.424660832,0.895652592,0,0
12.26,-0.311195284,-0.291648775,-0.424915791,0.896324575,0,0
12.265,-0.311195284,-0.291648775,-0.425170779,0.896996498,0,0
12.27,-0.311195284,-0.291648775,-0.425425768,0.897668481,0,0
12.275,-0.311195284,-0.291648775,-0.425680727,0.898340285,0,0
12.28,-0.311195284,-0.291648775,-0.425935715,0.899012208,0,0
12.285,-0.311195284,-0.291648775,-0.426190704,0.899684191,0,0
12.29,-0.311195284,-0.291648775,-0.426445663,0.900356114,0,0
12.295,-0.311195284,-0.291648775,-0.426700652,0.901028037,0,0
12.3,-0.311195284,-0.291648775,-0.42695564,0.90170002,0,0
12.305,-0.311195284,-0.291648775,-0.427210629,0.902371943,0,0
12.31,-0.311195284,-0.291648775,-0.427465588,0.903043926,0,0
12.315,-0.311195284,-0.291648775,-0.427720577,0.903715849,0,0
12.32,-0.311195284,-0.291648775,-0.427975535,0.904387653,0,0
12.325,-0.311195284,-0.291648775,-0.428230524,0.905059636,0,0
12.33,-0.311195284,-0.291648775,-0.428485513,0.905731559,0,0
12.335,-0.311195284,-0.291648775,-0.428740501,0.906403482,0,0
12.34,-0.311195284,-0.291648775,-0.42899546,0.907075465,0,0
12.345,-0.311195284,-0.291648775,-0.429250449,0.907747388,0,0
12.35,-0.311195284,-0.291648775,-0.429505408,0.908419311,0,0
12.355,-0.311195284,-0.291648775,-0.429760396,0.909091294,0,0
12.36,-0.311195284,-0.291648775,-0.430015385,0.909763098,0,0
12.365,-0.311195284,-0.291648775,-0.430270344,0.910435021,0,0
12.37,-0.311195284,-0.291648775,-0.430525333,0.911107004,0,0
12.375,-0.311195284,-0.291648775,-0.430780321,0.911778927,0,0
12.38,-0.311195284,-0.291648775,-0.43103528,0.91245091,0,0
12.385,-0.311195284,-0.291648775,-0.431290269,0.913122833,0,0
12.39,-0.311195284,-0.291648775,-0.431545258,0.913794756,0,0
12.395,-0.311195284,-0.291648775,-0.431800216,0.914466739,0,0
12.4,-0.311195284,-0.291648775,-0.432055205,0.915138543,0,0
12.405,-0.311195284,-0.291648775,-0.432310194,0.915810466,0,0
12.41,-0.311195284,-0.291648775,-0.432565182,0.916482449,0,0
12.415,-0.311195284,-0.291648775,-0.432820141,0.917154372,0,0
12.42,-0.311195284,-0.291648775,-0.43307513,0.917826295,0,0
12.425,-0.311195284,-0.291648775,-0.433330089,0.918498278,0,0
12.43,-0.311195284,-0.291648775,-0.433585078,0.919170201,0,0
12.435,-0.311195284,-0.291648775,-0.433840066,0.919842184,0,0
12.44,-0.311195284,-0.291648775,-0.434095055,0.920514107,0,0
12.445,-0.311195284,-0.291648775,-0.434350014,0.921185911,0,0
12.45,-0.311195284,-0.291648775,-0.434605002,0.921857893,0,0
12.455,-0.311195284,-0.291648775,-0.434859961,0.922529817,0,0
12.46,-0.311195284,-0.291648775,-0.43511495,0.92320174,0,0
12.465,-0.311195284,-0.291648775,-0.435369939,0.923873723,0,0
12.47,-0.311195284,-0.291648775,-0.435624927,0.924545646,0,0
12.475,-0.311195284,-0.291648775,-0.435879886,0.925217628,0,0
12.48,-0.311195284,-0.291648775,-0.436134875,0.925889552,0,0
12.485,-0.311195284,-0.291648775,-0.436389834,0.926561356,0,0
12.49,-0.311195284,-0.291648775,-0.436644822,0.927233338,0,0
12.495,-0.311195284,-0.291648775,-0.436899811,0.927905262,0,0
12.5,-0.311195284,-0.291648775,-0.43715477,0.928577185,0,0
12.505,-0.311195284,-0.291648775,-0.437409759,0.929249167,0,0
12.51,-0.311195284,-0.291648775,-0.437664747,0.929921091,0,0
12.515,-0.311195284,-0.291648775,-0.437919706,0.930593014,0,0
12.52,-0.311195284,-0.291648775,-0.438174695,0.931264997,0,0
12.525,-0.311195284,-0.291648775,-0.438429683,0.9319368,0,0
12.53,-0.311195284,-0.291648775,-0.438684642,0.932608724,0,0
12.535,-0.311195284,-0.291648775,-0.438939631,0.933280706,0,0
12.54,-0.311195284,-0.291648775,-0.43919462,0.93395263,0,0
12.545,-0.311195284,-0.291648775,-0.439449608,0.934624612,0,0
12.55,-0.311195284,-0.291648775,-0.439704567,0.935296535,0,0
12.555,-0.311195284,-0.291648775,-0.439959556,0.935968459,0,0
12.56,-0.311195284,-0.291648775,-0.440214515,0.936640441,0,0
12.565,-0.311195284,-0.291648775,-0.440469503,0.937312365,0,0
12.57,-0.311195284,-0.291648775,-0.440724492,0.937984169,0,0
12.575,-0.311195284,-0.291648775,-0.440979481,0.938656151,0,0
12.58,-0.311195284,-0.291648775,-0.44123444,0.939328074,0,0
12.585,-0.311195284,-0.291648775,-0.441489428,0.940000057,0,0
12.59,-0.311195284,-0.291648775,-0.441744387,0.94067198,0,0
12.595,-0.311195284,-0.291648775,-0.441999376,0.941343904,0,0
12.6,-0.311195284,-0.291648775,-0.442254364,0.942015886,0,0
12.605,-0.311195284,-0.291648775,-0.442509353,0.942687809,0,0
12.61,-0.311195284,-0.291648775,-0.442764312,0.943359613,0,0
12.615,-0.311195284,-0.291648775,-0.443019301,0.944031596,0,0
12.62,-0.311195284,-0.291648775,-0.44327426,0.944703519,0,0
12.625,-0.311195284,-0.291648775,-0.443529248,0.945375443,0,0
12.63,-0.311195284,-0.291648775,-0.443784237,0.946047425,0,0
12.635,-0.311195284,-0.291648775,-0.444039196,0.946719348,0,0
12.64,-0.311195284,-0.291648775,-0.444294184,0.947391331,0,0
12.645,-0.311195284,-0.291648775,-0.444549173,0.948063254,0,0
12.65,-0.311195284,-0.291648775,-0.444804132,0.948735058,0,0
12.655,-0.311195284,-0.291648775,-0.445059121,0.949407041,0,0
12.66,-0.311195284,-0.291648775,-0.445314109,0.950078964,0,0
12.665,-0.311195284,-0.291648775,-0.445569068,0.950750887,0,0
12.67,-0.311195284,-0.291648775,-0.445824057,0.95142287,0,0
12.675,-0.311195284,-0.291648775,-0.446079046,0.952094793,0,0
12.68,-0.311195284,-0.291648775,-0.446334034,0.952766776,0,0
12.685,-0.311195284,-0.291648775,-0.446588993,0.953438699,0,0
12.69,-0.311195284,-0.291648775,-0.446843982,0.954110622,0,0
12.695,-0.311195284,-0.291648775,-0.447098941,0.954782486,0,0
12.7,-0.311195284,-0.291648775,-0.447353929,0.955454409,0,0
12.705,-0.311195284,-0.291648775,-0.447608918,0.956126332,0,0
12.71,-0.311195284,-0.291648775,-0.447863907,0.956798315,0,0
12.715,-0.311195284,-0.291648775,-0.448118865,0.957470238,0,0
12.72,-0.311195284,-0.291648775,-0.448373854,0.958142161,0,0
12.725,-0.311195284,-0.291648775,-0.448628813,0.958814144,0,0
12.73,-0.311195284,-0.291648775,-0.448883802,0.959486067,0,0
12.735,-0.311195284,-0.291648775,-0.44913879,0.960157871,0,0
12.74,-0.311195284,-0.291648775,-0.449393779,0.960829854,0,0
12.745,-0.311195284,-0.291648775,-0.449648738,0.961501777,0,0
12.75,-0.311195284,-0.291648775,-0.449903727,0.96217376,0,0
12.755,-0.311195284,-0.291648775,-0.450158685,0.962845683,0,0
12.76,-0.311195284,-0.291648775,-0.450413674,0.963517606,0,0
12.765,-0.311195284,-0.291648775,-0.450668663,0.964189589,0,0
12.77,-0.311195284,-0.291648775,-0.450923622,0.964861512,0,0
12.775,-0.311195284,-0.291648775,-0.45117861,0.965533316,0,0
12.78,-0.311195284,-0.291648775,-0.451433599,0.966205299,0,0
12.785,-0.311195284,-0.291648775,-0.451688588,0.966877222,0,0
12.79,-0.311195284,-0.291648775,-0.451943547,0.967549145,0,0
12.795,-0.311195284,-0.291648775,-0.452198535,0.968221128,0,0
12.8,-0.311195284,-0.291648775,-0.452453494,0.968893051,0,0
12.805,-0.311195284,-0.291648775,-0.452708483,0.969565034,0,0
12.81,-0.311195284,-0.291648775,-0.452963471,0.970236957,0,0
12.815,-0.311195284,-0.291648775,-0.45321846,0.97090888,0,0
12.82,-0.311195284,-0.291648775,-0.453473419,0.971580744,0,0
12.825,-0.311195284,-0.291648775,-0.453728408,0.972252667,0,0
12.83,-0.311195284,-0.291648775,-0.453983366,0.97292459,0,0
12.835,-0.311195284,-0.291648775,-0.454238355,0.973596573,0,0
12.84,-0.311195284,-0.291648775,-0.454493344,0.974268496,0,0
12.845,-0.311195284,-0.291648775,-0.454748333,0.974940479,0,0
12.85,-0.311195284,-0.291648775,-0.455003291,0.975612402,0,0
12.855,-0.311195284,-0.291648775,-0.45525828,0.976284325,0,0
12.86,-0.311195284,-0.291648775,-0.455513239,0.976956189,0,0
12.865,-0.311195284,-0.291648775,-0.455768228,0.977628112,0,0
12.87,-0.311195284,-0.291648775,-0.456023216,0.978300035,0,0
12.875,-0.311195284,-0.291648775,-0.456278205,0.978972018,0,0
12.88,-0.311195284,-0.291648775,-0.456533164,0.979643941,0,0
12.885,-0.311195284,-0.291648775,-0.456788152,0.980315864,0,0
12.89,-0.311195284,-0.291648775,-0.457043111,0.980987847,0,0
12.895,-0.311195284,-0.291648775,-0.4572981,0.98165977,0,0
12.9,-0.311195284,-0.291648775,-0.457553089,0.982331574,0,0
12.905,-0.311195284,-0.291648775,-0.457808048,0.983003557,0,0
12.91,-0.311195284,-0.291648775,-0.458063036,0.98367548,0,0
12.915,-0.311195284,-0.291648775,-0.458318025,0.984347463,0,0
12.92,-0.311195284,-0.291648775,-0.458573014,0.985019386,0,0
12.925,-0.311195284,-0.291648775,-0.458827972,0.985691309,0,0
12.93,-0.311195284,-0.291648775,-0.459082961,0.986363292,0,0
12.935,-0.311195284,-0.291648775,-0.45933792,0.987035215,0,0
12.94,-0.311195284,-0.291648775,-0.459592909,0.987707198,0,0
12.945,-0.311195284,-0.291648775,-0.459847897,0.988379002,0,0
12.95,-0.311195284,-0.291648775,-0.460102886,0.989050925,0,0
12.955,-0.311195284,-0.291648775,-0.460357845,0.989722908,0,0
12.96,-0.311195284,-0.291648775,-0.460612833,0.990394831,0,0
12.965,-0.311195284,-0.291648775,-0.460867792,0.991066754,0,0
12.97,-0.311195284,-0.291648775,-0.461122781,0.991738737,0,0
12.975,-0.311195284,-0.291648775,-0.46137777,0.99241066,0,0
12.98,-0.311195284,-0.291648775,-0.461632758,0.993082583,0,0
12.985,-0.311195284,-0.291648775,-0.461887717,0.993754447,0,0
12.99,-0.311195284,-0.291648775,-0.462142706,0.99442637,0,0
12.995,-0.311195284,-0.291648775,-0.462397665,0.995098293,0,0
13,-0.311195284,-0.291648775,-0.462652653,0.995770276,0,0
13.005,-0.311195284,-0.291648775,-0.462907642,0.996442199,0,0
13.01,-0.311195284,-0.291648775,-0.463162601,0.997114182,0,0
13.015,-0.311195284,-0.291648775,-0.46341759,0.997786105,0,0
13.02,-0.311195284,-0.291648775,-0.463672578,0.998458028,0,0
13.025,-0.311195284,-0.291648775,-0.463927537,0.999129891,0,0
13.03,-0.311195284,-0.291648775,-0.464182526,0.999801815,0,0
13.035,-0.311195284,-0.291648775,-0.464437515,1.00047374,0,0
13.04,-0.311195284,-0.291648775,-0.464692473,1.00114572,0,0
13.045,-0.311195284,-0.291648775,-0.464947462,1.0018177,0,0
13.05,-0.311195284,-0.291648775,-0.465202451,1.00248957,0,0
13.055,-0.311195284,-0.291648775,-0.465457439,1.00316155,0,0
13.06,-0.311195284,-0.291648775,-0.465712398,1.00383353,0,0
13.065,-0.311195284,-0.291648775,-0.465967387,1.0045054,0,0
13.07,-0.311195284,-0.291648775,-0.466222346,1.00517726,0,0
13.075,-0.311195284,-0.291648775,-0.466477334,1.00584924,0,0
13.08,-0.311195284,-0.291648775,-0.466732323,1.00652111,0,0
13.085,-0.311195284,-0.291648775,-0.466987312,1.00719309,0,0
13.09,-0.311195284,-0.291648775,-0.467242271,1.00786507,0,0
13.095,-0.311195284,-0.291648775,-0.467497259,1.00853693,0,0
13.1,-0.311195284,-0.291648775,-0.467752218,1.00920892,0,0
13.105,-0.311195284,-0.291648775,-0.468007207,1.0098809,0,0
13.11,-0.311195284,-0.291648775,-0.468262196,1.01055264,0,0
13.115,-0.311195284,-0.291648775,-0.468517184,1.01122463,0,0
13.12,-0.311195284,-0.291648775,-0.468772143,1.01189661,0,0
13.125,-0.311195284,-0.291648775,-0.469027132,1.01256847,0,0
13.13,-0.311195284,-0.291648775,-0.469282091,1.01324046,0,0
13.135,-0.311195284,-0.291648775,-0.469537079,1.01391244,0,0
13.14,-0.311195284,-0.291648775,-0.469792068,1.01458442,0,0
13.145,-0.311195284,-0.291648775,-0.470047027,1.01525629,0,0
13.15,-0.311195284,-0.291648775,-0.470302016,1.01592815,0,0
13.155,-0.311195284,-0.291648775,-0.470557004,1.01660013,0,0
13.16,-0.311195284,-0.291648775,-0.470811993,1.017272,0,0
13.165,-0.311195284,-0.291648775,-0.471066952,1.01794398,0,0
13.17,-0.311195284,-0.291648775,-0.47132194,1.01861596,0,0
13.175,-0.311195284,-0.291648775,-0.471576899,1.01928782,0,0
13.18,-0.311195284,-0.291648775,-0.471831888,1.01995981,0,0
13.185,-0.311195284,-0.291648775,-0.472086877,1.02063179,0,0
13.19,-0.311195284,-0.291648775,-0.472341865,1.02130365,0,0
13.195,-0.311195284,-0.291648775,-0.472596824,1.02197552,0,0
13.2,-0.311195284,-0.291648775,-0.472851813,1.0226475,0,0
13.205,-0.311195284,-0.291648775,-0.473106772,1.02331936,0,0
13.21,-0.311195284,-0.291648775,-0.47336176,1.02399135,0,0
13.215,-0.311195284,-0.291648775,-0.473616749,1.02466333,0,0
13.22,-0.311195284,-0.291648775,-0.473871738,1.02533519,0,0
13.225,-0.311195284,-0.291648775,-0.474126697,1.02600718,0,0
13.23,-0.311195284,-0.291648775,-0.474381685,1.02667916,0,0
13.235,-0.311195284,-0.291648775,-0.474636644,1.0273509,0,0
13.24,-0.311195284,-0.291648775,-0.474891633,1.02802289,0,0
13.245,-0.311195284,-0.291648775,-0.475146621,1.02869487,0,0
13.25,-0.311195284,-0.291648775,-0.47540161,1.02936685,0,0
13.255,-0.311195284,-0.291648775,-0.475656569,1.03003871,0,0
13.26,-0.311195284,-0.291648775,-0.475911558,1.0307107,0,0
13.265,-0.311195284,-0.291648775,-0.476166517,1.03138268,0,0
13.27,-0.311195284,-0.291648775,-0.476421505,1.03205454,0,0
13.275,-0.311195284,-0.291648775,-0.476676494,1.03272641,0,0
13.28,-0.311195284,-0.291648775,-0.476931453,1.03339839,0,0
13.285,-0.311195284,-0.291648775,-0.477186441,1.03407025,0,0
13.29,-0.311195284,-0.291648775,-0.47744143,1.03474224,0,0
13.295,-0.311195284,-0.291648775,-0.477696419,1.03541422,0,0
13.3,-0.311195284,-0.291648775,-0.477951378,1.03608608,0,0
13.305,-0.311195284,-0.291648775,-0.478206366,1.03675807,0,0
13.31,-0.311195284,-0.291648775,-0.478461325,1.03743005,0,0
13.315,-0.311195284,-0.291648775,-0.478716314,1.03810191,0,0
13.32,-0.311195284,-0.291648775,-0.478971303,1.03877378,0,0
13.325,-0.311195284,-0.291648775,-0.479226291,1.03944576,0,0
13.33,-0.311195284,-0.291648775,-0.47948125,1.04011762,0,0
13.335,-0.311195284,-0.291648775,-0.479736239,1.0407896,0,0
13.34,-0.311195284,-0.291648775,-0.479991198,1.04146159,0,0
13.345,-0.311195284,-0.291648775,-0.480246186,1.04213357,0,0
13.35,-0.311195284,-0.291648775,-0.480501175,1.04280543,0,0
13.355,-0.311195284,-0.291648775,-0.480756164,1.04347742,0,0
13.36,-0.311195284,-0.291648775,-0.481011122,1.04414928,0,0
13.365,-0.311195284,-0.291648775,-0.481266111,1.04482114,0,0
13.37,-0.311195284,-0.291648775,-0.48152107,1.04549313,0,0
13.375,-0.311195284,-0.291648775,-0.481776059,1.04616511,0,0
13.38,-0.311195284,-0.291648775,-0.482031047,1.04683697,0,0
13.385,-0.311195284,-0.291648775,-0.482286036,1.04750896,0,0
13.39,-0.311195284,-0.291648775,-0.482540995,1.04818094,0,0
13.395,-0.311195284,-0.291648775,-0.482795984,1.0488528,0,0
13.4,-0.311195284,-0.291648775,-0.483050942,1.04952466,0,0
13.405,-0.311195284,-0.291648775,-0.483305931,1.05019665,0,0
13.41,-0.311195284,-0.291648775,-0.48356092,1.05086851,0,0
13.415,-0.311195284,-0.291648775,-0.483815879,1.05154049,0,0
13.42,-0.311195284,-0.291648775,-0.484070867,1.05221248,0,0
13.425,-0.311195284,-0.291648775,-0.484325856,1.05288434,0,0
13.43,-0.311195284,-0.291648775,-0.484580845,1.05355632,0,0
13.435,-0.311195284,-0.291648775,-0.484835804,1.05422831,0,0
13.44,-0.311195284,-0.291648775,-0.485090792,1.05490029,0,0
13.445,-0.311195284,-0.291648775,-0.485345751,1.05557203,0,0
13.45,-0.311195284,-0.291648775,-0.48560074,1.05624402,0,0
13.455,-0.311195284,-0.291648775,-0.485855728,1.056916,0,0
13.46,-0.311195284,-0.291648775,-0.486110717,1.05758786,0,0
13.465,-0.311195284,-0.291648775,-0.486365676,1.05825984,0,0
13.47,-0.311195284,-0.291648775,-0.486620665,1.05893183,0,0
13.475,-0.311195284,-0.291648775,-0.486875623,1.05960369,0,0
13.48,-0.311195284,-0.291648775,-0.487130612,1.06027567,0,0
13.485,-0.311195284,-0.291648775,-0.487385601,1.06094754,0,0
13.49,-0.311195284,-0.291648775,-0.487640589,1.0616194,0,0
13.495,-0.311195284,-0.291648775,-0.487895548,1.06229138,0,0
13.5,-0.311195284,-0.291648775,-0.488150537,1.06296337,0,0
13.505,-0.311195284,-0.291648775,-0.488405496,1.06363523,0,0
13.51,-0.311195284,-0.291648775,-0.488660485,1.06430721,0,0
13.515,-0.311195284,-0.291648775,-0.488915473,1.0649792,0,0
13.52,-0.311195284,-0.291648775,-0.489170432,1.06565106,0,0
13.525,-0.311195284,-0.291648775,-0.489425421,1.06632292,0,0
13.53,-0.311195284,-0.291648775,-0.489680409,1.06699491,0,0
13.535,-0.311195284,-0.291648775,-0.489935398,1.06766677,0,0
13.54,-0.311195284,-0.291648775,-0.490190357,1.06833875,0,0
13.545,-0.311195284,-0.291648775,-0.490445346,1.06901073,0,0
13.55,-0.311195284,-0.291648775,-0.490700305,1.06968272,0,0
13.555,-0.311195284,-0.291648775,-0.490955293,1.07035458,0,0
13.56,-0.311195284,-0.291648775,-0.491210282,1.07102656,0,0
13.565,-0.311195284,-0.291648775,-0.491465271,1.07169855,0,0
13.57,-0.311195284,-0.291648775,-0.491720229,1.07237029,0,0
13.575,-0.311195284,-0.291648775,-0.491975218,1.07304227,0,0
13.58,-0.311195284,-0.291648775,-0.492230177,1.07371426,0,0
13.585,-0.311195284,-0.291648775,-0.492485166,1.07438612,0,0
13.59,-0.311195284,-0.291648775,-0.492740154,1.0750581,0,0
13.595,-0.311195284,-0.291648775,-0.492995143,1.07573009,0,0
13.6,-0.311195284,-0.291648775,-0.493250102,1.07640195,0,0
13.605,-0.311195284,-0.291648775,-0.49350509,1.07707393,0,0
13.61,-0.311195284,-0.291648775,-0.493760049,1.0777458,0,0
13.615,-0.311195284,-0.291648775,-0.494015038,1.07841766,0,0
13.62,-0.311195284,-0.291648775,-0.494270027,1.07908964,0,0
13.625,-0.311195284,-0.291648775,-0.494525015,1.07976162,0,0
13.63,-0.311195284,-0.291648775,-0.494779974,1.08043349,0,0
13.635,-0.311195284,-0.291648775,-0.495034963,1.08110547,0,0
13.64,-0.311195284,-0.291648775,-0.495289922,1.08177745,0,0
13.645,-0.311195284,-0.291648775,-0.49554491,1.08244932,0,0
13.65,-0.311195284,-0.291648775,-0.495799899,1.08312118,0,0
13.655,-0.311195284,-0.291648775,-0.496054858,1.08379316,0,0
13.66,-0.311195284,-0.291648775,-0.496309847,1.08446503,0,0
13.665,-0.311195284,-0.291648775,-0.496564835,1.08513701,0,0
13.67,-0.311195284,-0.291648775,-0.496819824,1.08580899,0,0
13.675,-0.311195284,-0.291648775,-0.497074783,1.08648098,0,0
13.68,-0.311195284,-0.291648775,-0.497329772,1.08715284,0,0
13.685,-0.311195284,-0.291648775,-0.49758473,1.08782482,0,0
13.69,-0.311195284,-0.291648775,-0.497839719,1.0884968,0,0
13.695,-0.311195284,-0.291648775,-0.498094708,1.08916855,0,0
13.7,-0.311195284,-0.291648775,-0.498349696,1.08984053,0,0
13.705,-0.311195284,-0.291648775,-0.498604655,1.09051251,0,0
13.71,-0.311195284,-0.291648775,-0.498859644,1.09118438,0,0
13.715,-0.311195284,-0.291648775,-0.499114603,1.09185636,0,0
13.72,-0.311195284,-0.291648775,-0.499369591,1.09252834,0,0
13.725,-0.311195284,-0.291648775,-0.49962458,1.09320021,0,0
13.73,-0.311195284,-0.291648775,-0.499879569,1.09387219,0,0
13.735,-0.311195284,-0.291648775,-0.500134528,1.09454405,0,0
13.74,-0.311195284,-0.291648775,-0.500389516,1.09521592,0,0
13.745,-0.311195284,-0.291648775,-0.500644505,1.0958879,0,0
13.75,-0.311195284,-0.291648775,-0.500899494,1.09655988,0,0
13.755,-0.311195284,-0.291648775,-0.501154423,1.09723175,0,0
13.76,-0.311195284,-0.291648775,-0.501409411,1.09790373,0,0
13.765,-0.311195284,-0.291648775,-0.5016644,1.09857571,0,0
13.77,-0.311195284,-0.291648775,-0.501919389,1.09924769,0,0
13.775,-0.311195284,-0.291648775,-0.502174377,1.09991944,0,0
13.78,-0.311195284,-0.291648775,-0.502429366,1.10059142,0,0
13.785,-0.311195284,-0.291648775,-0.502684355,1.1012634,0,0
13.79,-0.311195284,-0.291648775,-0.502939284,1.10193527,0,0
13.795,-0.311195284,-0.291648775,-0.503194273,1.10260725,0,0
13.8,-0.311195284,-0.291648775,-0.503449261,1.10327923,0,0
13.805,-0.311195284,-0.291648775,-0.50370425,1.1039511,0,0
13.81,-0.311195284,-0.291648775,-0.503959239,1.10462308,0,0
13.815,-0.311195284,-0.291648775,-0.504214168,1.10529506,0,0
13.82,-0.311195284,-0.291648775,-0.504469156,1.10596681,0,0
13.825,-0.311195284,-0.291648775,-0.504724145,1.10663879,0,0
13.83,-0.311195284,-0.291648775,-0.504979134,1.10731077,0,0
13.835,-0.311195284,-0.291648775,-0.505234122,1.10798264,0,0
13.84,-0.311195284,-0.291648775,-0.505489111,1.10865462,0,0
13.845,-0.311195284,-0.291648775,-0.50574404,1.1093266,0,0
13.85,-0.311195284,-0.291648775,-0.505999029,1.10999846,0,0
13.855,-0.311195284,-0.291648775,-0.506254017,1.11067045,0,0
13.86,-0.311195284,-0.291648775,-0.506509006,1.11134231,0,0
13.865,-0.311195284,-0.291648775,-0.506763995,1.11201417,0,0
13.87,-0.311195284,-0.291648775,-0.507018983,1.11268616,0,0
13.875,-0.311195284,-0.291648775,-0.507273912,1.11335814,0,0
13.88,-0.311195284,-0.291648775,-0.507528901,1.11403012,0,0
13.885,-0.311195284,-0.291648775,-0.50778389,1.11470199,0,0
13.89,-0.311195284,-0.291648775,-0.508038878,1.11537397,0,0
13.895,-0.311195284,-0.291648775,-0.508293867,1.11604595,0,0
13.9,-0.311195284,-0.291648775,-0.508548796,1.1167177,0,0
13.905,-0.311195284,-0.291648775,-0.508803785,1.11738968,0,0
13.91,-0.311195284,-0.291648775,-0.509058774,1.11806166,0,0
13.915,-0.311195284,-0.291648775,-0.509313762,1.11873353,0,0
13.92,-0.311195284,-0.291648775,-0.509568751,1.11940551,0,0
13.925,-0.311195284,-0.291648775,-0.50982374,1.12007749,0,0
13.93,-0.311195284,-0.291648775,-0.510078728,1.12074935,0,0
13.935,-0.311195284,-0.291648775,-0.510333657,1.12142134,0,0
13.94,-0.311195284,-0.291648775,-0.510588646,1.12209332,0,0
13.945,-0.311195284,-0.291648775,-0.510843635,1.12276506,0,0
13.95,-0.311195284,-0.291648775,-0.511098623,1.12343705,0,0
13.955,-0.311195284,-0.291648775,-0.511353612,1.12410903,0,0
13.96,-0.311195284,-0.291648775,-0.511608601,1.12478089,0,0
13.965,-0.311195284,-0.291648775,-0.51186353,1.12545288,0,0
13.97,-0.311195284,-0.291648775,-0.512118518,1.12612486,0,0
13.975,-0.311195284,-0.291648775,-0.512373507,1.12679684,0,0
13.98,-0.311195284,-0.291648775,-0.512628496,1.12746871,0,0
13.985,-0.311195284,-0.291648775,-0.512883484,1.12814057,0,0
13.99,-0.311195284,-0.291648775,-0.513138473,1.12881255,0,0
13.995,-0.311195284,-0.291648775,-0.513393402,1.12948442,0,0
14,-0.311195284,-0.291648775,-0.513648391,1.1301564,0,0
14.005,-0.311195284,-0.291648775,-0.513903379,1.13082838,0,0
14.01,-0.311195284,-0.291648775,-0.514158368,1.13150024,0,0
14.015,-0.311195284,-0.291648775,-0.514413357,1.13217223,0,0
14.02,-0.311195284,-0.291648775,-0.514668345,1.13284421,0,0
14.025,-0.311195284,-0.291648775,-0.514923275,1.13351595,0,0
14.03,-0.311195284,-0.291648775,-0.515178263,1.13418794,0,0
14.035,-0.311195284,-0.291648775,-0.515433252,1.13485992,0,0
14.04,-0.311195284,-0.291648775,-0.515688241,1.13553178,0,0
14.045,-0.311195284,-0.291648775,-0.515943229,1.13620377,0,0
14.05,-0.311195284,-0.291648775,-0.516198218,1.13687575,0,0
14.055,-0.311195284,-0.291648775,-0.516453147,1.13754761,0,0
14.06,-0.311195284,-0.291648775,-0.516708136,1.13821959,0,0
14.065,-0.311195284,-0.291648775,-0.516963124,1.13889158,0,0
14.07,-0.311195284,-0.291648775,-0.517218113,1.13956332,0,0
14.075,-0.311195284,-0.291648775,-0.517473102,1.1402353,0,0
14.08,-0.311195284,-0.291648775,-0.51772809,1.14090729,0,0
14.085,-0.311195284,-0.291648775,-0.517983019,1.14157927,0,0
14.09,-0.311195284,-0.291648775,-0.518238008,1.14225113,0,0
14.095,-0.311195284,-0.291648775,-0.518492997,1.14292312,0,0
14.1,-0.311195284,-0.291648775,-0.518747985,1.1435951,0,0
14.105,-0.311195284,-0.291648775,-0.519002974,1.14426696,0,0
14.11,-0.311195284,-0.291648775,-0.519257963,1.14493883,0,0
14.115,-0.311195284,-0.291648775,-0.519512892,1.14561081,0,0
14.12,-0.311195284,-0.291648775,-0.51976788,1.14628267,0,0
14.125,-0.311195284,-0.291648775,-0.520022869,1.14695466,0,0
14.13,-0.311195284,-0.291648775,-0.520277858,1.14762664,0,0
14.135,-0.311195284,-0.291648775,-0.520532846,1.1482985,0,0
14.14,-0.311195284,-0.291648775,-0.520787835,1.14897048,0,0
14.145,-0.311195284,-0.291648775,-0.521042764,1.14964247,0,0
14.15,-0.311195284,-0.291648775,-0.521297753,1.15031421,0,0
14.155,-0.311195284,-0.291648775,-0.521552742,1.15098619,0,0
14.16,-0.311195284,-0.291648775,-0.52180773,1.15165818,0,0
14.165,-0.311195284,-0.291648775,-0.522062719,1.15233004,0,0
14.17,-0.311195284,-0.291648775,-0.522317648,1.15300202,0,0
14.175,-0.311195284,-0.291648775,-0.522572637,1.15367401,0,0
14.18,-0.311195284,-0.291648775,-0.522827625,1.15434599,0,0
14.185,-0.311195284,-0.291648775,-0.523082614,1.15501785,0,0
14.19,-0.311195284,-0.291648775,-0.523337603,1.15568984,0,0
14.195,-0.311195284,-0.291648775,-0.523592591,1.1563617,0,0
14.2,-0.311195284,-0.291648775,-0.52384758,1.15703356,0,0
14.205,-0.311195284,-0.291648775,-0.524102569,1.15770555,0,0
14.21,-0.311195284,-0.291648775,-0.524357498,1.15837753,0,0
14.215,-0.311195284,-0.291648775,-0.524612486,1.15904939,0,0
14.22,-0.311195284,-0.291648775,-0.524867475,1.15972137,0,0
14.225,-0.311195284,-0.291648775,-0.525122464,1.16039336,0,0
14.23,-0.311195284,-0.291648775,-0.525377393,1.16106522,0,0
14.235,-0.311195284,-0.291648775,-0.525632381,1.16173708,0,0
14.24,-0.311195284,-0.291648775,-0.52588737,1.16240907,0,0
14.245,-0.311195284,-0.291648775,-0.526142359,1.16308093,0,0
14.25,-0.311195284,-0.291648775,-0.526397347,1.16375291,0,0
14.255,-0.311195284,-0.291648775,-0.526652336,1.1644249,0,0
14.26,-0.311195284,-0.291648775,-0.526907325,1.16509676,0,0
14.265,-0.311195284,-0.291648775,-0.527162313,1.16576874,0,0
14.27,-0.311195284,-0.291648775,-0.527417243,1.16644073,0,0
14.275,-0.311195284,-0.291648775,-0.527672231,1.16711247,0,0
14.28,-0.311195284,-0.291648775,-0.52792722,1.16778445,0,0
14.285,-0.311195284,-0.291648775,-0.528182209,1.16845644,0,0
