time_s,Mux2_1_ch1,Mux2_1_ch2,Mux2_1_ch3,Mux2_1_ch4,Mux2_1_ch5,Mux2_1_ch6
0,0,0,0,0,0,0
0.005,0,0,0,0,0,0
0.01,0,0,0,0,0,0
0.015,0,0,0,0,0,0
0.02,0,0,0,0,0,0
0.025,0,0,0,0,0,0
0.03,0,0,0,0,0,0
0.035,0,0,0,0,0,0
0.04,0,0,0,0,0,0
0.045,0,0,0,0,0,0
0.05,0,0,0,0,0,0
0.055,0,0,0,0,0,0
0.06,0,0,0,0,0,0
0.065,0,0,0,0,0,0
0.07,0,0,0,0,0,0
0.075,0,0,0,0,0,0
0.08,0,0,0,0,0,0
0.085,0,0,0,0,0,0
0.09,0,0,0,0,0,0
0.095,0,0,0,0,0,0
0.1,0,0,0,0,0,0
0.105,0,0,0,0,0,0
0.11,0,0,0,0,0,0
0.115,0,0,0,0,0,0
0.12,0,0,0,0,0,0
0.125,0,0,0,0,0,0
0.13,0,0,0,0,0,0
0.135,0,0,0,0,0,0
0.14,0,0,0,0,0,0
0.145,0,0,0,0,0,0
0.15,0,0,0,0,0,0
0.155,0,0,0,0,0,0
0.16,0,0,0,0,0,0
0.165,0,0,0,0,0,0
0.17,0,0,0,0,0,0
0.175,0,0,0,0,0,0
0.18,0,0,0,0,0,0
0.185,0,0,0,0,0,0
0.19,0,0,0,0,0,0
0.195,0,0,0,0,0,0
0.2,0,0,0,0,0,0
0.205,0,0,0,0,0,0
0.21,0,0,0,0,0,0
0.215,0,0,0,0,0,0
0.22,0,0,0,0,0,0
0.225,0,0,0,0,0,0
0.23,0,0,0,0,0,0
0.235,0,0,0,0,0,0
0.24,0,0,0,0,0,0
0.245,0,0,0,0,0,0
0.25,0,0,0,0,0,0
0.255,0,0,0,0,0,0
0.26,0,0,0,0,0,0
0.265,0,0,0,0,0,0
0.27,0,0,0,0,0,0
0.275,0,0,0,0,0,0
0.28,0,0,0,0,0,0
0.285,0,0,0,0,0,0
0.29,0,0,0,0,0,0
0.295,0,0,0,0,0,0
0.3,0,0,0,0,0,0
0.305,0,0,0,0,0,0
0.31,0,0,0,0,0,0
0.315,0,0,0,0,0,0
0.32,0,0,0,0,0,0
0.325,0,0,0,0,0,0
0.33,0,0,0,0,0,0
0.335,0,0,0,0,0,0
0.34,0,0,0,0,0,0
0.345,0,0,0,0,0,0
0.35,0,0,0,0,0,0
0.355,0,0,0,0,0,0
0.36,0,0,0,0,0,0
0.365,0,0,0,0,0,0
0.37,0,0,0,0,0,0
0.375,0,0,0,0,0,0
0.38,0,0,0,0,0,0
0.385,0,0,0,0,0,0
0.39,0,0,0,0,0,0
0.395,0,0,0,0,0,0
0.4,0,0,0,0,0,0
0.405,0,0,0,0,0,0
0.41,0,0,0,0,0,0
0.415,0,0,0,0,0,0
0.42,0,0,0,0,0,0
0.425,0,0,0,0,0,0
0.43,0,0,0,0,0,0
0.435,0,0,0,0,0,0
0.44,0,0,0,0,0,0
0.445,0,0,0,0,0,0
0.45,0,0,0,0,0,0
0.455,0,0,0,0,0,0
0.46,0,0,0,0,0,0
0.465,0,0,0,0,0,0
0.47,0,0,0,0,0,0
0.475,0,0,0,0,0,0
0.48,0,0,0,0,0,0
0.485,0,0,0,0,0,0
0.49,0,0,0,0,0,0
0.495,0,0,0,0,0,0
0.5,0,0,0,0,0,0
0.505,0,0,0,0,0,0
0.51,0,0,0,0,0,0
0.515,0,0,0,0,0,0
0.52,0,0,0,0,0,0
0.525,0,0,0,0,0,0
0.53,0,0,0,0,0,0
0.535,0,0,0,0,0,0
0.54,0,0,0,0,0,0
0.545,0,0,0,0,0,0
0.55,0,0,0,0,0,0
0.555,0,0,0,0,0,0
0.56,0,0,0,0,0,0
0.565,0,0,0,0,0,0
0.57,0,0,0,0,0,0
0.575,0,0,0,0,0,0
0.58,0,0,0,0,0,0
0.585,0,0,0,0,0,0
0.59,0,0,0,0,0,0
0.595,0,0,0,0,0,0
0.6,0,0,0,0,0,0
0.605,0,0,0,0,0,0
0.61,0,0,0,0,0,0
0.615,0,0,0,0,0,0
0.62,0,0,0,0,0,0
0.625,0,0,0,0,0,0
0.63,0,0,0,0,0,0
0.635,0,0,0,0,0,0
0.64,0,0,0,0,0,0
0.645,0,0,0,0,0,0
0.65,0,0,0,0,0,0
0.655,0,0,0,0,0,0
0.66,0,0,0,0,0,0
0.665,0,0,0,0,0,0
0.67,0,0,0,0,0,0
0.675,0,0,0,0,0,0
0.68,0,0,0,0,0,0
0.685,0,0,0,0,0,0
0.69,0,0,0,0,0,0
0.695,0,0,0,0,0,0
0.7,0,0,0,0,0,0
0.705,0,0,0,0,0,0
0.71,0,0,0,0,0,0
0.715,0,0,0,0,0,0
0.72,0,0,0,0,0,0
0.725,0,0,0,0,0,0
0.73,0,0,0,0,0,0
0.735,0,0,0,0,0,0
0.74,0,0,0,0,0,0
0.745,0,0,0,0,0,0
0.75,0,0,0,0,0,0
0.755,0,0,0,0,0,0
0.76,0,0,0,0,0,0
0.765,0,0,0,0,0,0
0.77,0,0,0,0,0,0
0.775,0,0,0,0,0,0
0.78,0,0,0,0,0,0
0.785,0,0,0,0,0,0
0.79,0,0,0,0,0,0
0.795,0,0,0,0,0,0
0.8,0,0,0,0,0,0
0.805,0,0,0,0,0,0
0.81,0,0,0,0,0,0
0.815,0,0,0,0,0,0
0.82,0,0,0,0,0,0
0.825,0,0,0,0,0,0
0.83,0,0,0,0,0,0
0.835,0,0,0,0,0,0
0.84,0,0,0,0,0,0
0.845,0,0,0,0,0,0
0.85,0,0,0,0,0,0
0.855,0,0,0,0,0,0
0.86,0,0,0,0,0,0
0.865,0,0,0,0,0,0
0.87,0,0,0,0,0,0
0.875,0,0,0,0,0,0
0.88,0,0,0,0,0,0
0.885,0,0,0,0,0,0
0.89,0,0,0,0,0,0
0.895,0,0,0,0,0,0
0.9,0,0,0,0,0,0
0.905,0,0,0,0,0,0
0.91,0,0,0,0,0,0
0.915,0,0,0,0,0,0
0.92,0,0,0,0,0,0
0.925,0,0,0,0,0,0
0.93,0,0,0,0,0,0
0.935,0,0,0,0,0,0
0.94,0,0,0,0,0,0
0.945,0,0,0,0,0,0
0.95,0,0,0,0,0,0
0.955,0,0,0,0,0,0
0.96,0,0,0,0,0,0
0.965,0,0,0,0,0,0
0.97,0,0,0,0,0,0
0.975,0,0,0,0,0,0
0.98,0,0,0,0,0,0
0.985,0,0,0,0,0,0
0.99,0,0,0,0,0,0
0.995,0,0,0,0,0,0
1,0,0,0,0,0,0
1.005,0,0,0,0,0,0
1.01,0,0,0,0,0,0
1.015,0,0,0,0,0,0
1.02,0,0,0,0,0,0
1.025,0,0,0,0,0,0
1.03,0,0,0,0,0,0
1.035,0,0,0,0,0,0
1.04,0,0,0,0,0,0
1.045,0,0,0,0,0,0
1.05,0,0,0,0,0,0
1.055,0,0,0,0,0,0
1.06,0,0,0,0,0,0
1.065,0,0,0,0,0,0
1.07,0,0,0,0,0,0
1.075,0,0,0,0,0,0
1.08,0,0,0,0,0,0
1.085,0,0,0,0,0,0
1.09,0,0,0,0,0,0
1.095,0,0,0,0,0,0
1.1,0,0,0,0,0,0
1.105,0,0,0,0,0,0
1.11,0,0,0,0,0,0
1.115,0,0,0,0,0,0
1.12,0,0,0,0,0,0
1.125,0,0,0,0,0,0
1.13,0,0,0,0,0,0
1.135,0,0,0,0,0,0
1.14,0,0,0,0,0,0
1.145,0,0,0,0,0,0
1.15,0,0,0,0,0,0
1.155,0,0,0,0,0,0
1.16,0,0,0,0,0,0
1.165,0,0,0,0,0,0
1.17,0,0,0,0,0,0
1.175,0,0,0,0,0,0
1.18,0,0,0,0,0,0
1.185,0,0,0,0,0,0
1.19,0,0,0,0,0,0
1.195,0,0,0,0,0,0
1.2,0,0,0,0,0,0
1.205,0,0,0,0,0,0
1.21,0,0,0,0,0,0
1.215,0,0,0,0,0,0
1.22,0,0,0,0,0,0
1.225,0,0,0,0,0,0
1.23,0,0,0,0,0,0
1.235,0,0,0,0,0,0
1.24,0,0,0,0,0,0
1.245,0,0,0,0,0,0
1.25,0,0,0,0,0,0
1.255,0,0,0,0,0,0
1.26,0,0,0,0,0,0
1.265,0,0,0,0,0,0
1.27,0,0,0,0,0,0
1.275,0,0,0,0,0,0
1.28,0,0,0,0,0,0
1.285,0,0,0,0,0,0
1.29,0,0,0,0,0,0
1.295,0,0,0,0,0,0
1.3,0,0,0,0,0,0
1.305,0,0,0,0,0,0
1.31,0,0,0,0,0,0
1.315,0,0,0,0,0,0
1.32,0,0,0,0,0,0
1.325,0,0,0,0,0,0
1.33,0,0,0,0,0,0
1.335,0,0,0,0,0,0
1.34,0,0,0,0,0,0
1.345,0,0,0,0,0,0
1.35,0,0,0,0,0,0
1.355,0,0,0,0,0,0
1.36,0,0,0,0,0,0
1.365,0,0,0,0,0,0
1.37,0,0,0,0,0,0
1.375,0,0,0,0,0,0
1.38,0,0,0,0,0,0
1.385,0,0,0,0,0,0
1.39,0,0,0,0,0,0
1.395,0,0,0,0,0,0
1.4,0,0,0,0,0,0
1.405,0,0,0,0,0,0
1.41,0,0,0,0,0,0
1.415,0,0,0,0,0,0
1.42,0,0,0,0,0,0
1.425,0,0,0,0,0,0
1.43,0,0,0,0,0,0
1.435,0,0,0,0,0,0
1.44,0,0,0,0,0,0
1.445,0,0,0,0,0,0
1.45,0,0,0,0,0,0
1.455,0,0,0,0,0,0
1.46,0,0,0,0,0,0
1.465,0,0,0,0,0,0
1.47,0,0,0,0,0,0
1.475,0,0,0,0,0,0
1.48,0,0,0,0,0,0
1.485,0,0,0,0,0,0
1.49,0,0,0,0,0,0
1.495,0,0,0,0,0,0
1.5,0,0,0,0,0,0
1.505,0,0,0,0,0,0
1.51,0,0,0,0,0,0
1.515,0,0,0,0,0,0
1.52,0,0,0,0,0,0
1.525,0,0,0,0,0,0
1.53,0,0,0,0,0,0
1.535,0,0,0,0,0,0
1.54,0,0,0,0,0,0
1.545,0,0,0,0,0,0
1.55,0,0,0,0,0,0
1.555,0,0,0,0,0,0
1.56,0,0,0,0,0,0
1.565,0,0,0,0,0,0
1.57,0,0,0,0,0,0
1.575,0,0,0,0,0,0
1.58,0,0,0,0,0,0
1.585,0,0,0,0,0,0
1.59,0,0,0,0,0,0
1.595,0,0,0,0,0,0
1.6,0,0,0,0,0,0
1.605,0,0,0,0,0,0
1.61,0,0,0,0,0,0
1.615,0,0,0,0,0,0
1.62,0,0,0,0,0,0
1.625,0,0,0,0,0,0
1.63,0,0,0,0,0,0
1.635,0,0,0,0,0,0
1.64,0,0,0,0,0,0
1.645,0,0,0,0,0,0
1.65,0,0,0,0,0,0
1.655,0,0,0,0,0,0
1.66,0,0,0,0,0,0
1.665,0,0,0,0,0,0
1.67,0,0,0,0,0,0
1.675,0,0,0,0,0,0
1.68,0,0,0,0,0,0
1.685,0,0,0,0,0,0
1.69,0,0,0,0,0,0
1.695,0,0,0,0,0,0
1.7,0,0,0,0,0,0
1.705,0,0,0,0,0,0
1.71,0,0,0,0,0,0
1.715,0,0,0,0,0,0
1.72,0,0,0,0,0,0
1.725,0,0,0,0,0,0
1.73,0,0,0,0,0,0
1.735,0,0,0,0,0,0
1.74,0,0,0,0,0,0
1.745,0,0,0,0,0,0
1.75,0,0,0,0,0,0
1.755,0,0,0,0,0,0
1.76,0,0,0,0,0,0
1.765,0,0,0,0,0,0
1.77,0,0,0,0,0,0
1.775,0,0,0,0,0,0
1.78,0,0,0,0,0,0
1.785,0,0,0,0,0,0
1.79,0,0,0,0,0,0
1.795,0,0,0,0,0,0
1.8,0,0,0,0,0,0
1.805,0,0,0,0,0,0
1.81,0,0,0,0,0,0
1.815,0,0,0,0,0,0
1.82,0,0,0,0,0,0
1.825,0,0,0,0,0,0
1.83,0,0,0,0,0,0
1.835,0,0,0,0,0,0
1.84,0,0,0,0,0,0
1.845,0,0,0,0,0,0
1.85,0,0,0,0,0,0
1.855,0,0,0,0,0,0
1.86,0,0,0,0,0,0
1.865,0,0,0,0,0,0
1.87,0,0,0,0,0,0
1.875,0,0,0,0,0,0
1.88,0,0,0,0,0,0
1.885,0,0,0,0,0,0
1.89,0,0,0,0,0,0
1.895,0,0,0,0,0,0
1.9,0,0,0,0,0,0
1.905,0,0,0,0,0,0
1.91,0,0,0,0,0,0
1.915,0,0,0,0,0,0
1.92,0,0,0,0,0,0
1.925,0,0,0,0,0,0
1.93,0,0,0,0,0,0
1.935,0,0,0,0,0,0
1.94,0,0,0,0,0,0
1.945,0,0,0,0,0,0
1.95,0,0,0,0,0,0
1.955,0,0,0,0,0,0
1.96,0,0,0,0,0,0
1.965,0,0,0,0,0,0
1.97,0,0,0,0,0,0
1.975,0,0,0,0,0,0
1.98,0,0,0,0,0,0
1.985,0,0,0,0,0,0
1.99,0,0,0,0,0,0
1.995,0,0,0,0,0,0
2,0,0,0,0,0,0
2.005,0,0,0,0,0,0
2.01,0,0,0,0,0,0
2.015,0,0,0,0,0,0
2.02,0,0,0,0,0,0
2.025,0,0,0,0,0,0
2.03,0,0,0,0,0,0
2.035,0,0,0,0,0,0
2.04,0,0,0,0,0,0
2.045,0,0,0,0,0,0
2.05,0,0,0,0,0,0
2.055,0,0,0,0,0,0
2.06,0,0,0,0,0,0
2.065,0,0,0,0,0,0
2.07,0,0,0,0,0,0
2.075,0,0,0,0,0,0
2.08,0,0,0,0,0,0
2.085,0,0,0,0,0,0
2.09,0,0,0,0,0,0
2.095,0,0,0,0,0,0
2.1,0,0,0,0,0,0
2.105,0,0,0,0,0,0
2.11,0,0,0,0,0,0
2.115,0,0,0,0,0,0
2.12,0,0,0,0,0,0
2.125,0,0,0,0,0,0
2.13,0,0,0,0,0,0
2.135,0,0,0,0,0,0
2.14,0,0,0,0,0,0
2.145,0,0,0,0,0,0
2.15,0,0,0,0,0,0
2.155,0,0,0,0,0,0
2.16,0,0,0,0,0,0
2.165,0,0,0,0,0,0
2.17,0,0,0,0,0,0
2.175,0,0,0,0,0,0
2.18,0,0,0,0,0,0
2.185,0,0,0,0,0,0
2.19,0,0,0,0,0,0
2.195,0,0,0,0,0,0
2.2,0,0,0,0,0,0
2.205,0,0,0,0,0,0
2.21,0,0,0,0,0,0
2.215,0,0,0,0,0,0
2.22,0,0,0,0,0,0
2.225,0,0,0,0,0,0
2.23,0,0,0,0,0,0
2.235,0,0,0,0,0,0
2.24,0,0,0,0,0,0
2.245,0,0,0,0,0,0
2.25,0,2.19897461,0,2.19897461,0,0
2.255,0,2.19897461,0,2.20362854,0,0
2.26,0,2.19897461,0,2.20828247,0,0
2.265,0,2.19897461,0,2.21295166,0,0
2.27,0,2.22389221,0,2.22389221,0,0
2.275,0,2.36230469,0,2.36230469,0,0
2.28,0,2.35653687,0,2.35653687,0,0
2.285,0,2.35653687,0,2.35575867,0,0
2.29,0,2.32849121,0,2.32849121,0,0
2.295,0,2.40597534,0,2.40597534,0,0
2.3,0,2.40597534,0,2.41763306,0,0
2.305,0,2.40597534,0,2.42930603,0,0
2.31,0,2.37219238,0,2.37219238,0,0
2.315,0,2.32910156,0,2.32910156,0,0
2.32,0,2.32910156,0,2.32220459,0,0
2.325,0,2.32910156,0,2.31530762,0,0
2.33,0,2.32910156,0,2.30841064,0,0
2.335,0,2.32910156,0,2.30151367,0,0
2.34,0,2.35054016,0,2.35054016,0,0
2.345,0,2.40664673,0,2.40664673,0,0
2.35,0,3.02754211,0,3.02754211,0,0
2.355,0,3.42301941,0,3.42301941,0,0
2.36,0,3.85612488,0,3.85612488,0,0
2.365,0,3.85612488,0,3.91297913,0,0
2.37,0,3.85612488,0,3.96984863,0,0
2.375,0,3.85612488,0,4.02670288,0,0
2.38,0,3.8117218,0,3.8117218,0,0
2.385,0,3.8117218,0,3.80639648,0,0
2.39,0,3.8117218,0,3.80108643,0,0
2.395,0,3.8117218,0,3.79577637,0,0
2.4,0,3.74562073,0,3.74562073,0,0
2.405,0,3.76748657,0,3.76748657,0,0
2.41,0,3.74807739,0,3.74807739,0,0
2.415,0,3.74807739,0,3.74612427,0,0
2.42,0,3.85762024,0,3.85762024,0,0
2.425,0,3.83265686,0,3.83265686,0,0
2.43,0,3.83265686,0,3.8289032,0,0
2.435,0,3.83265686,0,3.82513428,0,0
2.44,0,3.79698181,0,3.79698181,0,0
2.445,0,3.51689148,0,3.51689148,0,0
2.45,0,3.51689148,0,3.47343445,0,0
2.455,0,3.51689148,0,3.42997742,0,0
2.46,0,3.50505066,0,3.50505066,0,0
2.465,0,3.21632385,0,3.21632385,0,0
2.47,0,3.21632385,0,3.17860413,0,0
2.475,0,3.21632385,0,3.14086914,0,0
2.48,0,2.60942078,0,2.60942078,0,0
2.485,0,2.23136902,0,2.23136902,0,0
2.49,0,2.23136902,0,2.21606445,0,0
2.495,0,2.23136902,0,2.20075989,0,0
2.5,0,2.22514343,0,2.22514343,0,0
2.505,0,2.6933136,0,2.6933136,0,0
2.51,0,2.6933136,0,2.71760559,0,0
2.515,0,2.6933136,0,2.74189758,0,0
2.52,0,3.24954224,0,3.24954224,0,0
2.525,0,3.56340027,0,3.56340027,0,0
2.53,0,3.56340027,0,3.55514526,0,0
2.535,0,3.56340027,0,3.54689026,0,0
2.54,0,3.22059631,0,3.22059631,0,0
2.545,0,2.6245575,0,2.6245575,0,0
2.55,0,2.43034363,0,2.43034363,0,0
2.555,0,2.43034363,0,2.40272522,0,0
2.56,0,2.07540894,0,2.07540894,0,0
2.565,0,2.07540894,0,5.01020813,0,0
2.57,0,2.07540894,0,7.94500732,0,0
2.575,0,2.07540894,0,10.8798218,0,0
2.58,0,2.4821167,0,2.4821167,0,0
2.585,0,2.26745605,0,2.26745605,0,0
2.59,0,2.26745605,0,2.23712158,0,0
2.595,0,2.26745605,0,2.20678711,0,0
2.6,0,2.37416077,0,2.37416077,0,0
2.605,0,2.10093689,0,2.10093689,0,0
2.61,0,2.08201599,0,2.08201599,0,0
2.615,0,2.08201599,0,2.07878113,0,0
2.62,0,2.31568909,0,2.31568909,0,0
2.625,0,2.03718567,0,2.03718567,0,0
2.63,0,2.03718567,0,1.97781372,0,0
2.635,0,2.03718567,0,1.91844177,0,0
2.64,0,1.21269226,0,1.21269226,0,0
2.645,0,1.95178223,0,1.95178223,0,0
2.65,0,1.95178223,0,1.8788147,0,0
2.655,0,1.95178223,0,1.80583191,0,0
2.66,0,2.15261841,0,2.15261841,0,0
2.665,0,2.10835266,0,2.10835266,0,0
2.67,0,2.10835266,0,2.08425903,0,0
2.675,0,2.10835266,0,2.06016541,0,0
2.68,0,1.65126038,0,1.65126038,0,0
2.685,0,1.22047424,0,1.22047424,0,0
2.69,0,1.22047424,0,1.18505859,0,0
2.695,0,1.22047424,0,1.14964294,0,0
2.7,0,0.618789673,0,0.618789673,0,0
2.705,0,0.671127319,0,0.671127319,0,0
2.71,0,0.671127319,0,0.660476685,0,0
2.715,0,0.671127319,0,0.649810791,0,0
2.72,0,0.671127319,0,0.639160156,0,0
2.725,0,0.671127319,0,0.628494263,0,0
2.73,0,1.14881897,0,1.14881897,0,0
2.735,0,1.11299133,0,1.11299133,0,0
2.74,0,1.11299133,0,1.18074036,0,0
2.745,0,1.11299133,0,1.24848938,0,0
2.75,0,0.484725952,0,0.484725952,0,0
2.755,0,0.0753479004,0,0.0753479004,0,0
2.76,0,0.0753479004,0,-0.00300598145,0,0
2.765,0,0.0753479004,0,-0.0813598633,0,0
2.77,0,0.355422974,0,0.355422974,0,0
2.775,0,0.688079834,0,0.688079834,0,0
2.78,0,0.688079834,0,0.704650879,0,0
2.785,0,0.688079834,0,0.721206665,0,0
2.79,0,0.590423584,0,0.590423584,0,0
2.795,0,0.833877563,0,0.833877563,0,0
2.8,0,0.833877563,0,0.99887085,0,0
2.805,0,0.833877563,0,1.16386414,0,0
2.81,0,0.64982605,0,0.64982605,0,0
2.815,0,0.689666748,0,0.689666748,0,0
2.82,0,0.689666748,0,0.695846558,0,0
2.825,0,0.689666748,0,0.702026367,0,0
2.83,0,0.950531006,0,0.950531006,0,0
2.835,0,-0.128540039,0,-0.128540039,0,0
2.84,0,-0.128540039,0,-0.295959473,0,0
2.845,0,-0.128540039,0,-0.463378906,0,0
2.85,0,0.511276245,0,0.511276245,0,0
2.855,0,0.673995972,0,0.673995972,0,0
2.86,0,0.673995972,0,0.698501587,0,0
2.865,0,0.673995972,0,0.722991943,0,0
2.87,0,0.940582275,0,0.940582275,0,0
2.875,0,0.99571228,0,0.99571228,0,0
2.88,0,0.99571228,0,1.00427246,0,0
2.885,0,0.99571228,0,1.01281738,0,0
2.89,0,1.0231781,0,1.0231781,0,0
2.895,0,0.618331909,0,0.618331909,0,0
2.9,0,0.618331909,0,0.55355835,0,0
2.905,0,0.618331909,0,0.48878479,0,0
2.91,0,0.638442993,0,0.638442993,0,0
2.915,0,0.79850769,0,0.79850769,0,0
2.92,0,0.79850769,0,0.822601318,0,0
2.925,0,0.79850769,0,0.846710205,0,0
2.93,0,1.1915741,0,1.1915741,0,0
2.935,0,1.22299194,0,1.22299194,0,0
2.94,0,0.917633057,0,0.917633057,0,0
2.945,0,0.917633057,0,0.886550903,0,0
2.95,0,0.841674805,0,0.841674805,0,0
2.955,0,0.0385742188,0,0.0385742188,0,0
2.96,0,0.0385742188,0,-0.0122680664,0,0
2.965,0,0.0385742188,0,-0.0631256104,0,0
2.97,0,0.349197388,0,0.349197388,0,0
2.975,0,0.0660858154,0,0.0660858154,0,0
2.98,0,0.0660858154,0,0.0179290771,0,0
2.985,0,0.0660858154,0,-0.0302124023,0,0
2.99,0,0.314361572,0,0.314361572,0,0
2.995,0,0.146713257,0,0.146713257,0,0
3,0,0.146713257,0,0.116226196,0,0
3.005,0,0.146713257,0,0.085723877,0,0
3.01,0,-0.58052063,0,-0.58052063,0,0
3.015,0,-0.267440796,0,-0.267440796,0,0
3.02,0,-0.267440796,0,-0.222915649,0,0
3.025,0,-0.267440796,0,-0.178390503,0,0
3.03,0,-0.231369019,0,-0.231369019,0,0
3.035,0,-0.308670044,0,-0.308670044,0,0
3.04,0,-0.308670044,0,-0.318328857,0,0
3.045,0,-0.308670044,0,-0.327972412,0,0
3.05,0,0.306121826,0,0.306121826,0,0
3.055,0,0.124847412,0,0.124847412,0,0
3.06,0,0.124847412,0,0.0975494385,0,0
3.065,0,0.124847412,0,0.0702514648,0,0
3.07,0,0.444671631,0,0.444671631,0,0
3.075,0,-0.0567932129,0,-0.0567932129,0,0
3.08,0,-0.0567932129,0,-0.137023926,0,0
3.085,0,-0.0567932129,0,-0.217254639,0,0
3.09,0,0.32043457,0,0.32043457,0,0
3.095,0,0.760223389,0,0.760223389,0,0
3.1,0,0.760223389,0,0.824554443,0,0
3.105,0,0.760223389,0,0.888900757,0,0
3.11,0,0.760223389,0,0.953231812,0,0
3.115,0,0.760223389,0,1.01756287,0,0
3.12,0,0.503494263,0,0.503494263,0,0
3.125,0,0.404556274,0,0.404556274,0,0
3.13,0,0.987426758,0,0.987426758,0,0
3.135,0,0.694824219,0,0.694824219,0,0
3.14,0,0.694824219,0,0.65171814,0,0
3.145,0,0.694824219,0,0.608627319,0,0
3.15,0,0.694824219,0,0.565536499,0,0
3.155,0,0.694824219,0,0.52243042,0,0
3.16,0,1.23576355,0,1.23576355,0,0
3.165,0,1.40602112,0,1.40602112,0,0
3.17,0,1.40602112,0,1.42956543,0,0
3.175,0,1.40602112,0,1.453125,0,0
3.18,0,1.52409363,0,1.52409363,0,0
3.185,0,1.76119995,0,1.76119995,0,0
3.19,0,1.24725342,0,1.24725342,0,0
3.195,0,1.24725342,0,1.18307495,0,0
3.2,0,0.995513916,0,0.995513916,0,0
3.205,0,1.1444397,0,1.1444397,0,0
3.21,0,1.1444397,0,1.16827393,0,0
3.215,0,1.1444397,0,1.19210815,0,0
3.22,0,1.46536255,0,1.46536255,0,0
3.225,0,1.66465759,0,1.66465759,0,0
3.23,0,1.66465759,0,1.6975708,0,0
3.235,0,1.66465759,0,1.73048401,0,0
3.24,0,2.04368591,0,2.04368591,0,0
3.245,0,1.64308167,0,1.64308167,0,0
3.25,0,1.64308167,0,1.58610535,0,0
3.255,0,1.64308167,0,1.52912903,0,0
3.26,0,1.44628906,0,1.44628906,0,0
3.265,0,2.01739502,0,2.01739502,0,0
3.27,0,2.01739502,0,2.11172485,0,0
3.275,0,2.01739502,0,2.20603943,0,0
3.28,0,2.11810303,0,2.11810303,0,0
3.285,0,2.23582458,0,2.23582458,0,0
3.29,0,2.23582458,0,2.25408936,0,0
3.295,0,2.23582458,0,2.27235413,0,0
3.3,0,1.55253601,0,1.55253601,0,0
3.305,0,1.61076355,0,1.61076355,0,0
3.31,0,1.61076355,0,1.61572266,0,0
3.315,0,1.61076355,0,1.62069702,0,0
3.32,0,0.87940979,0,0.87940979,0,0
3.325,0,0.245773315,0,0.245773315,0,0
3.33,0,0.357772827,0,0.357772827,0,0
3.335,0,0.357772827,0,0.320266724,0,0
3.34,0,0.0743865967,0,0.0743865967,0,0
3.345,0,0.0743865967,0,0.055557251,0,0
3.35,0,0.0743865967,0,0.0367126465,0,0
3.355,0,0.0743865967,0,0.0178833008,0,0
3.36,0,0.465774536,0,0.465774536,0,0
3.365,0,0.656219482,0,0.656219482,0,0
3.37,0,0.656219482,0,0.682571411,0,0
3.375,0,0.656219482,0,0.70892334,0,0
3.38,0,2.25743103,0,2.25743103,0,0
3.385,0,2.68058777,0,2.68058777,0,0
3.39,0,2.68058777,0,2.74430847,0,0
3.395,0,2.68058777,0,2.80802917,0,0
3.4,0,2.35548401,0,2.35548401,0,0
3.405,0,2.35548401,0,2.32627869,0,0
3.41,0,2.35548401,0,2.29707336,0,0
3.415,0,2.35548401,0,2.26786804,0,0
3.42,0,2.86830139,0,2.86830139,0,0
3.425,0,2.86830139,0,2.88948059,0,0
3.43,0,2.86830139,0,2.91064453,0,0
3.435,0,2.86830139,0,2.93182373,0,0
3.44,0,2.86830139,0,2.95300293,0,0
3.445,0,2.86830139,0,2.97416687,0,0
3.45,0,2.86830139,0,2.99534607,0,0
3.455,0,2.86830139,0,3.01652527,0,0
3.46,0,2.86830139,0,3.03770447,0,0
3.465,0,2.86830139,0,3.05886841,0,0
3.47,0,2.86830139,0,3.08004761,0,0
3.475,0,2.86830139,0,3.10122681,0,0
3.48,0,2.86830139,0,3.12239075,0,0
3.485,0,2.86830139,0,3.14356995,0,0
3.49,0,2.86830139,0,3.16474915,0,0
3.495,0,2.86830139,0,3.18591309,0,0
3.5,0,2.86830139,0,3.20709229,0,0
3.505,0,2.86830139,0,3.22827148,0,0
3.51,0,2.86830139,0,3.24943542,0,0
3.515,0,2.86830139,0,3.27061462,0,0
3.52,0,2.86830139,0,3.29179382,0,0
3.525,0,2.86830139,0,3.31297302,0,0
3.53,0,2.86830139,0,3.33413696,0,0
3.535,0,2.86830139,0,3.35531616,0,0
3.54,0,2.86830139,0,3.37649536,0,0
3.545,0,2.86830139,0,3.3976593,0,0
3.55,0,2.86830139,0,3.4188385,0,0
3.555,0,2.86830139,0,3.4400177,0,0
3.56,0,2.86830139,0,3.46118164,0,0
3.565,0,2.86830139,0,3.48236084,0,0
3.57,0,2.86830139,0,3.50354004,0,0
3.575,0,2.86830139,0,3.52470398,0,0
3.58,0,2.86830139,0,3.54588318,0,0
3.585,0,2.86830139,0,3.56706238,0,0
3.59,0,2.86830139,0,3.58822632,0,0
3.595,0,2.86830139,0,3.60940552,0,0
3.6,0,2.86830139,0,3.63058472,0,0
3.605,0,2.86830139,0,3.65176392,0,0
3.61,0,2.86830139,0,3.67292786,0,0
3.615,0,2.86830139,0,3.69410706,0,0
3.62,0,2.86830139,0,3.71528625,0,0
3.625,0,2.86830139,0,3.7364502,0,0
3.63,0,2.86830139,0,3.75762939,0,0
3.635,0,2.86830139,0,3.77880859,0,0
3.64,0,2.86830139,0,3.79997253,0,0
3.645,0,2.86830139,0,3.82115173,0,0
3.65,0,2.86830139,0,3.84233093,0,0
3.655,0,2.86830139,0,3.86349487,0,0
3.66,0,2.86830139,0,3.88467407,0,0
3.665,0,2.86830139,0,3.90585327,0,0
3.67,0,2.86830139,0,3.92703247,0,0
3.675,0,2.86830139,0,3.94819641,0,0
3.68,0,2.86830139,0,3.96937561,0,0
3.685,0,2.86830139,0,3.99055481,0,0
3.69,0,2.86830139,0,4.01171875,0,0
3.695,0,2.86830139,0,4.03289795,0,0
3.7,0,2.86830139,0,4.05407715,0,0
3.705,0,2.86830139,0,4.07524109,0,0
3.71,0,2.86830139,0,4.09642029,0,0
3.715,0,2.86830139,0,4.11759949,0,0
3.72,0,2.86830139,0,4.13876343,0,0
3.725,0,2.86830139,0,4.15994263,0,0
3.73,0,2.86830139,0,4.18112183,0,0
3.735,0,2.86830139,0,4.20230103,0,0
3.74,0,2.86830139,0,4.22346497,0,0
3.745,0,2.86830139,0,4.24464417,0,0
3.75,0,2.86830139,0,4.26582336,0,0
3.755,0,2.86830139,0,4.2869873,0,0
3.76,0,2.86830139,0,4.3081665,0,0
3.765,0,2.86830139,0,4.3293457,0,0
3.77,0,2.86830139,0,4.35050964,0,0
3.775,0,2.86830139,0,4.37168884,0,0
3.78,0,2.86830139,0,4.39286804,0,0
3.785,0,2.86830139,0,4.41403198,0,0
3.79,0,2.86830139,0,4.43521118,0,0
3.795,0,2.86830139,0,4.45639038,0,0
3.8,0,2.86830139,0,4.47756958,0,0
3.805,0,2.86830139,0,4.49873352,0,0
3.81,0,2.86830139,0,4.51991272,0,0
3.815,0,2.86830139,0,4.54109192,0,0
3.82,0,2.86830139,0,4.56225586,0,0
3.825,0,2.86830139,0,4.58343506,0,0
3.83,0,2.86830139,0,4.60461426,0,0
3.835,0,2.86830139,0,4.6257782,0,0
3.84,0,2.86830139,0,4.6469574,0,0
3.845,0,2.86830139,0,4.6681366,0,0
3.85,0,2.86830139,0,4.68930054,0,0
3.855,0,2.86830139,0,4.71047974,0,0
3.86,0,2.86830139,0,4.73165894,0,0
3.865,0,2.86830139,0,4.75283813,0,0
3.87,0,2.86830139,0,4.77400208,0,0
3.875,0,2.86830139,0,4.79518127,0,0
3.88,0,2.86830139,0,4.81636047,0,0
3.885,0,2.86830139,0,4.83752441,0,0
3.89,0,2.86830139,0,4.85870361,0,0
3.895,0,2.86830139,0,4.87988281,0,0
3.9,0,2.86830139,0,4.90104675,0,0
3.905,0,2.86830139,0,4.92222595,0,0
3.91,0,2.86830139,0,4.94340515,0,0
3.915,0,2.86830139,0,4.96456909,0,0
3.92,0,2.86830139,0,4.98574829,0,0
3.925,0,2.86830139,0,5.00692749,0,0
3.93,0,2.86830139,0,5.02809143,0,0
3.935,0,2.86830139,0,5.04927063,0,0
3.94,0,2.86830139,0,5.07044983,0,0
3.945,0,2.86830139,0,5.09162903,0,0
3.95,0,2.86830139,0,5.11279297,0,0
3.955,0,2.86830139,0,5.13397217,0,0
3.96,0,2.86830139,0,5.15515137,0,0
3.965,0,2.86830139,0,5.17631531,0,0
3.97,0,2.86830139,0,5.19749451,0,0
3.975,0,2.86830139,0,5.21867371,0,0
3.98,0,2.86830139,0,5.23983765,0,0
3.985,0,2.86830139,0,5.26101685,0,0
3.99,0,2.86830139,0,5.28219604,0,0
3.995,0,2.86830139,0,5.30335999,0,0
4,0,2.86830139,0,5.32453918,0,0
4.005,0,2.86830139,0,5.34571838,0,0
4.01,0,2.86830139,0,5.36689758,0,0
4.015,0,2.86830139,0,5.38383484,0,0
4.02,0,2.86830139,0,5.40924072,0,0
4.025,0,2.86830139,0,5.43041992,0,0
4.03,0,2.86830139,0,5.45158386,0,0
4.035,0,2.86830139,0,5.47276306,0,0
4.04,0,2.86830139,0,5.49394226,0,0
4.045,0,2.86830139,0,5.5151062,0,0
4.05,0,2.86830139,0,5.5362854,0,0
4.055,0,2.86830139,0,5.55322266,0,0
4.06,0,2.86830139,0,5.57862854,0,0
4.065,0,2.86830139,0,5.59980774,0,0
4.07,0,2.86830139,0,5.62098694,0,0
4.075,0,2.86830139,0,5.64215088,0,0
4.08,0,2.86830139,0,5.66333008,0,0
4.085,0,2.86830139,0,5.68450928,0,0
4.09,0,2.86830139,0,5.70568848,0,0
4.095,0,2.86830139,0,5.72262573,0,0
4.1,0,2.86830139,0,5.74803162,0,0
4.105,0,2.86830139,0,5.76921082,0,0
4.11,0,2.86830139,0,5.79037476,0,0
4.115,0,2.86830139,0,5.81155396,0,0
4.12,0,2.86830139,0,5.83273315,0,0
4.125,0,2.86830139,0,5.85389709,0,0
4.13,0,2.86830139,0,5.87507629,0,0
4.135,0,2.86830139,0,5.89625549,0,0
4.14,0,2.86830139,0,5.91741943,0,0
4.145,0,2.86830139,0,5.93859863,0,0
4.15,0,2.86830139,0,5.95977783,0,0
4.155,0,2.86830139,0,5.98095703,0,0
4.16,0,2.86830139,0,6.00212097,0,0
4.165,0,2.86830139,0,6.02330017,0,0
4.17,0,2.86830139,0,6.04447937,0,0
4.175,0,2.86830139,0,6.06564331,0,0
4.18,0,2.86830139,0,6.08682251,0,0
4.185,0,2.86830139,0,6.10800171,0,0
4.19,0,2.86830139,0,6.12916565,0,0
4.195,0,2.86830139,0,6.15034485,0,0
4.2,0,2.86830139,0,6.17152405,0,0
4.205,0,2.86830139,0,6.19268799,0,0
4.21,0,2.86830139,0,6.21386719,0,0
4.215,0,2.86830139,0,6.23504639,0,0
4.22,0,2.86830139,0,6.25622559,0,0
4.225,0,2.86830139,0,6.27738953,0,0
4.23,0,2.86830139,0,6.29856873,0,0
4.235,0,2.86830139,0,6.31974792,0,0
4.24,0,2.86830139,0,6.34091187,0,0
4.245,0,2.86830139,0,6.36209106,0,0
4.25,0,2.86830139,0,6.38327026,0,0
4.255,0,2.86830139,0,6.4044342,0,0
4.26,0,2.86830139,0,6.4256134,0,0
4.265,0,2.86830139,0,6.4467926,0,0
4.27,0,2.86830139,0,6.46795654,0,0
4.275,0,2.86830139,0,6.48913574,0,0
4.28,0,2.86830139,0,6.51031494,0,0
4.285,0,2.86830139,0,6.53149414,0,0
4.29,0,2.86830139,0,6.55265808,0,0
4.295,0,2.86830139,0,6.57383728,0,0
4.3,0,2.86830139,0,6.59501648,0,0
4.305,0,2.86830139,0,6.61618042,0,0
4.31,0,2.86830139,0,6.63735962,0,0
4.315,0,2.86830139,0,6.65853882,0,0
4.32,0,2.86830139,0,6.67970276,0,0
4.325,0,2.86830139,0,6.70088196,0,0
4.33,0,2.86830139,0,6.72206116,0,0
4.335,0,2.86830139,0,6.7432251,0,0
4.34,0,2.86830139,0,6.7644043,0,0
4.345,0,2.86830139,0,6.7855835,0,0
4.35,0,2.86830139,0,6.8067627,0,0
4.355,0,2.86830139,0,6.82792664,0,0
4.36,0,2.86830139,0,6.84910583,0,0
4.365,0,2.86830139,0,6.87028503,0,0
4.37,0,2.86830139,0,6.89144897,0,0
4.375,0,2.86830139,0,6.91262817,0,0
4.38,0,2.86830139,0,6.93380737,0,0
4.385,0,2.86830139,0,6.95497131,0,0
4.39,0,2.86830139,0,6.97615051,0,0
4.395,0,2.86830139,0,6.99732971,0,0
4.4,0,2.86830139,0,7.01849365,0,0
4.405,0,2.86830139,0,7.03967285,0,0
4.41,0,2.86830139,0,7.06085205,0,0
4.415,0,2.86830139,0,7.08203125,0,0
4.42,0,2.86830139,0,7.10319519,0,0
4.425,0,2.86830139,0,7.12437439,0,0
4.43,0,2.86830139,0,7.14555359,0,0
4.435,0,2.86830139,0,7.16671753,0,0
4.44,0,2.86830139,0,7.18789673,0,0
4.445,0,2.86830139,0,7.20907593,0,0
4.45,0,2.86830139,0,7.23023987,0,0
4.455,0,2.86830139,0,7.25141907,0,0
4.46,0,2.86830139,0,7.27259827,0,0
4.465,0,2.86830139,0,7.29376221,0,0
4.47,0,2.86830139,0,7.31494141,0,0
4.475,0,2.86830139,0,7.33612061,0,0
4.48,0,2.86830139,0,7.35728455,0,0
4.485,0,2.86830139,0,7.37846375,0,0
4.49,0,2.86830139,0,7.39964294,0,0
4.495,0,2.86830139,0,7.42082214,0,0
4.5,0,2.86830139,0,7.44198608,0,0
4.505,0,2.86830139,0,7.46316528,0,0
4.51,0,2.86830139,0,7.48434448,0,0
4.515,0,2.86830139,0,7.50550842,0,0
4.52,0,2.86830139,0,7.52668762,0,0
4.525,0,2.86830139,0,7.54786682,0,0
4.53,0,2.86830139,0,7.56903076,0,0
4.535,0,2.86830139,0,7.59020996,0,0
4.54,0,2.86830139,0,7.61138916,0,0
4.545,0,2.86830139,0,7.6325531,0,0
4.55,0,2.86830139,0,7.6537323,0,0
4.555,0,2.86830139,0,7.6749115,0,0
4.56,0,2.86830139,0,7.6960907,0,0
4.565,0,2.86830139,0,7.71725464,0,0
4.57,0,2.86830139,0,7.73843384,0,0
4.575,0,2.86830139,0,7.75961304,0,0
4.58,0,2.86830139,0,7.78077698,0,0
4.585,0,2.86830139,0,7.80195618,0,0
4.59,0,2.86830139,0,7.82313538,0,0
4.595,0,2.86830139,0,7.84429932,0,0
4.6,0,2.86830139,0,7.86547852,0,0
4.605,0,2.86830139,0,7.88665771,0,0
4.61,0,2.86830139,0,7.90782166,0,0
4.615,0,2.86830139,0,7.92900085,0,0
4.62,0,2.86830139,0,7.95018005,0,0
4.625,0,2.86830139,0,7.97135925,0,0
4.63,0,2.86830139,0,7.99252319,0,0
4.635,0,2.86830139,0,8.01370239,0,0
4.64,0,2.86830139,0,8.03488159,0,0
4.645,0,2.86830139,0,8.05604553,0,0
4.65,0,2.86830139,0,8.07722473,0,0
4.655,0,2.86830139,0,8.09840393,0,0
4.66,0,2.86830139,0,8.11956787,0,0
4.665,0,2.86830139,0,8.14074707,0,0
4.67,0,2.86830139,0,8.16192627,0,0
4.675,0,2.86830139,0,8.18309021,0,0
4.68,0,2.86830139,0,8.20426941,0,0
4.685,0,2.86830139,0,8.22544861,0,0
4.69,0,2.86830139,0,8.24661255,0,0
4.695,0,2.86830139,0,8.26779175,0,0
4.7,0,2.86830139,0,8.28897095,0,0
4.705,0,2.86830139,0,8.31015015,0,0
4.71,0,2.86830139,0,8.33131409,0,0
4.715,0,2.86830139,0,8.35249329,0,0
4.72,0,2.86830139,0,8.37367249,0,0
4.725,0,2.86830139,0,8.39483643,0,0
4.73,0,2.86830139,0,8.41601562,0,0
4.735,0,2.86830139,0,8.43719482,0,0
4.74,0,2.86830139,0,8.45835876,0,0
4.745,0,2.86830139,0,8.47953796,0,0
4.75,0,2.86830139,0,8.50071716,0,0
4.755,0,2.86830139,0,8.5218811,0,0
4.76,0,2.86830139,0,8.5430603,0,0
4.765,0,2.86830139,0,8.5642395,0,0
4.77,0,2.86830139,0,8.5854187,0,0
4.775,0,2.86830139,0,8.60658264,0,0
4.78,0,2.86830139,0,8.62776184,0,0
4.785,0,2.86830139,0,8.64894104,0,0
4.79,0,2.86830139,0,8.67010498,0,0
4.795,0,2.86830139,0,8.69128418,0,0
4.8,0,2.86830139,0,8.71246338,0,0
4.805,0,2.86830139,0,8.73362732,0,0
4.81,0,2.86830139,0,8.75480652,0,0
4.815,0,2.86830139,0,8.77598572,0,0
4.82,0,2.86830139,0,8.79714966,0,0
4.825,0,2.86830139,0,8.81832886,0,0
4.83,0,2.86830139,0,8.83950806,0,0
4.835,0,2.86830139,0,8.86068726,0,0
4.84,0,2.86830139,0,8.8818512,0,0
4.845,0,2.86830139,0,8.9030304,0,0
4.85,0,2.86830139,0,8.92420959,0,0
4.855,0,2.86830139,0,8.94537354,0,0
4.86,0,2.86830139,0,8.96655273,0,0
4.865,0,2.86830139,0,8.98773193,0,0
4.87,0,2.86830139,0,9.00889587,0,0
4.875,0,2.86830139,0,9.03007507,0,0
4.88,0,2.86830139,0,9.05125427,0,0
4.885,0,2.86830139,0,9.07241821,0,0
4.89,0,2.86830139,0,9.09359741,0,0
4.895,0,2.86830139,0,9.11477661,0,0
4.9,0,2.86830139,0,9.13595581,0,0
4.905,0,2.86830139,0,9.15711975,0,0
4.91,0,2.86830139,0,9.17829895,0,0
4.915,0,2.86830139,0,9.19947815,0,0
4.92,0,2.86830139,0,9.22064209,0,0
4.925,0,2.86830139,0,9.24182129,0,0
4.93,0,2.86830139,0,9.26300049,0,0
4.935,0,2.86830139,0,9.28416443,0,0
4.94,0,2.86830139,0,9.30534363,0,0
4.945,0,2.86830139,0,9.32652283,0,0
4.95,0,2.86830139,0,9.34768677,0,0
4.955,0,2.86830139,0,9.36886597,0,0
4.96,0,2.86830139,0,9.39004517,0,0
4.965,0,2.86830139,0,9.41122437,0,0
4.97,0,2.86830139,0,9.43238831,0,0
4.975,0,2.86830139,0,9.4535675,0,0
4.98,0,2.86830139,0,9.4747467,0,0
4.985,0,2.86830139,0,9.49591064,0,0
4.99,0,2.86830139,0,9.51708984,0,0
4.995,0,2.86830139,0,9.53826904,0,0
5,0,2.86830139,0,9.55943298,0,0
5.005,0,2.86830139,0,9.58061218,0,0
5.01,0,2.86830139,0,9.60179138,0,0
5.015,0,2.86830139,0,9.62295532,0,0
5.02,0,2.86830139,0,9.64413452,0,0
5.025,0,2.86830139,0,9.66531372,0,0
5.03,0,2.86830139,0,9.68649292,0,0
5.035,0,2.86830139,0,9.70765686,0,0
5.04,0,2.86830139,0,9.72883606,0,0
5.045,0,2.86830139,0,9.75001526,0,0
5.05,0,2.86830139,0,9.7711792,0,0
5.055,0,2.86830139,0,9.7923584,0,0
5.06,0,2.86830139,0,9.8135376,0,0
5.065,0,2.86830139,0,9.83470154,0,0
5.07,0,2.86830139,0,9.85588074,0,0
5.075,0,2.86830139,0,9.87705994,0,0
5.08,0,2.86830139,0,9.89822388,0,0
5.085,0,2.86830139,0,9.91940308,0,0
5.09,0,2.86830139,0,9.94058228,0,0
5.095,0,2.86830139,0,9.96174622,0,0
5.1,0,2.86830139,0,9.98292542,0,0
5.105,0,2.86830139,0,10.0041046,0,0
5.11,0,2.86830139,0,10.0252838,0,0
5.115,0,2.86830139,0,10.0464478,0,0
5.12,0,2.86830139,0,10.067627,0,0
5.125,0,2.86830139,0,10.0888062,0,0
5.13,0,2.86830139,0,10.1099701,0,0
5.135,0,2.86830139,0,10.1311493,0,0
5.14,0,2.86830139,0,10.1523285,0,0
5.145,0,2.86830139,0,10.1734924,0,0
5.15,0,2.86830139,0,10.1946716,0,0
5.155,0,2.86830139,0,10.2158508,0,0
5.16,0,2.86830139,0,10.2370148,0,0
5.165,0,2.86830139,0,10.258194,0,0
5.17,0,2.86830139,0,10.2793732,0,0
5.175,0,2.86830139,0,10.3005371,0,0
5.18,0,2.86830139,0,10.3217163,0,0
5.185,0,2.86830139,0,10.3428955,0,0
5.19,0,2.86830139,0,10.3640747,0,0
5.195,0,2.86830139,0,10.3852386,0,0
5.2,0,2.86830139,0,10.4064178,0,0
5.205,0,2.86830139,0,10.427597,0,0
5.21,0,2.86830139,0,10.448761,0,0
5.215,0,2.86830139,0,10.4699402,0,0
5.22,0,2.86830139,0,10.4911194,0,0
5.225,0,2.86830139,0,10.5122833,0,0
5.23,0,2.86830139,0,10.5334625,0,0
5.235,0,2.86830139,0,10.5546417,0,0
5.24,0,2.86830139,0,10.5758057,0,0
5.245,0,2.86830139,0,10.5969849,0,0
5.25,0,2.86830139,0,10.6181641,0,0
5.255,0,2.86830139,0,10.6393433,0,0
5.26,0,2.86830139,0,10.6605072,0,0
5.265,0,2.86830139,0,10.6816864,0,0
5.27,0,2.86830139,0,10.7028656,0,0
5.275,0,2.86830139,0,10.7240295,0,0
5.28,0,2.86830139,0,10.7452087,0,0
5.285,0,2.86830139,0,10.7663879,0,0
5.29,0,2.86830139,0,10.7875519,0,0
5.295,0,2.86830139,0,10.8087311,0,0
5.3,0,2.86830139,0,10.8299103,0,0
5.305,0,2.86830139,0,10.8510742,0,0
5.31,0,2.86830139,0,10.8722534,0,0
5.315,0,2.86830139,0,10.8934326,0,0
5.32,0,2.86830139,0,10.9146118,0,0
5.325,0,2.86830139,0,10.9357758,0,0
5.33,0,2.86830139,0,10.956955,0,0
5.335,0,2.86830139,0,10.9781342,0,0
5.34,0,2.86830139,0,10.9992981,0,0
5.345,0,2.86830139,0,11.0204773,0,0
5.35,0,2.86830139,0,11.0416565,0,0
5.355,0,2.86830139,0,11.0628204,0,0
5.36,0,2.86830139,0,11.0839996,0,0
5.365,0,2.86830139,0,11.1051788,0,0
5.37,0,2.86830139,0,11.1263428,0,0
5.375,0,2.86830139,0,11.147522,0,0
5.38,0,2.86830139,0,11.1687012,0,0
5.385,0,2.86830139,0,11.1898804,0,0
5.39,0,2.86830139,0,11.2110443,0,0
5.395,0,2.86830139,0,11.2322235,0,0
5.4,0,2.86830139,0,11.2534027,0,0
5.405,0,2.86830139,0,11.2745667,0,0
5.41,0,2.86830139,0,11.2957458,0,0
5.415,0,2.86830139,0,11.316925,0,0
5.42,0,2.86830139,0,11.338089,0,0
5.425,0,2.86830139,0,11.3592682,0,0
5.43,0,2.86830139,0,11.3804474,0,0
5.435,0,2.86830139,0,11.4016113,0,0
5.44,0,2.86830139,0,11.4227905,0,0
5.445,0,2.86830139,0,11.4439697,0,0
5.45,0,2.86830139,0,11.4651489,0,0
5.455,0,2.86830139,0,11.4863129,0,0
5.46,0,2.86830139,0,11.5074921,0,0
5.465,0,2.86830139,0,11.5286713,0,0
5.47,0,2.86830139,0,11.5498352,0,0
5.475,0,2.86830139,0,11.5710144,0,0
5.48,0,2.86830139,0,11.5921936,0,0
5.485,0,2.86830139,0,11.6133575,0,0
5.49,0,2.86830139,0,11.6345367,0,0
5.495,0,2.86830139,0,11.6557159,0,0
5.5,0,2.86830139,0,11.6768799,0,0
5.505,0,2.86830139,0,11.6980591,0,0
5.51,0,2.86830139,0,11.7192383,0,0
5.515,0,2.86830139,0,11.7404175,0,0
5.52,0,2.86830139,0,11.7615814,0,0
5.525,0,2.86830139,0,11.7827606,0,0
5.53,0,2.86830139,0,11.8039398,0,0
5.535,0,2.86830139,0,11.8251038,0,0
5.54,0,2.86830139,0,11.846283,0,0
5.545,0,2.86830139,0,11.8674622,0,0
5.55,0,2.86830139,0,11.8886261,0,0
5.555,0,2.86830139,0,11.9098053,0,0
5.56,0,2.86830139,0,11.9309845,0,0
5.565,0,2.86830139,0,11.9521484,0,0
5.57,0,2.86830139,0,11.9733276,0,0
5.575,0,2.86830139,0,11.9945068,0,0
5.58,0,2.86830139,0,12.015686,0,0
5.585,0,2.86830139,0,12.03685,0,0
5.59,0,2.86830139,0,12.0580292,0,0
5.595,0,2.86830139,0,12.0792084,0,0
5.6,0,2.86830139,0,12.1003723,0,0
5.605,0,2.86830139,0,12.1215515,0,0
5.61,0,2.86830139,0,12.1427307,0,0
5.615,0,2.86830139,0,12.1638947,0,0
5.62,0,2.86830139,0,12.1850739,0,0
5.625,0,2.86830139,0,12.2062531,0,0
5.63,0,2.86830139,0,12.227417,0,0
5.635,0,2.86830139,0,12.2485962,0,0
5.64,0,2.86830139,0,12.2697754,0,0
5.645,0,2.86830139,0,12.2909393,0,0
5.65,0,2.86830139,0,12.3121185,0,0
5.655,0,2.86830139,0,12.3332977,0,0
5.66,0,2.86830139,0,12.3544769,0,0
5.665,0,2.86830139,0,12.3756409,0,0
5.67,0,2.86830139,0,12.3968201,0,0
5.675,0,2.86830139,0,12.4179993,0,0
5.68,0,2.86830139,0,12.4391632,0,0
5.685,0,2.86830139,0,12.4603424,0,0
5.69,0,2.86830139,0,12.4815216,0,0
5.695,0,2.86830139,0,12.5026855,0,0
5.7,0,2.86830139,0,12.5238647,0,0
5.705,0,2.86830139,0,12.5450439,0,0
5.71,0,2.86830139,0,12.5662079,0,0
5.715,0,2.86830139,0,12.5873871,0,0
5.72,0,2.86830139,0,12.6085663,0,0
5.725,0,2.86830139,0,12.6297455,0,0
5.73,0,2.86830139,0,12.6509094,0,0
5.735,0,2.86830139,0,12.6720886,0,0
5.74,0,2.86830139,0,12.6932678,0,0
5.745,0,2.86830139,0,12.7144318,0,0
5.75,0,2.86830139,0,12.735611,0,0
5.755,0,2.86830139,0,12.7567902,0,0
5.76,0,2.86830139,0,12.7779541,0,0
5.765,0,2.86830139,0,12.7991333,0,0
5.77,0,2.86830139,0,12.8203125,0,0
5.775,0,2.86830139,0,12.8414764,0,0
5.78,0,2.86830139,0,12.8626556,0,0
5.785,0,2.86830139,0,12.8838348,0,0
5.79,0,2.86830139,0,12.9049988,0,0
5.795,0,2.86830139,0,12.926178,0,0
5.8,0,2.86830139,0,12.9473572,0,0
5.805,0,2.86830139,0,12.9685364,0,0
5.81,0,2.86830139,0,12.9897003,0,0
5.815,0,2.86830139,0,13.0108795,0,0
5.82,0,2.86830139,0,13.0320587,0,0
5.825,0,2.86830139,0,13.0532227,0,0
5.83,0,2.86830139,0,13.0744019,0,0
5.835,0,2.86830139,0,13.0955811,0,0
5.84,0,2.86830139,0,13.116745,0,0
5.845,0,2.86830139,0,13.1379242,0,0
5.85,0,2.86830139,0,13.1591034,0,0
5.855,0,2.86830139,0,13.1802673,0,0
5.86,0,2.86830139,0,13.2014465,0,0
5.865,0,2.86830139,0,13.2226257,0,0
5.87,0,2.86830139,0,13.2438049,0,0
5.875,0,2.86830139,0,13.2649689,0,0
5.88,0,2.86830139,0,13.2861481,0,0
5.885,0,2.86830139,0,13.3073273,0,0
5.89,0,2.86830139,0,13.3284912,0,0
5.895,0,2.86830139,0,13.3496704,0,0
5.9,0,2.86830139,0,13.3708496,0,0
5.905,0,2.86830139,0,13.3920135,0,0
5.91,0,2.86830139,0,13.4131927,0,0
5.915,0,2.86830139,0,13.4343719,0,0
5.92,0,2.86830139,0,13.4555359,0,0
5.925,0,2.86830139,0,13.4767151,0,0
5.93,0,2.86830139,0,13.4978943,0,0
5.935,0,2.86830139,0,13.5190735,0,0
5.94,0,2.86830139,0,13.5402374,0,0
5.945,0,2.86830139,0,13.5614166,0,0
5.95,0,2.86830139,0,13.5825958,0,0
5.955,0,2.86830139,0,13.6037598,0,0
5.96,0,2.86830139,0,13.624939,0,0
5.965,0,2.86830139,0,13.6461182,0,0
5.97,0,2.86830139,0,13.6672821,0,0
5.975,0,2.86830139,0,13.6884613,0,0
5.98,0,2.86830139,0,13.7096405,0,0
5.985,0,2.86830139,0,13.7308044,0,0
5.99,0,2.86830139,0,13.7519836,0,0
5.995,0,2.86830139,0,13.7731628,0,0
6,0,2.86830139,0,13.794342,0,0
6.005,0,2.86830139,0,13.815506,0,0
6.01,0,2.86830139,0,13.8366852,0,0
6.015,0,2.86830139,0,13.8578644,0,0
6.02,0,2.86830139,0,13.8790283,0,0
6.025,0,2.86830139,0,13.9002075,0,0
6.03,0,2.86830139,0,13.9213867,0,0
6.035,0,2.86830139,0,13.9425507,0,0
6.04,0,2.86830139,0,13.9637299,0,0
6.045,0,2.86830139,0,13.9849091,0,0
6.05,0,2.86830139,0,14.006073,0,0
6.055,0,2.86830139,0,14.0272522,0,0
6.06,0,2.86830139,0,14.0484314,0,0
6.065,0,2.86830139,0,14.0696106,0,0
6.07,0,2.86830139,0,14.0907745,0,0
6.075,0,2.86830139,0,14.1119537,0,0
6.08,0,2.86830139,0,14.1331329,0,0
6.085,0,2.86830139,0,14.1542969,0,0
6.09,0,2.86830139,0,14.1754761,0,0
6.095,0,2.86830139,0,14.1966553,0,0
6.1,0,2.86830139,0,14.2178192,0,0
6.105,0,2.86830139,0,14.2389984,0,0
6.11,0,2.86830139,0,14.2601776,0,0
6.115,0,2.86830139,0,14.2813416,0,0
6.12,0,2.86830139,0,14.3025208,0,0
6.125,0,2.86830139,0,14.3237,0,0
6.13,0,2.86830139,0,14.3448792,0,0
6.135,0,2.86830139,0,14.3660431,0,0
6.14,0,2.86830139,0,14.3872223,0,0
6.145,0,2.86830139,0,14.4084015,0,0
6.15,0,2.86830139,0,14.4295654,0,0
6.155,0,2.86830139,0,14.4507446,0,0
6.16,0,2.86830139,0,14.4719238,0,0
6.165,0,2.86830139,0,14.4930878,0,0
6.17,0,2.86830139,0,14.514267,0,0
6.175,0,2.86830139,0,14.5354462,0,0
6.18,0,2.86830139,0,14.5566101,0,0
6.185,0,2.86830139,0,14.5777893,0,0
6.19,0,2.86830139,0,14.5989685,0,0
6.195,0,2.86830139,0,14.6201477,0,0
6.2,0,2.86830139,0,14.6413116,0,0
6.205,0,2.86830139,0,14.6624908,0,0
6.21,0,2.86830139,0,14.68367,0,0
6.215,0,2.86830139,0,14.704834,0,0
6.22,0,2.86830139,0,14.7260132,0,0
6.225,0,2.86830139,0,14.7471924,0,0
6.23,0,2.86830139,0,14.7683563,0,0
6.235,0,2.86830139,0,14.7895355,0,0
6.24,0,2.86830139,0,14.8107147,0,0
6.245,0,2.86830139,0,14.8318787,0,0
6.25,0,2.86830139,0,14.8530579,0,0
6.255,0,2.86830139,0,14.8742371,0,0
6.26,0,2.86830139,0,14.895401,0,0
6.265,0,2.86830139,0,14.9165802,0,0
6.27,0,2.86830139,0,14.9377594,0,0
6.275,0,2.86830139,0,14.9589233,0,0
6.28,0,2.86830139,0,14.9801025,0,0
6.285,0,2.86830139,0,15.0012817,0,0
6.29,0,2.86830139,0,15.0224609,0,0
6.295,0,2.86830139,0,15.0436249,0,0
6.3,0,2.86830139,0,15.0648041,0,0
6.305,0,2.86830139,0,15.0859833,0,0
6.31,0,2.86830139,0,15.1071472,0,0
6.315,0,2.86830139,0,15.1283264,0,0
6.32,0,2.86830139,0,15.1495056,0,0
6.325,0,2.86830139,0,15.1706696,0,0
6.33,0,2.86830139,0,15.1918488,0,0
6.335,0,2.86830139,0,15.213028,0,0
6.34,0,2.86830139,0,15.2341919,0,0
6.345,0,2.86830139,0,15.2553711,0,0
6.35,0,2.86830139,0,15.2765503,0,0
6.355,0,2.86830139,0,15.2977295,0,0
6.36,0,2.86830139,0,15.3188934,0,0
6.365,0,2.86830139,0,15.3400726,0,0
6.37,0,2.86830139,0,15.3612518,0,0
6.375,0,2.86830139,0,15.3824158,0,0
6.38,0,2.86830139,0,15.403595,0,0
6.385,0,2.86830139,0,15.4247742,0,0
6.39,0,2.86830139,0,15.4459381,0,0
6.395,0,2.86830139,0,15.4671173,0,0
6.4,0,2.86830139,0,15.4882965,0,0
6.405,0,2.86830139,0,15.5094604,0,0
6.41,0,2.86830139,0,15.5306396,0,0
6.415,0,2.86830139,0,15.5518188,0,0
6.42,0,2.86830139,0,15.572998,0,0
6.425,0,2.86830139,0,15.594162,0,0
6.43,0,2.86830139,0,15.6153412,0,0
6.435,0,2.86830139,0,15.6365204,0,0
6.44,0,2.86830139,0,15.6576843,0,0
6.445,0,2.86830139,0,15.6788635,0,0
6.45,0,2.86830139,0,15.7000427,0,0
6.455,0,2.86830139,0,15.7212067,0,0
6.46,0,2.86830139,0,15.7423859,0,0
6.465,0,2.86830139,0,15.7635651,0,0
6.47,0,2.86830139,0,15.784729,0,0
6.475,0,2.86830139,0,15.8059082,0,0
6.48,0,2.86830139,0,15.8270874,0,0
6.485,0,2.86830139,0,15.8482666,0,0
6.49,0,2.86830139,0,15.8694305,0,0
6.495,0,2.86830139,0,15.8906097,0,0
6.5,0,2.86830139,0,15.9117889,0,0
6.505,0,2.86830139,0,15.9329529,0,0
6.51,0,2.86830139,0,15.9541321,0,0
6.515,0,2.86830139,0,15.9753113,0,0
6.52,0,2.86830139,0,15.9964752,0,0
6.525,0,2.86830139,0,16.0176544,0,0
6.53,0,2.86830139,0,16.0388336,0,0
6.535,0,2.86830139,0,16.0599976,0,0
6.54,0,2.86830139,0,16.0811768,0,0
6.545,0,2.86830139,0,16.102356,0,0
6.55,0,2.86830139,0,16.1235352,0,0
6.555,0,2.86830139,0,16.1446991,0,0
6.56,0,2.86830139,0,16.1658783,0,0
6.565,0,2.86830139,0,16.1870575,0,0
6.57,0,2.86830139,0,16.2082214,0,0
6.575,0,2.86830139,0,16.2294006,0,0
6.58,0,2.86830139,0,16.2505798,0,0
6.585,0,2.86830139,0,16.2717438,0,0
6.59,0,2.86830139,0,16.292923,0,0
6.595,0,2.86830139,0,16.3141022,0,0
6.6,0,2.86830139,0,16.3352661,0,0
6.605,0,2.86830139,0,16.3564453,0,0
6.61,0,2.86830139,0,16.3776245,0,0
6.615,0,2.86830139,0,16.3988037,0,0
6.62,0,2.86830139,0,16.4199677,0,0
6.625,0,2.86830139,0,16.4411469,0,0
6.63,0,2.86830139,0,16.462326,0,0
6.635,0,2.86830139,0,16.48349,0,0
6.64,0,2.86830139,0,16.5046692,0,0
6.645,0,2.86830139,0,16.5258484,0,0
6.65,0,2.86830139,0,16.5470123,0,0
6.655,0,2.86830139,0,16.5681915,0,0
6.66,0,2.86830139,0,16.5893707,0,0
6.665,0,2.86830139,0,16.6105347,0,0
6.67,0,2.86830139,0,16.6317139,0,0
6.675,0,2.86830139,0,16.6528931,0,0
6.68,0,2.86830139,0,16.6740723,0,0
6.685,0,2.86830139,0,16.6952362,0,0
6.69,0,2.86830139,0,16.7164154,0,0
6.695,0,2.86830139,0,16.7375946,0,0
6.7,0,2.86830139,0,16.7587585,0,0
6.705,0,2.86830139,0,16.7799377,0,0
6.71,0,2.86830139,0,16.8011169,0,0
6.715,0,2.86830139,0,16.8222809,0,0
6.72,0,2.86830139,0,16.8434601,0,0
6.725,0,2.86830139,0,16.8646393,0,0
6.73,0,2.86830139,0,16.8858032,0,0
6.735,0,2.86830139,0,16.9069824,0,0
6.74,0,2.86830139,0,16.9281616,0,0
6.745,0,2.86830139,0,16.9493408,0,0
6.75,0,2.86830139,0,16.9705048,0,0
6.755,0,2.86830139,0,16.991684,0,0
6.76,0,2.86830139,0,17.0128479,0,0
6.765,0,2.86830139,0,17.0340271,0,0
6.77,0,2.86830139,0,17.0552063,0,0
6.775,0,2.86830139,0,17.0763855,0,0
6.78,0,2.86830139,0,17.0975494,0,0
6.785,0,2.86830139,0,17.1187286,0,0
6.79,0,2.86830139,0,17.1399078,0,0
6.795,0,2.86830139,0,17.1610718,0,0
6.8,0,2.86830139,0,17.182251,0,0
6.805,0,2.86830139,0,17.2034302,0,0
6.81,0,2.86830139,0,17.2246094,0,0
6.815,0,2.86830139,0,17.2457733,0,0
6.82,0,2.86830139,0,17.2669525,0,0
6.825,0,2.86830139,0,17.2881165,0,0
6.83,0,2.86830139,0,17.3092957,0,0
6.835,0,2.86830139,0,17.3304749,0,0
6.84,0,2.86830139,0,17.3516541,0,0
6.845,0,2.86830139,0,17.372818,0,0
6.85,0,2.86830139,0,17.3939972,0,0
6.855,0,2.86830139,0,17.4151764,0,0
6.86,0,2.86830139,0,17.4363403,0,0
6.865,0,2.86830139,0,17.4575195,0,0
6.87,0,2.86830139,0,17.4786987,0,0
6.875,0,2.86830139,0,17.4998627,0,0
6.88,0,2.86830139,0,17.5210419,0,0
6.885,0,2.86830139,0,17.5422211,0,0
6.89,0,2.86830139,0,17.563385,0,0
6.895,0,2.86830139,0,17.5845642,0,0
6.9,0,2.86830139,0,17.6057434,0,0
6.905,0,2.86830139,0,17.6269226,0,0
6.91,0,2.86830139,0,17.6480865,0,0
6.915,0,2.86830139,0,17.6692657,0,0
6.92,0,2.86830139,0,17.6904449,0,0
6.925,0,2.86830139,0,17.7116089,0,0
6.93,0,2.86830139,0,17.7327881,0,0
6.935,0,2.86830139,0,17.7539673,0,0
6.94,0,2.86830139,0,17.7751312,0,0
6.945,0,2.86830139,0,17.7963104,0,0
6.95,0,2.86830139,0,17.8174896,0,0
6.955,0,2.86830139,0,17.8386536,0,0
6.96,0,2.86830139,0,17.8598328,0,0
6.965,0,2.86830139,0,17.881012,0,0
6.97,0,2.86830139,0,17.9021912,0,0
6.975,0,2.86830139,0,17.9233551,0,0
6.98,0,2.86830139,0,17.9445343,0,0
6.985,0,2.86830139,0,17.9657135,0,0
6.99,0,2.86830139,0,17.9868774,0,0
6.995,0,2.86830139,0,18.0080566,0,0
7,0,2.86830139,0,18.0292358,0,0
7.005,0,2.86830139,0,18.0503998,0,0
7.01,0,2.86830139,0,18.071579,0,0
7.015,0,2.86830139,0,18.0927582,0,0
7.02,0,2.86830139,0,18.1139221,0,0
7.025,0,2.86830139,0,18.1351013,0,0
7.03,0,2.86830139,0,18.1562805,0,0
7.035,0,2.86830139,0,18.1774597,0,0
7.04,0,2.86830139,0,18.1986237,0,0
7.045,0,2.86830139,0,18.2198029,0,0
7.05,0,2.86830139,0,18.2409821,0,0
7.055,0,2.86830139,0,18.262146,0,0
7.06,0,2.86830139,0,18.2833252,0,0
7.065,0,2.86830139,0,18.3045044,0,0
7.07,0,2.86830139,0,18.3256683,0,0
7.075,0,2.86830139,0,18.3468475,0,0
7.08,0,2.86830139,0,18.3680267,0,0
7.085,0,2.86830139,0,18.3891907,0,0
7.09,0,2.86830139,0,18.4103699,0,0
7.095,0,2.86830139,0,18.4315491,0,0
7.1,0,2.86830139,0,18.4527283,0,0
7.105,0,2.86830139,0,18.4738922,0,0
7.11,0,2.86830139,0,18.4950714,0,0
7.115,0,2.86830139,0,18.5162506,0,0
7.12,0,2.86830139,0,18.5374146,0,0
7.125,0,2.86830139,0,18.5585938,0,0
7.13,0,2.86830139,0,18.5797729,0,0
7.135,0,2.86830139,0,18.6009369,0,0
7.14,0,2.86830139,0,18.6221161,0,0
7.145,0,2.86830139,0,18.6432953,0,0
7.15,0,2.86830139,0,18.6644592,0,0
7.155,0,2.86830139,0,18.6856384,0,0
7.16,0,2.86830139,0,18.7068176,0,0
7.165,0,2.86830139,0,18.7279968,0,0
7.17,0,2.86830139,0,18.7491608,0,0
7.175,0,2.86830139,0,18.77034,0,0
7.18,0,2.86830139,0,18.7915192,0,0
7.185,0,2.86830139,0,18.8126831,0,0
7.19,0,2.86830139,0,18.8338623,0,0
7.195,0,2.86830139,0,18.8550415,0,0
7.2,0,2.86830139,0,18.8762054,0,0
7.205,0,2.86830139,0,18.8973846,0,0
7.21,0,2.86830139,0,18.9185638,0,0
7.215,0,2.86830139,0,18.9397278,0,0
7.22,0,2.86830139,0,18.960907,0,0
7.225,0,2.86830139,0,18.9820862,0,0
7.23,0,2.86830139,0,19.0032654,0,0
7.235,0,2.86830139,0,19.0244293,0,0
7.24,0,2.86830139,0,19.0456085,0,0
7.245,0,2.86830139,0,19.0667877,0,0
7.25,0,2.86830139,0,19.0879517,0,0
7.255,0,2.86830139,0,19.1091309,0,0
7.26,0,2.86830139,0,19.1303101,0,0
7.265,0,2.86830139,0,19.151474,0,0
7.27,0,2.86830139,0,19.1726532,0,0
7.275,0,2.86830139,0,19.1938324,0,0
7.28,0,2.86830139,0,19.2149963,0,0
7.285,0,2.86830139,0,19.2361755,0,0
7.29,0,2.86830139,0,19.2573547,0,0
7.295,0,2.86830139,0,19.2785339,0,0
7.3,0,2.86830139,0,19.2996979,0,0
7.305,0,2.86830139,0,19.3208771,0,0
7.31,0,2.86830139,0,19.3420563,0,0
7.315,0,2.86830139,0,19.3632202,0,0
7.32,0,2.86830139,0,19.3843994,0,0
7.325,0,2.86830139,0,19.4055786,0,0
7.33,0,2.86830139,0,19.4267426,0,0
7.335,0,2.86830139,0,19.4479218,0,0
7.34,0,2.86830139,0,19.469101,0,0
7.345,0,2.86830139,0,19.4902649,0,0
7.35,0,2.86830139,0,19.5114441,0,0
7.355,0,2.86830139,0,19.5326233,0,0
7.36,0,2.86830139,0,19.5538025,0,0
7.365,0,2.86830139,0,19.5749664,0,0
7.37,0,2.86830139,0,19.5961456,0,0
7.375,0,2.86830139,0,19.6173096,0,0
7.38,0,2.86830139,0,19.6384888,0,0
7.385,0,2.86830139,0,19.659668,0,0
7.39,0,2.86830139,0,19.6808472,0,0
7.395,0,2.86830139,0,19.7020111,0,0
7.4,0,2.86830139,0,19.7231903,0,0
7.405,0,2.86830139,0,19.7443695,0,0
7.41,0,2.86830139,0,19.7655334,0,0
7.415,0,2.86830139,0,19.7867126,0,0
7.42,0,2.86830139,0,19.8078918,0,0
7.425,0,2.86830139,0,19.829071,0,0
7.43,0,2.86830139,0,19.850235,0,0
7.435,0,2.86830139,0,19.8714142,0,0
7.44,0,2.86830139,0,19.8925781,0,0
7.445,0,2.86830139,0,19.9137573,0,0
7.45,0,2.86830139,0,19.9349365,0,0
7.455,0,2.86830139,0,19.9561157,0,0
7.46,0,2.86830139,0,19.9772797,0,0
7.465,0,2.86830139,0,19.9984589,0,0
7.47,0,2.86830139,0,20.0196381,0,0
7.475,0,2.86830139,0,20.040802,0,0
7.48,0,2.86830139,0,20.0619812,0,0
7.485,0,2.86830139,0,20.0831604,0,0
7.49,0,2.86830139,0,20.1043396,0,0
7.495,0,2.86830139,0,20.1255035,0,0
7.5,0,2.86830139,0,20.1466827,0,0
7.505,0,2.86830139,0,20.1678467,0,0
7.51,0,2.86830139,0,20.1890259,0,0
7.515,0,2.86830139,0,20.2102051,0,0
7.52,0,2.86830139,0,20.2313843,0,0
7.525,0,2.86830139,0,20.2525482,0,0
7.53,0,2.86830139,0,20.2737274,0,0
7.535,0,2.86830139,0,20.2949066,0,0
7.54,0,2.86830139,0,20.3160706,0,0
7.545,0,2.86830139,0,20.3372498,0,0
7.55,0,2.86830139,0,20.358429,0,0
7.555,0,2.86830139,0,20.3796082,0,0
7.56,0,2.86830139,0,20.4007721,0,0
7.565,0,2.86830139,0,20.4219513,0,0
7.57,0,2.86830139,0,20.4431152,0,0
7.575,0,2.86830139,0,20.4642944,0,0
7.58,0,2.86830139,0,20.4854736,0,0
7.585,0,2.86830139,0,20.5066528,0,0
7.59,0,2.86830139,0,20.5278168,0,0
7.595,0,2.86830139,0,20.548996,0,0
7.6,0,2.86830139,0,20.5701752,0,0
7.605,0,2.86830139,0,20.5913391,0,0
7.61,0,2.86830139,0,20.6125183,0,0
7.615,0,2.86830139,0,20.6336975,0,0
7.62,0,2.86830139,0,20.6548615,0,0
7.625,0,2.86830139,0,20.6760406,0,0
7.63,0,2.86830139,0,20.6972198,0,0
7.635,0,2.86830139,0,20.7183838,0,0
7.64,0,2.86830139,0,20.739563,0,0
7.645,0,2.86830139,0,20.7607422,0,0
7.65,0,2.86830139,0,20.7819214,0,0
7.655,0,2.86830139,0,20.8030853,0,0
7.66,0,2.86830139,0,20.8242645,0,0
7.665,0,2.86830139,0,20.8454437,0,0
7.67,0,2.86830139,0,20.8666077,0,0
7.675,0,2.86830139,0,20.8877869,0,0
7.68,0,2.86830139,0,20.9089661,0,0
7.685,0,2.86830139,0,20.93013,0,0
7.69,0,2.86830139,0,20.9513092,0,0
7.695,0,2.86830139,0,20.9724884,0,0
7.7,0,2.86830139,0,20.9936523,0,0
7.705,0,2.86830139,0,21.0148315,0,0
7.71,0,2.86830139,0,21.0360107,0,0
7.715,0,2.86830139,0,21.0571899,0,0
7.72,0,2.86830139,0,21.0783539,0,0
7.725,0,2.86830139,0,21.0995331,0,0
7.73,0,2.86830139,0,21.1207123,0,0
7.735,0,2.86830139,0,21.1418762,0,0
7.74,0,2.86830139,0,21.1630554,0,0
7.745,0,2.86830139,0,21.1842346,0,0
7.75,0,2.86830139,0,21.2053986,0,0
7.755,0,2.86830139,0,21.2265778,0,0
7.76,0,2.86830139,0,21.247757,0,0
7.765,0,2.86830139,0,21.2689209,0,0
7.77,0,2.86830139,0,21.2901001,0,0
7.775,0,2.86830139,0,21.3112793,0,0
7.78,0,2.86830139,0,21.3324585,0,0
7.785,0,2.86830139,0,21.3536224,0,0
7.79,0,2.86830139,0,21.3748016,0,0
7.795,0,2.86830139,0,21.3959808,0,0
7.8,0,2.86830139,0,21.4171448,0,0
7.805,0,2.86830139,0,21.438324,0,0
7.81,0,2.86830139,0,21.4595032,0,0
7.815,0,2.86830139,0,21.4806671,0,0
7.82,0,2.86830139,0,21.5018463,0,0
7.825,0,2.86830139,0,21.5230255,0,0
7.83,0,2.86830139,0,21.5441895,0,0
7.835,0,2.86830139,0,21.5653687,0,0
7.84,0,2.86830139,0,21.5865479,0,0
7.845,0,2.86830139,0,21.6077271,0,0
7.85,0,2.86830139,0,21.628891,0,0
7.855,0,2.86830139,0,21.6500702,0,0
7.86,0,2.86830139,0,21.6712494,0,0
7.865,0,2.86830139,0,21.6924133,0,0
7.87,0,2.86830139,0,21.7135925,0,0
7.875,0,2.86830139,0,21.7347717,0,0
7.88,0,2.86830139,0,21.7559357,0,0
7.885,0,2.86830139,0,21.7771149,0,0
7.89,0,2.86830139,0,21.7982941,0,0
7.895,0,2.86830139,0,21.819458,0,0
7.9,0,2.86830139,0,21.8406372,0,0
7.905,0,2.86830139,0,21.8618164,0,0
7.91,0,2.86830139,0,21.8829803,0,0
7.915,0,2.86830139,0,21.9041595,0,0
7.92,0,2.86830139,0,21.9253387,0,0
7.925,0,2.86830139,0,21.9465179,0,0
7.93,0,2.86830139,0,21.9676819,0,0
7.935,0,2.86830139,0,21.9888611,0,0
7.94,0,2.86830139,0,22.0100403,0,0
7.945,0,2.86830139,0,22.0312042,0,0
7.95,0,2.86830139,0,22.0523834,0,0
7.955,0,2.86830139,0,22.0735626,0,0
7.96,0,2.86830139,0,22.0947266,0,0
7.965,0,2.86830139,0,22.1159058,0,0
7.97,0,2.86830139,0,22.137085,0,0
7.975,0,2.86830139,0,22.1582489,0,0
7.98,0,2.86830139,0,22.1794281,0,0
7.985,0,2.86830139,0,22.2006073,0,0
7.99,0,2.86830139,0,22.2217865,0,0
7.995,0,2.86830139,0,22.2429504,0,0
8,0,2.86830139,0,22.2641296,0,0
8.005,0,2.86830139,0,22.2853088,0,0
8.01,0,2.86830139,0,22.3064728,0,0
8.015,0,2.86830139,0,22.327652,0,0
8.02,0,2.86830139,0,22.3488312,0,0
8.025,0,2.86830139,0,22.3699951,0,0
8.03,0,2.86830139,0,22.3869476,0,0
8.035,0,2.86830139,0,22.4123535,0,0
8.04,0,2.86830139,0,22.4335175,0,0
8.045,0,2.86830139,0,22.4546967,0,0
8.05,0,2.86830139,0,22.4758759,0,0
8.055,0,2.86830139,0,22.4970551,0,0
8.06,0,2.86830139,0,22.518219,0,0
8.065,0,2.86830139,0,22.5351562,0,0
8.07,0,2.86830139,0,22.5605774,0,0
8.075,0,2.86830139,0,22.5775146,0,0
8.08,0,2.86830139,0,22.6029205,0,0
8.085,0,2.86830139,0,22.6240997,0,0
8.09,0,2.86830139,0,22.6452637,0,0
8.095,0,2.86830139,0,22.6664429,0,0
8.1,0,2.86830139,0,22.6876221,0,0
8.105,0,2.86830139,0,22.708786,0,0
8.11,0,2.86830139,0,22.7257385,0,0
8.115,0,2.86830139,0,22.7511444,0,0
8.12,0,2.86830139,0,22.7723083,0,0
8.125,0,2.86830139,0,22.7934875,0,0
8.13,0,2.86830139,0,22.8146667,0,0
8.135,0,2.86830139,0,22.8358459,0,0
8.14,-4.965271,2.86830139,-4.965271,22.8570099,-4.965271,-4.965271
8.145,-4.965271,2.86830139,-4.965271,22.8781891,0,-4.965271
8.15,-4.8996582,2.86830139,-4.8996582,22.8993683,-4.8996582,-4.8996582
8.155,-4.69311523,2.86830139,-4.69311523,22.9163055,-4.69311523,-4.69311523
8.16,-4.69311523,2.86830139,-4.61376953,22.9417114,-4.61376953,-4.61376953
8.165,-4.69311523,2.86830139,-4.54760742,22.9628906,-4.54760742,-4.54760742
8.17,-4.69311523,2.86830139,-4.48156738,22.9840546,-4.48156738,-4.48156738
8.175,-4.69311523,2.86830139,-4.41540527,23.0052338,-4.41540527,-4.41540527
8.18,-4.63977051,2.86830139,-4.63977051,23.026413,-4.63977051,-4.63977051
8.185,-4.63977051,2.86830139,-4.63586426,23.0475769,-4.63586426,-4.63586426
8.19,-4.63977051,2.86830139,-4.63269043,23.0645294,-4.63269043,-4.63269043
8.195,-4.63977051,2.86830139,-4.62792969,23.0899353,-4.62792969,-4.62792969
8.2,-5.11938477,2.86830139,-5.11938477,23.1111145,-5.11938477,-5.11938477
8.205,-5.11938477,2.86830139,-5.13537598,23.1322784,-5.13537598,-5.13537598
8.21,-5.11938477,2.86830139,-5.15130615,23.1534576,-5.15130615,-5.15130615
8.215,-5.11938477,2.86830139,-5.16723633,23.1746368,-5.16723633,-5.16723633
8.22,-5.69592285,2.86830139,-5.69592285,23.1958008,-5.69592285,-5.69592285
8.225,-5.3883667,2.86830139,-5.3883667,23.21698,-5.3883667,-5.3883667
8.23,-5.62884521,2.86830139,-5.62884521,23.2381592,-5.62884521,-5.62884521
8.235,-5.62884521,2.86830139,-5.75195312,23.2593231,-5.75195312,-5.75195312
8.24,-5.43469238,2.86830139,-5.43469238,23.2805023,-5.43469238,-5.43469238
8.245,-5.09405518,2.86830139,-5.09405518,23.3016815,-5.09405518,-5.09405518
8.25,-5.09405518,2.86830139,-5.04119873,23.3228455,-5.04119873,-5.04119873
8.255,-5.09405518,2.86830139,-4.98834229,23.3440247,-4.98834229,-4.98834229
8.26,-5.44311523,2.86830139,-5.44311523,23.3652039,-5.44311523,-5.44311523
8.265,-5.15100098,2.86830139,-5.15100098,23.3863831,-5.15100098,-5.15100098
8.27,-5.15100098,2.86830139,-5.10565186,23.407547,-5.10565186,-5.10565186
8.275,-5.15100098,2.86830139,-5.06030273,23.4287262,-5.06030273,-5.06030273
8.28,-5.03100586,2.86830139,-5.03100586,23.4499054,-5.03100586,-5.03100586
8.285,-4.75177002,2.86830139,-4.75177002,23.4710693,-4.75177002,-4.75177002
8.29,-4.75177002,2.86830139,-4.71508789,23.4922485,-4.71508789,-4.71508789
8.295,-4.75177002,2.86830139,-4.6784668,23.5134277,-4.6784668,-4.6784668
8.3,-5.10656738,2.86830139,-5.10656738,23.5345917,-5.10656738,-5.10656738
8.305,-5.15533447,2.86830139,-5.15533447,23.5557709,-5.15533447,-5.15533447
8.31,-5.15533447,2.86830139,-5.16290283,23.5769501,-5.16290283,-5.16290283
8.315,-5.15533447,2.86830139,-5.17047119,23.598114,-5.17047119,-5.17047119
8.32,-5.15533447,2.86830139,-5.17803955,23.6192932,-5.17803955,-5.17803955
8.325,-5.15533447,2.86830139,-5.18560791,23.6404724,-5.18560791,-5.18560791
8.33,-5.46948242,2.86830139,-5.46948242,23.6616516,-5.46948242,-5.46948242
8.335,-4.83435059,2.86830139,-4.83435059,23.6828156,-4.83435059,-4.83435059
8.34,-5.07214355,2.86830139,-5.07214355,23.7039948,-5.07214355,-5.07214355
8.345,-5.44366455,2.86830139,-5.44366455,23.725174,-5.44366455,-5.44366455
8.35,-5.44366455,2.86830139,-5.50708008,23.7463379,-5.50708008,-5.50708008
8.355,-5.44366455,2.86830139,-5.57043457,23.7675171,-5.57043457,-5.57043457
8.36,-5.44366455,2.86830139,-5.63391113,23.7886963,-5.63391113,-5.63391113
8.365,-5.44366455,2.86830139,-5.69726562,23.8098602,-5.69726562,-5.69726562
8.37,-5.07452393,2.86830139,-5.07452393,23.8310394,-5.07452393,-5.07452393
8.375,-4.54302979,2.86830139,-4.54302979,23.8522186,-4.54302979,-4.54302979
8.38,-4.77471924,2.86830139,-4.77471924,23.8733826,-4.77471924,-4.77471924
8.385,-4.77471924,2.86830139,-4.80957031,23.8945618,-4.80957031,-4.80957031
8.39,-5.21228027,2.86830139,-5.21228027,23.915741,-5.21228027,-5.21228027
8.395,-5.45214844,2.86830139,-5.45214844,23.9369202,-5.45214844,-5.45214844
8.4,-5.45214844,2.86830139,-5.48828125,23.9580841,-5.48828125,-5.48828125
8.405,-5.45214844,2.86830139,-5.52441406,23.9792633,-5.52441406,-5.52441406
8.41,-5.38476562,2.86830139,-5.38476562,24.0004272,-5.38476562,-5.38476562
8.415,-5.40252686,2.86830139,-5.40252686,24.0216064,-5.40252686,-5.40252686
8.42,-5.40252686,2.86830139,-5.4052124,24.0427856,-5.4052124,-5.4052124
8.425,-5.40252686,2.86830139,-5.40789795,24.0639648,-5.40789795,-5.40789795
8.43,-5.14379883,2.86830139,-5.14379883,24.0851288,-5.14379883,-5.14379883
8.435,-5.28338623,2.86830139,-5.28338623,24.106308,-5.28338623,-5.28338623
8.44,-5.28338623,2.86830139,-5.30505371,24.1274872,-5.30505371,-5.30505371
8.445,-5.28338623,2.86830139,-5.32666016,24.1486511,-5.32666016,-5.32666016
8.45,-5.47540283,2.86830139,-5.47540283,24.1698303,-5.47540283,-5.47540283
8.455,-5.46252441,2.86830139,-5.46252441,24.1910095,-5.46252441,-5.46252441
8.46,-5.46252441,2.86830139,-5.46057129,24.2121887,-5.46057129,-5.46057129
8.465,-5.46252441,2.86830139,-5.45861816,24.2333527,-5.45861816,-5.45861816
8.47,-5.78424072,2.86830139,-5.78424072,24.2545319,-5.78424072,-5.78424072
8.475,-5.58532715,2.86830139,-5.58532715,24.2756958,-5.58532715,-5.58532715
8.48,-5.58532715,2.86830139,-5.55773926,24.296875,-5.55773926,-5.55773926
8.485,-5.58532715,2.86830139,-5.53027344,24.3180542,-5.53027344,-5.53027344
8.49,-6.33825684,2.86830139,-6.33825684,24.3392334,-6.33825684,-6.33825684
8.495,-6.34033203,2.86830139,-6.34033203,24.3603973,-6.34033203,-6.34033203
8.5,-6.34033203,2.86830139,-6.34069824,24.3815765,-6.34069824,-6.34069824
8.505,-6.34033203,2.86830139,-6.34094238,24.4027557,-6.34094238,-6.34094238
8.51,-5.64489746,2.86830139,-5.64489746,24.4239197,-5.64489746,-5.64489746
8.515,-5.4855957,2.86830139,-5.4855957,24.4450989,-5.4855957,-5.4855957
8.52,-5.4855957,2.86830139,-5.46356201,24.4662781,-5.46356201,-5.46356201
8.525,-5.4855957,2.86830139,-5.44152832,24.4874573,-5.44152832,-5.44152832
8.53,-5.3137207,2.86830139,-5.3137207,24.5086212,-5.3137207,-5.3137207
8.535,-5.0291748,2.86830139,-5.0291748,24.5298004,-5.0291748,-5.0291748
8.54,-5.0291748,2.86830139,-4.98217773,24.5509644,-4.98217773,-4.98217773
8.545,-5.0291748,2.86830139,-4.9352417,24.5721436,-4.9352417,-4.9352417
8.55,-5.10290527,2.86830139,-5.10290527,24.5933228,-5.10290527,-5.10290527
8.555,-5.27941895,2.86830139,-5.27941895,24.614502,-5.27941895,-5.27941895
8.56,-5.27941895,2.86830139,-5.30322266,24.6356659,-5.30322266,-5.30322266
8.565,-5.27941895,2.86830139,-5.32702637,24.6568451,-5.32702637,-5.32702637
8.57,-5.15966797,2.86830139,-5.15966797,24.6780243,-5.15966797,-5.15966797
8.575,-5.19543457,2.86830139,-5.19543457,24.6991882,-5.19543457,-5.19543457
8.58,-5.19543457,2.86830139,-5.20153809,24.7203674,-5.20153809,-5.20153809
8.585,-5.19543457,2.86830139,-5.2076416,24.7415466,-5.2076416,-5.2076416
8.59,-5.17840576,2.86830139,-5.17840576,24.7627258,-5.17840576,-5.17840576
8.595,-5.12036133,2.86830139,-5.12036133,24.7838898,-5.12036133,-5.12036133
8.6,-5.12036133,2.86830139,-5.10803223,24.805069,-5.10803223,-5.10803223
8.605,-5.12036133,2.86830139,-5.09564209,24.8262329,-5.09558105,-5.09558105
8.61,-4.83276367,2.86830139,-4.83276367,24.8474121,-4.83276367,-4.83276367
8.615,-4.76062012,2.86830139,-4.76062012,24.8685913,-4.76062012,-4.76062012
8.62,-4.76062012,2.86830139,-4.74938965,24.8897705,-4.74938965,-4.74938965
8.625,-4.76062012,2.86830139,-4.73822021,24.9109344,-4.73822021,-4.73822021
8.63,-4.88146973,2.86830139,-4.88146973,24.9321136,-4.88146973,-4.88146973
8.635,-5.07958984,2.86830139,-5.07958984,24.9532928,-5.07958984,-5.07958984
8.64,-5.07958984,2.86830139,-5.10864258,24.9744568,-5.10864258,-5.10864258
8.645,-5.07958984,2.86830139,-5.13757324,24.995636,-5.13757324,-5.13757324
8.65,-5.0057373,2.86830139,-5.0057373,25.0168152,-5.0057373,-5.0057373
8.655,-4.8192749,2.86830139,-4.8192749,25.0379944,-4.8192749,-4.8192749
8.66,-4.8192749,2.86830139,-4.79345703,25.0591583,-4.79345703,-4.79345703
8.665,-4.8192749,2.86830139,-4.7677002,25.0803375,-4.7677002,-4.7677002
8.67,-4.79187012,2.86830139,-4.79187012,25.1015015,-4.79187012,-4.79187012
8.675,-4.63366699,2.86830139,-4.63366699,25.1226807,-4.63366699,-4.63366699
8.68,-4.63366699,2.86830139,-4.60913086,25.1438599,-4.60913086,-4.60913086
8.685,-4.63366699,2.86830139,-4.58459473,25.1650391,-4.58459473,-4.58459473
8.69,-4.76879883,2.86830139,-4.76879883,25.186203,-4.76879883,-4.76879883
8.695,-4.75463867,2.86830139,-4.75463867,25.2073822,-4.75463867,-4.75463867
8.7,-4.73150635,2.86830139,-4.73150635,25.2285614,-4.73150635,-4.73150635
8.705,-4.73150635,2.86830139,-4.72839355,25.2497253,-4.72839355,-4.72839355
8.71,-4.52520752,2.86830139,-4.52520752,25.2709045,-4.52520752,-4.52520752
8.715,-4.52520752,2.86830139,-4.49755859,25.2920837,-4.49755859,-4.49755859
8.72,-4.52520752,2.86830139,-4.46990967,25.3132629,-4.46990967,-4.46990967
8.725,-4.52520752,2.86830139,-4.44226074,25.3344269,-4.44226074,-4.44226074
8.73,-4.52520752,2.86830139,-4.41461182,25.3556061,-4.41461182,-4.41461182
8.735,-4.52520752,2.86830139,-4.38696289,25.37677,-4.38696289,-4.38696289
8.74,-4.64776611,2.86830139,-4.64776611,25.3979492,0,0
8.745,-4.79589844,2.86830139,-4.79589844,25.4191284,0,0
8.75,-4.73242188,2.86830139,-4.73242188,25.4403076,0,0
8.755,-4.46160889,2.86830139,-4.46160889,25.4614716,0,0
8.76,-4.68286133,2.86830139,-4.68286133,25.4826508,0,0
8.765,-4.68286133,2.86830139,-4.71520996,25.5038147,0,0
8.77,-4.68286133,2.86830139,-4.74755859,25.5249939,0,0
8.775,-4.68286133,2.86830139,-4.77990723,25.5461731,0,0
8.78,-4.81774902,2.86830139,-4.81774902,25.5673523,0,0
8.785,-4.75756836,2.86830139,-4.75756836,25.5885162,0,0
8.79,-4.75756836,2.86830139,-4.74829102,25.6096954,0,0
8.795,-4.75756836,2.86830139,-4.7388916,25.6308746,0,0
8.8,-4.78070068,2.86830139,-4.78070068,25.6520386,0,0
8.805,-4.5715332,2.86830139,-4.5715332,25.6732178,0,0
8.81,-4.5715332,2.86830139,-4.5390625,25.694397,0,0
8.815,-4.5715332,2.86830139,-4.5065918,25.7155762,0,0
8.82,-4.55767822,2.86830139,-4.55767822,25.7367401,0,0
8.825,-4.52703857,2.86830139,-4.52703857,25.7579193,0,0
8.83,-4.52703857,2.86830139,-4.52258301,25.7790833,0,0
8.835,-4.52703857,2.86830139,-4.51806641,25.8002625,0,0
8.84,-4.50927734,2.86830139,-4.50927734,25.8214417,0,0
8.845,-4.65026855,2.86830139,-4.65026855,25.8426208,0,0
8.85,-4.65026855,2.86830139,-4.67150879,25.8637848,0,0
8.855,-4.65026855,2.86830139,-4.69274902,25.884964,0,0
8.86,-4.93066406,2.86830139,-4.93066406,25.9061432,0,0
8.865,-4.72406006,2.86830139,-4.72406006,25.9273071,0,0
8.87,-4.72406006,2.86830139,-4.6920166,25.9484863,0,0
8.875,-4.72406006,2.86830139,-4.65991211,25.9696655,0,0
8.88,-4.62780762,2.86830139,-4.62780762,25.9908447,0,0
8.885,-4.59082031,2.86830139,-4.59082031,26.0120087,0,0
8.89,-4.59082031,2.86830139,-4.58557129,26.0331879,0,0
8.895,-4.59082031,2.86830139,-4.58032227,26.0543518,0,0
8.9,-4.57177734,2.86830139,-4.57177734,26.075531,0,0
8.905,-4.8963623,2.86830139,-4.8963623,26.0967102,0,0
8.91,-4.8963623,2.86830139,-4.94677734,26.1178894,0,0
8.915,-4.8963623,2.86830139,-4.99713135,26.1390533,0,0
8.92,-5.4017334,2.86830139,-5.4017334,26.1602325,0,0
8.925,-4.86798096,2.86830139,-4.86798096,26.1814117,0,0
8.93,-4.86798096,2.86830139,-4.78759766,26.2025757,0,0
8.935,-4.86798096,2.86830139,-4.70721436,26.2237549,0,0
8.94,-5.0065918,2.86830139,-5.0065918,26.2449341,0,0
8.945,-4.88720703,2.86830139,-4.88720703,26.2661133,0,0
8.95,-4.88720703,2.86830139,-4.86975098,26.2872772,0,0
8.955,-4.88720703,2.86830139,-4.85229492,26.3084564,0,0
8.96,-4.68835449,2.86830139,-4.68835449,26.3296204,0,0
8.965,-4.79516602,2.86830139,-4.79516602,26.3507996,0,0
8.97,-4.79516602,2.86830139,-4.8104248,26.3719788,0,0
8.975,-4.79516602,2.86830139,-4.82556152,26.393158,0,0
8.98,-5.1295166,2.86830139,-5.1295166,26.4143219,0,0
8.985,-5.1060791,2.86830139,-5.1060791,26.4355011,0,0
8.99,-5.1060791,2.86830139,-5.1027832,26.4566803,0,0
8.995,-5.1060791,2.86830139,-5.09942627,26.4778442,0,0
9,-4.6920166,2.86830139,-4.6920166,26.4990234,0,0
9.005,-4.7722168,2.86830139,-4.7722168,26.5202026,0,0
9.01,1.93737793,2.86830139,1.93737793,26.5413818,0,0
9.015,1.93737793,2.86830139,2.91894531,26.5625458,0,0
9.02,-5.04418945,2.86830139,-5.04418945,26.583725,0,0
9.025,-5.04418945,2.86830139,-5.06591797,26.6048889,0,0
9.03,-5.04418945,2.86830139,-5.08764648,26.6260681,0,0
9.035,-5.04418945,2.86830139,-5.109375,26.6472473,0,0
9.04,-5.24377441,2.86830139,-5.24377441,26.6684265,-5.24377441,-5.24377441
9.045,-5.12695312,2.86830139,-5.12695312,26.6895905,-5.12695312,-5.12695312
9.05,-5.12695312,2.86830139,-5.10986328,26.7107697,-5.10986328,-5.10986328
9.055,-5.12695312,2.86830139,-5.09277344,26.7319489,-5.09277344,-5.09277344
9.06,-4.90075684,2.86830139,-4.90075684,26.7531128,-4.90075684,-4.90075684
9.065,-4.815979,2.86830139,-4.815979,26.774292,-4.815979,-4.815979
9.07,-5.53338623,2.86830139,-5.53338623,26.7954712,-5.53338623,-5.53338623
9.075,-5.53338623,2.86830139,-5.64141846,26.8166504,-5.64141846,-5.64141846
9.08,-5.1362915,2.86830139,-5.1362915,26.8378143,-5.1362915,-5.1362915
9.085,-5.27740479,2.86830139,-5.27740479,26.8589935,-5.27740479,-5.27740479
9.09,-5.27740479,2.86830139,-5.29864502,26.8801575,-5.29864502,-5.29864502
9.095,-5.27740479,2.86830139,-5.31994629,26.9013367,-5.31994629,-5.31994629
9.1,-4.72375488,2.86830139,-4.72375488,26.9225159,-4.72375488,-4.72375488
9.105,-5.03649902,2.86830139,-5.03649902,26.9436951,-5.03649902,-5.03649902
9.11,-5.03649902,2.86830139,-5.08361816,26.964859,-5.08361816,-5.08361816
9.115,-5.03649902,2.86830139,-5.1307373,26.9860382,-5.1307373,-5.1307373
9.12,-5.03649902,2.86830139,-5.17779541,27.0072174,-5.17779541,-5.17779541
9.125,-5.0958252,2.86830139,-5.0958252,27.0283813,-5.0958252,-5.0958252
9.13,1.984375,2.86830139,1.984375,27.0495605,1.984375,1.984375
9.135,1.984375,2.86830139,3.02008057,27.0707397,3.02008057,3.02008057
9.14,1.984375,2.86830139,4.05578613,27.0919037,4.05584717,4.05584717
9.145,1.984375,2.86830139,5.09155273,27.1130829,5.09155273,5.09155273
9.15,-5.15893555,2.86830139,-5.15893555,27.1342621,0,5.09155273
9.155,-4.8067627,2.86830139,-4.8067627,27.155426,0,5.09155273
9.16,-4.8067627,2.86830139,-4.76165771,27.1766052,0,5.09155273
9.165,-4.8067627,2.86830139,-4.71655273,27.1977844,0,5.09155273
9.17,-5.23828125,2.86830139,-5.23828125,27.2189636,0,5.09155273
9.175,-4.73565674,2.86830139,-4.73565674,27.2401276,0,5.09155273
9.18,-4.73565674,2.86830139,-4.66210938,27.2613068,0,5.09155273
9.185,-4.73565674,2.86830139,-4.58862305,27.282486,0,5.09155273
9.19,-5.05957031,2.86830139,-5.05957031,27.3036499,0,5.09155273
9.195,1.84594727,2.86830139,1.84594727,27.3248291,0,5.09155273
9.2,1.84594727,2.86830139,2.9173584,27.3460083,2.9173584,2.9173584
9.205,1.84594727,2.86830139,3.98876953,27.3671722,3.98876953,3.98876953
9.21,-5.17962646,2.86830139,-5.17962646,27.3883514,0,3.98876953
9.215,-4.80822754,2.86830139,-4.80822754,27.4095306,0,3.98876953
9.22,-4.80822754,2.86830139,-4.75231934,27.4306946,0,3.98876953
9.225,-4.80822754,2.86830139,-4.69641113,27.4518738,0,3.98876953
9.23,-4.65026855,2.86830139,-4.65026855,27.473053,0,3.98876953
9.235,-5.30700684,2.86830139,-5.30700684,27.4942322,0,3.98876953
9.24,-5.30700684,2.86830139,-5.40307617,27.5153961,0,3.98876953
9.245,-5.30700684,2.86830139,-5.49914551,27.5365753,0,3.98876953
9.25,-4.96984863,2.86830139,-4.96984863,27.5577545,0,3.98876953
9.255,-5.17822266,2.86830139,-5.17822266,27.5789185,0,3.98876953
9.26,-5.17822266,2.86830139,-5.20874023,27.6000977,0,3.98876953
9.265,-5.17822266,2.86830139,-5.23913574,27.6212769,0,3.98876953
9.27,-4.81225586,2.86830139,-4.81225586,27.6424408,0,3.98876953
9.275,-4.82434082,2.86830139,-4.82434082,27.66362,0,3.98876953
9.28,-4.82434082,2.86830139,-4.8260498,27.6847992,0,3.98876953
9.285,-4.82434082,2.86830139,-4.82781982,27.7059631,-4.82781982,-4.82781982
9.29,-4.64367676,2.86830139,-4.64367676,27.7271423,-4.64367676,-4.64367676
9.295,-4.84020996,2.86830139,-4.84020996,27.7483215,-4.84020996,-4.84020996
9.3,-4.84020996,2.86830139,-4.8706665,27.7695007,-4.8706665,-4.8706665
9.305,-4.84020996,2.86830139,-4.90112305,27.7906647,-4.90112305,-4.90112305
9.31,-5.10229492,2.86830139,-5.10229492,27.8118439,-5.10229492,-5.10229492
9.315,-5.27935791,2.86830139,-5.27935791,27.8330231,-5.27935791,-5.27935791
9.32,-5.27935791,2.86830139,-5.30682373,27.854187,-5.3067627,-5.3067627
9.325,-5.27935791,2.86830139,-5.33435059,27.8753662,-5.33435059,-5.33435059
9.33,-4.7833252,2.86830139,-4.7833252,27.8965454,-4.7833252,-4.7833252
9.335,-4.75524902,2.86830139,-4.75524902,27.9177094,-4.75524902,-4.75524902
9.34,-4.75524902,2.86830139,-4.75109863,27.9388885,-4.75109863,-4.75109863
9.345,-4.75524902,2.86830139,-4.74694824,27.9600677,-4.74694824,-4.74694824
9.35,-4.66729736,2.86830139,-4.66729736,27.9812317,-4.66729736,-4.66729736
9.355,-4.75036621,2.86830139,-4.75036621,28.0024109,-4.75036621,-4.75036621
9.36,-4.75036621,2.86830139,-4.76251221,28.0235901,-4.76251221,-4.76251221
9.365,-4.75036621,2.86830139,-4.7746582,28.0447693,-4.7746582,-4.7746582
9.37,-4.66790771,2.86830139,-4.66790771,28.0659332,-4.66790771,-4.66790771
9.375,-4.847229,2.86830139,-4.847229,28.0871124,-4.847229,-4.847229
9.38,-4.847229,2.86830139,-4.87683105,28.1082916,-4.87683105,-4.87683105
9.385,-4.847229,2.86830139,-4.90649414,28.1294556,-4.90649414,-4.90649414
9.39,-4.73901367,2.86830139,-4.73901367,28.1506348,-4.73901367,-4.73901367
9.395,-4.69775391,2.86830139,-4.69775391,28.171814,-4.69775391,-4.69775391
9.4,-4.69775391,2.86830139,-4.69189453,28.1929779,-4.69189453,-4.69189453
9.405,-4.69775391,2.86830139,-4.68603516,28.2141571,-4.68603516,-4.68603516
9.41,-4.79309082,2.86830139,-4.79309082,28.2353363,-4.79309082,-4.79309082
9.415,-4.69897461,2.86830139,-4.69897461,28.2565002,-4.69897461,-4.69897461
9.42,-4.7109375,2.86830139,-4.7109375,28.2776794,-4.7109375,-4.7109375
9.425,-4.7109375,2.86830139,-4.71264648,28.2988586,-4.71264648,-4.71264648
9.43,-4.65509033,2.86830139,-4.65509033,28.3200378,-4.65509033,-4.65509033
9.435,-4.74841309,2.86830139,-4.74841309,28.3412018,-4.74841309,-4.74841309
9.44,-4.74841309,2.86830139,-4.76281738,28.362381,-4.76281738,-4.76281738
9.445,-4.74841309,2.86830139,-4.77734375,28.3835602,-4.77734375,-4.77734375
9.45,-4.68286133,2.86830139,-4.68286133,28.4047241,-4.68286133,-4.68286133
9.455,-4.82843018,2.86830139,-4.82843018,28.4259033,-4.82843018,-4.82843018
9.46,-4.82843018,2.86830139,-4.85168457,28.4470825,-4.85168457,-4.85168457
9.465,-4.82843018,2.86830139,-4.875,28.4682465,-4.875,-4.875
9.47,-4.93621826,2.86830139,-4.93621826,28.4894257,-4.93621826,-4.93621826
9.475,-5.01184082,2.86830139,-5.01184082,28.5106049,-5.01184082,-5.01184082
9.48,-5.01184082,2.86830139,-5.02319336,28.5317688,-5.02319336,-5.02319336
9.485,-5.01184082,2.86830139,-5.03460693,28.552948,-5.0345459,-5.0345459
9.49,-4.93261719,2.86830139,-4.93261719,28.5741272,-4.93261719,-4.93261719
9.495,-4.80175781,2.86830139,-4.80175781,28.5952911,-4.80175781,-4.80175781
9.5,-4.80175781,2.86830139,-4.78149414,28.6164703,-4.78149414,-4.78149414
9.505,-4.80175781,2.86830139,-4.7611084,28.6376495,-4.7611084,-4.7611084
9.51,-4.72229004,2.86830139,-4.72229004,28.6588287,-4.72229004,-4.72229004
9.515,-4.75305176,2.86830139,-4.75305176,28.6799927,-4.75305176,-4.75305176
9.52,-4.75305176,2.86830139,-4.75756836,28.7011719,-4.75756836,-4.75756836
9.525,-4.75305176,2.86830139,-4.76208496,28.7223511,-4.76208496,-4.76208496
9.53,-4.75305176,2.86830139,-4.76654053,28.743515,-4.76654053,-4.76654053
9.535,-4.75305176,2.86830139,-4.77099609,28.7646942,-4.77099609,-4.77099609
9.54,-4.64611816,2.86830139,-4.64611816,28.7858734,-4.64611816,-4.64611816
9.545,-4.78076172,2.86830139,-4.78076172,28.8070374,-4.78076172,-4.78076172
9.55,-4.67138672,2.86830139,-4.67138672,28.8282166,-4.67138672,-4.67138672
9.555,-4.60095215,2.86830139,-4.60095215,28.8493958,-4.60095215,-4.60095215
9.56,-4.60095215,2.86830139,-4.58898926,28.8705597,-4.58898926,-4.58898926
9.565,-4.60095215,2.86830139,-4.5769043,28.8917389,-4.5769043,-4.5769043
9.57,-4.60095215,2.86830139,-4.56494141,28.9129181,-4.56494141,-4.56494141
9.575,-4.60095215,2.86830139,-4.55291748,28.9340973,-4.55291748,-4.55291748
9.58,-4.70996094,2.86830139,-4.70996094,28.9552612,-4.70996094,-4.70996094
9.585,-4.94055176,2.86830139,-4.94055176,28.9764404,-4.94055176,-4.94055176
9.59,-4.94055176,2.86830139,-4.97741699,28.9976196,-4.97741699,-4.97741699
9.595,-4.94055176,2.86830139,-5.01428223,29.0187836,-5.01428223,-5.01428223
9.6,-4.78393555,2.86830139,-4.78393555,29.0399628,-4.78393555,-4.78393555
9.605,-4.71453857,2.86830139,-4.71453857,29.061142,-4.71453857,-4.71453857
9.61,-4.71453857,2.86830139,-4.70373535,29.0823059,-4.70373535,-4.70373535
9.615,-4.71453857,2.86830139,-4.69299316,29.1034851,-4.69299316,-4.69299316
9.62,-4.71008301,2.86830139,-4.71008301,29.1246643,-4.71008301,-4.71008301
9.625,-4.62414551,2.86830139,-4.62414551,29.1458282,-4.62414551,-4.62414551
9.63,-4.62414551,2.86830139,-4.61120605,29.1670074,-4.61120605,-4.61120605
9.635,-4.62414551,2.86830139,-4.5982666,29.1881866,-4.5982666,-4.5982666
9.64,-4.746521,2.86830139,-4.746521,29.2093506,-4.746521,-4.746521
9.645,-4.90014648,2.86830139,-4.90014648,29.2305298,-4.90014648,-4.90014648
9.65,-4.90014648,2.86830139,-4.92199707,29.251709,-4.92199707,-4.92199707
9.655,-4.90014648,2.86830139,-4.94384766,29.2728882,-4.94384766,-4.94384766
9.66,-4.94360352,2.86830139,-4.94360352,29.2940521,-4.94360352,-4.94360352
9.665,-4.85577393,2.86830139,-4.85577393,29.3152313,-4.85577393,-4.85577393
9.67,-4.85577393,2.86830139,-4.84289551,29.3364105,-4.84289551,-4.84289551
9.675,-4.85577393,2.86830139,-4.83007812,29.3575745,-4.83007812,-4.83007812
9.68,-4.79003906,2.86830139,-4.79003906,29.3787537,-4.79003906,-4.79003906
9.685,-4.86535645,2.86830139,-4.86535645,29.3999329,-4.86535645,-4.86535645
9.69,-4.86535645,2.86830139,-4.8770752,29.4210968,-4.8770752,-4.8770752
9.695,-4.86535645,2.86830139,-4.88873291,29.442276,-4.88873291,-4.88873291
9.7,-4.73529053,2.86830139,-4.73529053,29.4634552,-4.73529053,-4.73529053
9.705,-4.89459229,2.86830139,-4.89459229,29.4846191,-4.89459229,-4.89459229
9.71,-4.89459229,2.86830139,-4.91931152,29.5057983,-4.91931152,-4.91931152
9.715,-4.89459229,2.86830139,-4.94403076,29.5269775,-4.94403076,-4.94403076
9.72,-4.70269775,2.86830139,-4.70269775,29.5481567,-4.70269775,-4.70269775
9.725,-4.81750488,2.86830139,-4.81750488,29.5693207,-4.81750488,-4.81750488
9.73,-4.81750488,2.86830139,-4.83483887,29.5904999,-4.83483887,-4.83483887
9.735,-4.81750488,2.86830139,-4.85205078,29.6116791,-4.85205078,-4.85205078
9.74,-4.74316406,2.86830139,-4.74316406,29.632843,0,0
9.745,-4.67376709,2.86830139,-4.67376709,29.6540222,0,0
9.75,-4.67376709,2.86830139,-4.66333008,29.6752014,0,0
9.755,-4.67376709,2.86830139,-4.65289307,29.6963654,0,0
9.76,-4.79052734,2.86830139,-4.79052734,29.7175446,0,0
9.765,-4.86395264,2.86830139,-4.86395264,29.7387238,0,0
9.77,-4.86395264,2.86830139,-4.87438965,29.7598877,0,0
9.775,-4.86395264,2.86830139,-4.88482666,29.7810669,0,0
9.78,-4.86987305,2.86830139,-4.86987305,29.8022461,0,0
9.785,-4.72955322,2.86830139,-4.72955322,29.8234253,0,0
9.79,-4.72955322,2.86830139,-4.70904541,29.8445892,0,0
9.795,-4.72955322,2.86830139,-4.68847656,29.8657684,0,0
9.8,-4.67089844,2.86830139,-4.67089844,29.8869476,0,0
9.805,-4.59448242,2.86830139,-4.59448242,29.9081116,0,0
9.81,-4.65539551,2.86830139,-4.65539551,29.9292908,0,0
9.815,-4.65539551,2.86830139,-4.66479492,29.95047,0,0
9.82,-4.80627441,2.86830139,-4.80627441,29.9716339,0,0
9.825,-4.67529297,2.86830139,-4.67529297,29.9928131,0,0
9.83,-4.67529297,2.86830139,-4.65563965,30.0139923,0,0
9.835,-4.67529297,2.86830139,-4.63586426,30.0351562,0,0
9.84,-4.73535156,2.86830139,-4.73535156,30.0563354,0,0
9.845,-4.75598145,2.86830139,-4.75598145,30.0775146,0,0
9.85,-4.75598145,2.86830139,-4.7590332,30.0986938,0,0
9.855,-4.75598145,2.86830139,-4.76202393,30.1198578,0,0
9.86,-4.74206543,2.86830139,-4.74206543,30.141037,0,0
9.865,-4.7097168,2.86830139,-4.7097168,30.1622162,0,0
9.87,-4.7097168,2.86830139,-4.70483398,30.1833801,0,0
9.875,-4.7097168,2.86830139,-4.69995117,30.2045593,0,0
9.88,-4.80743408,2.86830139,-4.80743408,30.2257385,0,0
9.885,-4.88684082,2.86830139,-4.88684082,30.2469025,0,0
9.89,-4.88684082,2.86830139,-4.89849854,30.2680817,0,0
9.895,-4.88684082,2.86830139,-4.91015625,30.2892609,0,0
9.9,-4.7947998,2.86830139,-4.7947998,30.3104248,0,0
9.905,-4.86193848,2.86830139,-4.86193848,30.331604,0,0
9.91,-4.86193848,2.86830139,-4.87268066,30.3527832,0,0
9.915,-4.86193848,2.86830139,-4.88342285,30.3739624,0,0
9.92,-4.81207275,2.86830139,-4.81207275,30.3951263,0,0
9.925,-4.94451904,2.86830139,-4.94451904,30.4163055,0,0
9.93,-4.94451904,2.86830139,-4.96337891,30.4374847,0,0
9.935,-4.94451904,2.86830139,-4.98217773,30.4586487,0,0
9.94,-4.90588379,2.86830139,-4.90588379,30.4798279,0,0
9.945,-4.88482666,2.86830139,-4.88482666,30.5010071,0,0
9.95,-4.88482666,2.86830139,-4.88165283,30.522171,0,0
9.955,-4.88482666,2.86830139,-4.878479,30.5433502,0,0
9.96,-4.88482666,2.86830139,-4.87530518,30.5645294,0,0
9.965,-4.88482666,2.86830139,-4.87213135,30.5856934,0,0
9.97,-4.95178223,2.86830139,-4.95178223,30.6068726,0,0
9.975,-4.89746094,2.86830139,-4.89746094,30.6280518,0,0
9.98,-4.89746094,2.86830139,-4.88928223,30.649231,0,0
9.985,-4.89746094,2.86830139,-4.88110352,30.6703949,0,0
9.99,-4.9463501,2.86830139,-4.9463501,30.6915741,0,0
9.995,-4.85772705,2.86830139,-4.85772705,30.712738,0,0
10,-4.7902832,2.86830139,-4.7902832,30.7339172,0,0
10.005,-4.7902832,2.86830139,-4.77832031,30.7550964,0,0
10.01,-4.6652832,2.86830139,-4.6652832,30.7762756,0,0
10.015,-4.61645508,2.86830139,-4.61645508,30.7974396,0,0
10.02,-4.61645508,2.86830139,-4.61016846,30.8186188,0,0
10.025,-4.61645508,2.86830139,-4.60388184,30.839798,0,0
10.03,-4.82763672,2.86830139,-4.82763672,30.8609619,0,0
10.035,-4.82763672,2.86830139,-4.85467529,30.8821411,0,0
10.04,-4.82763672,2.86830139,-4.88171387,30.9033203,0,0
10.045,-4.82763672,2.86830139,-4.90869141,30.9244995,0,0
10.05,-4.82763672,2.86830139,-4.93572998,30.9456635,0,0
10.055,-4.82763672,2.86830139,-4.96276855,30.9668427,0,0
10.06,-4.82763672,2.86830139,-4.98974609,30.9880066,0,0
10.065,-4.82763672,2.86830139,-5.01672363,31.0091858,0,0
10.07,-4.82763672,2.86830139,-5.04382324,31.030365,0,0
10.075,-4.82763672,2.86830139,-5.07080078,31.0515442,0,0
10.08,-4.82763672,2.86830139,-5.09777832,31.0727081,0,0
10.085,-4.82763672,2.86830139,-5.12481689,31.0938873,0,0
10.09,-4.82763672,2.86830139,-5.15185547,31.1150665,0,0
10.095,-4.82763672,2.86830139,-5.17883301,31.1362305,0,0
10.1,-4.82763672,2.86830139,-5.20587158,31.1574097,0,0
10.105,-4.82763672,2.86830139,-5.23291016,31.1785889,0,0
10.11,-4.82763672,2.86830139,-5.2598877,31.1997681,0,0
10.115,-4.82763672,2.86830139,-5.28686523,31.220932,0,0
10.12,-4.82763672,2.86830139,-5.31390381,31.2421112,0,0
10.125,-4.82763672,2.86830139,-5.34094238,31.2632751,0,0
10.13,-4.82763672,2.86830139,-5.36791992,31.2844543,0,0
10.135,-4.82763672,2.86830139,-5.3949585,31.3056335,0,0
10.14,-4.82763672,2.86830139,-5.42199707,31.3268127,0,0
10.145,-4.82763672,2.86830139,-5.44897461,31.3479767,0,0
10.15,-4.82763672,2.86830139,-5.47601318,31.3691559,0,0
10.155,-4.82763672,2.86830139,-5.50305176,31.3903351,0,0
10.16,-4.82763672,2.86830139,-5.5300293,31.411499,0,0
10.165,-4.82763672,2.86830139,-5.55700684,31.4326782,0,0
10.17,-4.82763672,2.86830139,-5.58404541,31.4538574,0,0
10.175,-4.82763672,2.86830139,-5.61108398,31.4750366,0,0
10.18,-4.82763672,2.86830139,-5.63806152,31.4962006,0,0
10.185,-4.82763672,2.86830139,-5.6651001,31.5173798,0,0
10.19,-4.82763672,2.86830139,-5.69213867,31.5385437,0,0
10.195,-4.82763672,2.86830139,-5.71911621,31.5597229,0,0
10.2,-4.82763672,2.86830139,-5.74609375,31.5809021,0,0
10.205,-4.82763672,2.86830139,-5.77319336,31.6020813,0,0
10.21,-4.82763672,2.86830139,-5.8001709,31.6232452,0,0
10.215,-4.82763672,2.86830139,-5.82714844,31.6444244,0,0
10.22,-4.82763672,2.86830139,-5.85418701,31.6656036,0,0
10.225,-4.82763672,2.86830139,-5.88122559,31.6867676,0,0
10.23,-4.82763672,2.86830139,-5.90820312,31.7079468,0,0
10.235,-4.82763672,2.86830139,-5.9352417,31.729126,0,0
10.24,-4.82763672,2.86830139,-5.96228027,31.7503052,0,0
10.245,-4.82763672,2.86830139,-5.98925781,31.7714691,0,0
10.25,-4.82763672,2.86830139,-6.01623535,31.7926483,0,0
10.255,-4.82763672,2.86830139,-6.04333496,31.8138123,0,0
10.26,-4.82763672,2.86830139,-6.0703125,31.8349915,0,0
10.265,-4.82763672,2.86830139,-6.09729004,31.8561707,0,0
10.27,-4.82763672,2.86830139,-6.12432861,31.8773499,0,0
10.275,-4.82763672,2.86830139,-6.15136719,31.8985138,0,0
10.28,-4.82763672,2.86830139,-6.17834473,31.919693,0,0
10.285,-4.82763672,2.86830139,-6.2053833,31.9408722,0,0
10.29,-4.82763672,2.86830139,-6.23242188,31.9620361,0,0
10.295,-4.82763672,2.86830139,-6.25939941,31.9832153,0,0
10.3,-4.82763672,2.86830139,-6.28637695,32.0043945,0,0
10.305,-4.82763672,2.86830139,-6.31347656,32.0255737,0,0
10.31,-4.82763672,2.86830139,-6.3404541,32.0467377,0,0
10.315,-4.82763672,2.86830139,-6.36743164,32.0679169,0,0
10.32,-4.82763672,2.86830139,-6.39447021,32.0890808,0,0
10.325,-4.82763672,2.86830139,-6.42150879,32.11026,0,0
10.33,-4.82763672,2.86830139,-6.44848633,32.1314392,0,0
10.335,-4.82763672,2.86830139,-6.4755249,32.1526184,0,0
10.34,-4.82763672,2.86830139,-6.50256348,32.1737823,0,0
10.345,-4.82763672,2.86830139,-6.52954102,32.1949615,0,0
10.35,-4.82763672,2.86830139,-6.55651855,32.2161255,0,0
10.355,-4.82763672,2.86830139,-6.58355713,32.2373047,0,0
10.36,-4.82763672,2.86830139,-6.6105957,32.2584839,0,0
10.365,-4.82763672,2.86830139,-6.63757324,32.2796631,0,0
10.37,-4.82763672,2.86830139,-6.66461182,32.300827,0,0
10.375,-4.82763672,2.86830139,-6.69165039,32.3220062,0,0
10.38,-4.82763672,2.86830139,-6.71862793,32.3431854,0,0
10.385,-4.82763672,2.86830139,-6.7456665,32.3643494,0,0
10.39,-4.82763672,2.86830139,-6.77270508,32.3855286,0,0
10.395,-4.82763672,2.86830139,-6.79968262,32.4067078,0,0
10.4,-4.82763672,2.86830139,-6.82666016,32.427887,0,0
10.405,-4.82763672,2.86830139,-6.85369873,32.4490509,0,0
10.41,-4.82763672,2.86830139,-6.8807373,32.4702301,0,0
10.415,-4.82763672,2.86830139,-6.90771484,32.491394,0,0
10.42,-4.82763672,2.86830139,-6.93475342,32.5125732,0,0
10.425,-4.82763672,2.86830139,-6.96179199,32.5337524,0,0
10.43,-4.82763672,2.86830139,-6.98876953,32.5549316,0,0
10.435,-4.82763672,2.86830139,-7.01574707,32.5760956,0,0
10.44,-4.82763672,2.86830139,-7.04284668,32.5972748,0,0
10.445,-4.82763672,2.86830139,-7.06982422,32.618454,0,0
10.45,-4.82763672,2.86830139,-7.09680176,32.6396179,0,0
10.455,-4.82763672,2.86830139,-7.12384033,32.6607971,0,0
10.46,-4.82763672,2.86830139,-7.15087891,32.6819763,0,0
10.465,-4.82763672,2.86830139,-7.17785645,32.7031555,0,0
10.47,-4.82763672,2.86830139,-7.20489502,32.7243195,0,0
10.475,-4.82763672,2.86830139,-7.23193359,32.7454987,0,0
10.48,-4.82763672,2.86830139,-7.25891113,32.7666626,0,0
10.485,-4.82763672,2.86830139,-7.28588867,32.7878418,0,0
10.49,-4.82763672,2.86830139,-7.31298828,32.809021,0,0
10.495,-4.82763672,2.86830139,-7.33996582,32.8302002,0,0
10.5,-4.82763672,2.86830139,-7.36694336,32.8513641,0,0
10.505,-4.82763672,2.86830139,-7.39398193,32.8725433,0,0
10.51,-4.82763672,2.86830139,-7.42102051,32.8937225,0,0
10.515,-4.82763672,2.86830139,-7.44799805,32.9148865,0,0
10.52,-4.82763672,2.86830139,-7.47503662,32.9360657,0,0
10.525,-4.82763672,2.86830139,-7.5020752,32.9572449,0,0
10.53,-4.82763672,2.86830139,-7.52905273,32.9784241,0,0
10.535,-4.82763672,2.86830139,-7.55603027,32.999588,0,0
10.54,-4.82763672,2.86830139,-7.58306885,33.0207672,0,0
10.545,-4.82763672,2.86830139,-7.61010742,33.0419312,0,0
10.55,-4.82763672,2.86830139,-7.63708496,33.0631104,0,0
10.555,-4.82763672,2.86830139,-7.66412354,33.0842896,0,0
10.56,-4.82763672,2.86830139,-7.69116211,33.1054688,0,0
10.565,-4.82763672,2.86830139,-7.71813965,33.1266327,0,0
10.57,-4.82763672,2.86830139,-7.74517822,33.1478119,0,0
10.575,-4.82763672,2.86830139,-7.7722168,33.1689911,0,0
10.58,-4.82763672,2.86830139,-7.79919434,33.190155,0,0
10.585,-4.82763672,2.86830139,-7.82617188,33.2113342,0,0
10.59,-4.82763672,2.86830139,-7.85321045,33.2325134,0,0
10.595,-4.82763672,2.86830139,-7.88024902,33.2536926,0,0
10.6,-4.82763672,2.86830139,-7.90722656,33.2748566,0,0
10.605,-4.82763672,2.86830139,-7.93426514,33.2960358,0,0
10.61,-4.82763672,2.86830139,-7.96130371,33.3171997,0,0
10.615,-4.82763672,2.86830139,-7.98828125,33.3383789,0,0
10.62,-4.82763672,2.86830139,-8.01531982,33.3595581,0,0
10.625,-4.82763672,2.86830139,-8.0423584,33.3807373,0,0
10.63,-4.82763672,2.86830139,-8.06933594,33.4019012,0,0
10.635,-4.82763672,2.86830139,-8.09631348,33.4230804,0,0
10.64,-4.82763672,2.86830139,-8.12335205,33.4442596,0,0
10.645,-4.82763672,2.86830139,-8.15039062,33.4654236,0,0
10.65,-4.82763672,2.86830139,-8.17736816,33.4866028,0,0
10.655,-4.82763672,2.86830139,-8.20440674,33.507782,0,0
10.66,-4.82763672,2.86830139,-8.23144531,33.5289612,0,0
10.665,-4.82763672,2.86830139,-8.25842285,33.5501251,0,0
10.67,-4.82763672,2.86830139,-8.28540039,33.5713043,0,0
10.675,-4.82763672,2.86830139,-8.3125,33.5924683,0,0
10.68,-4.82763672,2.86830139,-8.33947754,33.6136475,0,0
10.685,-4.82763672,2.86830139,-8.36645508,33.6348267,0,0
10.69,-4.82763672,2.86830139,-8.39349365,33.6560059,0,0
10.695,-4.82763672,2.86830139,-8.42053223,33.6771698,0,0
10.7,-4.82763672,2.86830139,-8.44750977,33.698349,0,0
10.705,-4.82763672,2.86830139,-8.47454834,33.7195282,0,0
10.71,-4.82763672,2.86830139,-8.50158691,33.7406921,0,0
10.715,-4.82763672,2.86830139,-8.52856445,33.7618713,0,0
10.72,-4.82763672,2.86830139,-8.55554199,33.7830505,0,0
10.725,-4.82763672,2.86830139,-8.5826416,33.8042297,0,0
10.73,-4.82763672,2.86830139,-8.60961914,33.8253937,0,0
10.735,-4.82763672,2.86830139,-8.63659668,33.8465729,0,0
10.74,-4.82763672,2.86830139,-8.66363525,33.8677368,0,0
10.745,-4.82763672,2.86830139,-8.69067383,33.888916,0,0
10.75,-4.82763672,2.86830139,-8.71765137,33.9100952,0,0
10.755,-4.82763672,2.86830139,-8.74468994,33.9312744,0,0
10.76,-4.82763672,2.86830139,-8.77172852,33.9524384,0,0
10.765,-4.82763672,2.86830139,-8.79870605,33.9736176,0,0
10.77,-4.82763672,2.86830139,-8.82568359,33.9947968,0,0
10.775,-4.82763672,2.86830139,-8.85272217,34.0159607,0,0
10.78,-4.82763672,2.86830139,-8.87976074,34.0371399,0,0
10.785,-4.82763672,2.86830139,-8.90673828,34.0583191,0,0
10.79,-4.82763672,2.86830139,-8.93377686,34.0794983,0,0
10.795,-4.82763672,2.86830139,-8.96081543,34.1006622,0,0
10.8,-4.82763672,2.86830139,-8.98779297,34.1218414,0,0
10.805,-4.82763672,2.86830139,-9.01483154,34.1430054,0,0
10.81,-4.82763672,2.86830139,-9.04187012,34.1641846,0,0
10.815,-4.82763672,2.86830139,-9.06884766,34.1853638,0,0
10.82,-4.82763672,2.86830139,-9.0958252,34.206543,0,0
10.825,-4.82763672,2.86830139,-9.12286377,34.2277069,0,0
10.83,-4.82763672,2.86830139,-9.14990234,34.2488861,0,0
10.835,-4.82763672,2.86830139,-9.17687988,34.2700653,0,0
10.84,-4.82763672,2.86830139,-9.20391846,34.2912292,0,0
10.845,-4.82763672,2.86830139,-9.23095703,34.3124084,0,0
10.85,-4.82763672,2.86830139,-9.25793457,34.3335876,0,0
10.855,-4.82763672,2.86830139,-9.28497314,34.3547668,0,0
10.86,-4.82763672,2.86830139,-9.31201172,34.3759308,0,0
10.865,-4.82763672,2.86830139,-9.33898926,34.39711,0,0
10.87,-4.82763672,2.86830139,-9.3659668,34.4182739,0,0
10.875,-4.82763672,2.86830139,-9.39300537,34.4394531,0,0
10.88,-4.82763672,2.86830139,-9.42004395,34.4606323,0,0
10.885,-4.82763672,2.86830139,-9.44702148,34.4818115,0,0
10.89,-4.82763672,2.86830139,-9.47406006,34.5029755,0,0
10.895,-4.82763672,2.86830139,-9.50109863,34.5241547,0,0
10.9,-4.82763672,2.86830139,-9.52807617,34.5453339,0,0
10.905,-4.82763672,2.86830139,-9.55505371,34.5664978,0,0
10.91,-4.82763672,2.86830139,-9.58215332,34.587677,0,0
10.915,-4.82763672,2.86830139,-9.60913086,34.6088562,0,0
10.92,-4.82763672,2.86830139,-9.6361084,34.6300354,0,0
10.925,-4.82763672,2.86830139,-9.66314697,34.6511993,0,0
10.93,-4.82763672,2.86830139,-9.69018555,34.6723785,0,0
10.935,-4.82763672,2.86830139,-9.71716309,34.6935425,0,0
10.94,-4.82763672,2.86830139,-9.74420166,34.7147217,0,0
10.945,-4.82763672,2.86830139,-9.77124023,34.7359009,0,0
10.95,-4.82763672,2.86830139,-9.79821777,34.7570801,0,0
10.955,-4.82763672,2.86830139,-9.82519531,34.778244,0,0
10.96,-4.82763672,2.86830139,-9.85229492,34.7994232,0,0
10.965,-4.82763672,2.86830139,-9.87927246,34.8206024,0,0
10.97,-4.82763672,2.86830139,-9.90625,34.8417664,0,0
10.975,-4.82763672,2.86830139,-9.93328857,34.8629456,0,0
10.98,-4.82763672,2.86830139,-9.96032715,34.8841248,0,0
10.985,-4.82763672,2.86830139,-9.98730469,34.905304,0,0
10.99,-4.82763672,2.86830139,-10.0143433,34.9264679,0,0
10.995,-4.82763672,2.86830139,-10.0413818,34.9476471,0,0
11,-4.82763672,2.86830139,-10.0683594,34.968811,0,0
11.005,-4.82763672,2.86830139,-10.0953369,34.9899902,0,0
11.01,-4.82763672,2.86830139,-10.1223755,35.0111694,0,0
11.015,-4.82763672,2.86830139,-10.1494141,35.0323486,0,0
11.02,-4.82763672,2.86830139,-10.1763916,35.0535126,0,0
11.025,-4.82763672,2.86830139,-10.2034302,35.0746918,0,0
11.03,-4.82763672,2.86830139,-10.2304688,35.095871,0,0
11.035,-4.82763672,2.86830139,-10.2574463,35.1170349,0,0
11.04,-4.82763672,2.86830139,-10.2844849,35.1382141,0,0
11.045,-4.82763672,2.86830139,-10.3115234,35.1593933,0,0
11.05,-4.82763672,2.86830139,-10.338501,35.1805725,0,0
11.055,-4.82763672,2.86830139,-10.3654785,35.2017365,0,0
11.06,-4.82763672,2.86830139,-10.3925171,35.2229156,0,0
11.065,-4.82763672,2.86830139,-10.4195557,35.2440796,0,0
11.07,-4.82763672,2.86830139,-10.4465332,35.2652588,0,0
11.075,-4.82763672,2.86830139,-10.4735718,35.286438,0,0
11.08,-4.82763672,2.86830139,-10.5006104,35.3076172,0,0
11.085,-4.82763672,2.86830139,-10.5275879,35.3287811,0,0
11.09,-4.82763672,2.86830139,-10.5546265,35.3499603,0,0
11.095,-4.82763672,2.86830139,-10.581665,35.3711395,0,0
11.1,-4.82763672,2.86830139,-10.6086426,35.3923035,0,0
11.105,-4.82763672,2.86830139,-10.6356201,35.4134827,0,0
11.11,-4.82763672,2.86830139,-10.6626587,35.4346619,0,0
11.115,-4.82763672,2.86830139,-10.6896973,35.4558411,0,0
11.12,-4.82763672,2.86830139,-10.7166748,35.477005,0,0
11.125,-4.82763672,2.86830139,-10.7437134,35.4981842,0,0
11.13,-4.82763672,2.86830139,-10.770752,35.5193481,0,0
11.135,-4.82763672,2.86830139,-10.7977295,35.5405273,0,0
11.14,-4.82763672,2.86830139,-10.824707,35.5617065,0,0
11.145,-4.82763672,2.86830139,-10.8518066,35.5828857,0,0
11.15,-4.82763672,2.86830139,-10.8787842,35.6040497,0,0
11.155,-4.82763672,2.86830139,-10.9057617,35.6252289,0,0
11.16,-4.82763672,2.86830139,-10.9328003,35.6463928,0,0
11.165,-4.82763672,2.86830139,-10.9598389,35.667572,0,0
11.17,-4.82763672,2.86830139,-10.9868164,35.6887512,0,0
11.175,-4.82763672,2.86830139,-11.013855,35.7099304,0,0
11.18,-4.82763672,2.86830139,-11.0408936,35.7311096,0,0
11.185,-4.82763672,2.86830139,-11.0678711,35.7522736,0,0
11.19,-4.82763672,2.86830139,-11.0948486,35.7734528,0,0
11.195,-4.82763672,2.86830139,-11.1219482,35.7946167,0,0
11.2,-4.82763672,2.86830139,-11.1489258,35.8157959,0,0
11.205,-4.82763672,2.86830139,-11.1759033,35.8369751,0,0
11.21,-4.82763672,2.86830139,-11.2029419,35.8581543,0,0
11.215,-4.82763672,2.86830139,-11.2299805,35.8793182,0,0
11.22,-4.82763672,2.86830139,-11.256958,35.9004974,0,0
11.225,-4.82763672,2.86830139,-11.2839966,35.9216614,0,0
11.23,-4.82763672,2.86830139,-11.3110352,35.9428406,0,0
11.235,-4.82763672,2.86830139,-11.3380127,35.9640198,0,0
11.24,-4.82763672,2.86830139,-11.3649902,35.985199,0,0
11.245,-4.82763672,2.86830139,-11.3920288,36.0063629,0,0
11.25,-4.82763672,2.86830139,-11.4190674,36.0275421,0,0
11.255,-4.82763672,2.86830139,-11.4460449,36.0487213,0,0
11.26,-4.82763672,2.86830139,-11.4730835,36.0698853,0,0
11.265,-4.82763672,2.86830139,-11.5001221,36.0910645,0,0
11.27,-4.82763672,2.86830139,-11.5270996,36.1122437,0,0
11.275,-4.82763672,2.86830139,-11.5541382,36.1334229,0,0
11.28,-4.82763672,2.86830139,-11.5811768,36.1545868,0,0
11.285,-4.82763672,2.86830139,-11.6081543,36.175766,0,0
11.29,-4.82763672,2.86830139,-11.6351318,36.1969299,0,0
11.295,-4.82763672,2.86830139,-11.6621704,36.2181091,0,0
11.3,-4.82763672,2.86830139,-11.689209,36.2392883,0,0
11.305,-4.82763672,2.86830139,-11.7161865,36.2604675,0,0
11.31,-4.82763672,2.86830139,-11.7432251,36.2816315,0,0
11.315,-4.82763672,2.86830139,-11.7702637,36.3028107,0,0
11.32,-4.82763672,2.86830139,-11.7972412,36.3239899,0,0
11.325,-4.82763672,2.86830139,-11.8242188,36.3451538,0,0
11.33,-4.82763672,2.86830139,-11.8513184,36.366333,0,0
11.335,-4.82763672,2.86830139,-11.8782959,36.3875122,0,0
11.34,-4.82763672,2.86830139,-11.9052734,36.4086914,0,0
11.345,-4.82763672,2.86830139,-11.932312,36.4298553,0,0
11.35,-4.82763672,2.86830139,-11.9593506,36.4510345,0,0
11.355,-4.82763672,2.86830139,-11.9863281,36.4721985,0,0
11.36,-4.82763672,2.86830139,-12.0133667,36.4933777,0,0
11.365,-4.82763672,2.86830139,-12.0404053,36.5145569,0,0
11.37,-4.82763672,2.86830139,-12.0673828,36.5357361,0,0
11.375,-4.82763672,2.86830139,-12.0943604,36.5569,0,0
11.38,-4.82763672,2.86830139,-12.12146,36.5780792,0,0
11.385,-4.82763672,2.86830139,-12.1484375,36.5992584,0,0
11.39,-4.82763672,2.86830139,-12.175415,36.6204224,0,0
11.395,-4.82763672,2.86830139,-12.2024536,36.6416016,0,0
11.4,-4.82763672,2.86830139,-12.2294922,36.6627808,0,0
11.405,-4.82763672,2.86830139,-12.2564697,36.68396,0,0
11.41,-4.82763672,2.86830139,-12.2835083,36.7051239,0,0
11.415,-4.82763672,2.86830139,-12.3105469,36.7263031,0,0
11.42,-4.82763672,2.86830139,-12.3375244,36.747467,0,0
11.425,-4.82763672,2.86830139,-12.364502,36.7686462,0,0
11.43,-4.82763672,2.86830139,-12.3916016,36.7898254,0,0
11.435,-4.82763672,2.86830139,-12.4185791,36.8110046,0,0
11.44,-4.82763672,2.86830139,-12.4455566,36.8321838,0,0
11.445,-4.82763672,2.86830139,-12.4725952,36.8533478,0,0
11.45,-4.82763672,2.86830139,-12.4996338,36.8745117,0,0
11.455,-4.82763672,2.86830139,-12.5266113,36.8956909,0,0
11.46,-4.82763672,2.86830139,-12.5536499,36.9168701,0,0
11.465,-4.82763672,2.86830139,-12.5806885,36.9380493,0,0
11.47,-4.82763672,2.86830139,-12.607666,36.9592285,0,0
11.475,-4.82763672,2.86830139,-12.6346436,36.9803925,0,0
11.48,-4.82763672,2.86830139,-12.6616821,37.0015717,0,0
11.485,-4.82763672,2.86830139,-12.6887207,37.0227356,0,0
11.49,-4.82763672,2.86830139,-12.7156982,37.0439148,0,0
11.495,-4.82763672,2.86830139,-12.7427368,37.065094,0,0
11.5,-4.82763672,2.86830139,-12.7697754,37.0862732,0,0
11.505,-4.82763672,2.86830139,-12.7967529,37.1074371,0,0
11.51,-4.82763672,2.86830139,-12.8237915,37.1286163,0,0
11.515,-4.82763672,2.86830139,-12.8508301,37.1497955,0,0
11.52,-4.82763672,2.86830139,-12.8778076,37.1709595,0,0
11.525,-4.82763672,2.86830139,-12.9047852,37.1921387,0,0
11.53,-4.82763672,2.86830139,-12.9318237,37.2133179,0,0
11.535,-4.82763672,2.86830139,-12.9588623,37.2344818,0,0
11.54,-4.82763672,2.86830139,-12.9858398,37.255661,0,0
11.545,-4.82763672,2.86830139,-13.0128784,37.2768402,0,0
11.55,-4.82763672,2.86830139,-13.039917,37.2980042,0,0
11.555,-4.82763672,2.86830139,-13.0668945,37.3191833,0,0
11.56,-4.82763672,2.86830139,-13.0938721,37.3403625,0,0
11.565,-4.82763672,2.86830139,-13.1209717,37.3615417,0,0
11.57,-4.82763672,2.86830139,-13.1479492,37.3827057,0,0
11.575,-4.82763672,2.86830139,-13.1749268,37.4038849,0,0
11.58,-4.82763672,2.86830139,-13.2019653,37.4250488,0,0
11.585,-4.82763672,2.86830139,-13.2290039,37.446228,0,0
11.59,-4.82763672,2.86830139,-13.2559814,37.4674072,0,0
11.595,-4.82763672,2.86830139,-13.28302,37.4885864,0,0
11.6,-4.82763672,2.86830139,-13.3100586,37.5097656,0,0
11.605,-4.82763672,2.86830139,-13.3370361,37.5309296,0,0
11.61,-4.82763672,2.86830139,-13.3640137,37.5521088,0,0
11.615,-4.82763672,2.86830139,-13.3911133,37.5732727,0,0
11.62,-4.82763672,2.86830139,-13.4180908,37.5944519,0,0
11.625,-4.82763672,2.86830139,-13.4450684,37.6156311,0,0
11.63,-4.82763672,2.86830139,-13.4721069,37.6368103,0,0
11.635,-4.82763672,2.86830139,-13.4991455,37.6579742,0,0
11.64,-4.82763672,2.86830139,-13.526123,37.6791534,0,0
11.645,-4.82763672,2.86830139,-13.5531616,37.7003326,0,0
11.65,-4.82763672,2.86830139,-13.5802002,37.7214966,0,0
11.655,-4.82763672,2.86830139,-13.6071777,37.7426758,0,0
11.66,-4.82763672,2.86830139,-13.6341553,37.763855,0,0
11.665,-4.82763672,2.86830139,-13.6611938,37.7850189,0,0
11.67,-4.82763672,2.86830139,-13.6882324,37.8061981,0,0
11.675,-4.82763672,2.86830139,-13.71521,37.8273773,0,0
11.68,-4.82763672,2.86830139,-13.7422485,37.8485413,0,0
11.685,-4.82763672,2.86830139,-13.7692871,37.8697205,0,0
11.69,-4.82763672,2.86830139,-13.7962646,37.8908997,0,0
11.695,-4.82763672,2.86830139,-13.8233032,37.9120789,0,0
11.7,-4.82763672,2.86830139,-13.8503418,37.9332428,0,0
11.705,-4.82763672,2.86830139,-13.8773193,37.954422,0,0
11.71,-4.82763672,2.86830139,-13.9042969,37.9755859,0,0
11.715,-4.82763672,2.86830139,-13.9313354,37.9967651,0,0
11.72,-4.82763672,2.86830139,-13.958374,38.0179443,0,0
11.725,-4.82763672,2.86830139,-13.9853516,38.0391235,0,0
11.73,-4.82763672,2.86830139,-14.0123901,38.0603027,0,0
11.735,-4.82763672,2.86830139,-14.0394287,38.0814667,0,0
11.74,-4.82763672,2.86830139,-14.0664062,38.1026459,0,0
11.745,-4.82763672,2.86830139,-14.0934448,38.1238098,0,0
11.75,-4.82763672,2.86830139,-14.1204834,38.144989,0,0
11.755,-4.82763672,2.86830139,-14.1474609,38.1661682,0,0
11.76,-4.82763672,2.86830139,-14.1744385,38.1873474,0,0
11.765,-4.82763672,2.86830139,-14.2014771,38.2085114,0,0
11.77,-4.82763672,2.86830139,-14.2285156,38.2296906,0,0
11.775,-4.82763672,2.86830139,-14.2554932,38.2508545,0,0
11.78,-4.82763672,2.86830139,-14.2825317,38.2720337,0,0
11.785,-4.82763672,2.86830139,-14.3095703,38.2932129,0,0
11.79,-4.82763672,2.86830139,-14.3365479,38.3143921,0,0
11.795,-4.82763672,2.86830139,-14.3635254,38.335556,0,0
11.8,-4.82763672,2.86830139,-14.390625,38.3567352,0,0
11.805,-4.82763672,2.86830139,-14.4176025,38.3779144,0,0
11.81,-4.82763672,2.86830139,-14.4445801,38.3990784,0,0
11.815,-4.82763672,2.86830139,-14.4716187,38.4202576,0,0
11.82,-4.82763672,2.86830139,-14.4986572,38.4414368,0,0
11.825,-4.82763672,2.86830139,-14.5256348,38.462616,0,0
11.83,-4.82763672,2.86830139,-14.5526733,38.4837799,0,0
11.835,-4.82763672,2.86830139,-14.5797119,38.5049591,0,0
11.84,-4.82763672,2.86830139,-14.6066895,38.526123,0,0
11.845,-4.82763672,2.86830139,-14.633667,38.5473022,0,0
11.85,-4.82763672,2.86830139,-14.6607666,38.5684814,0,0
11.855,-4.82763672,2.86830139,-14.6877441,38.5896606,0,0
11.86,-4.82763672,2.86830139,-14.7147217,38.6108246,0,0
11.865,-4.82763672,2.86830139,-14.7417603,38.6320038,0,0
11.87,-4.82763672,2.86830139,-14.7687988,38.653183,0,0
11.875,-4.82763672,2.86830139,-14.7957764,38.6743469,0,0
11.88,-4.82763672,2.86830139,-14.8228149,38.6955261,0,0
11.885,-4.82763672,2.86830139,-14.8498535,38.7167053,0,0
11.89,-4.82763672,2.86830139,-14.8768311,38.7378845,0,0
11.895,-4.82763672,2.86830139,-14.9038086,38.7590485,0,0
11.9,-4.82763672,2.86830139,-14.9308472,38.7802277,0,0
11.905,-4.82763672,2.86830139,-14.9578857,38.8013916,0,0
11.91,-4.82763672,2.86830139,-14.9848633,38.8225708,0,0
11.915,-4.82763672,2.86830139,-15.0119019,38.84375,0,0
11.92,-4.82763672,2.86830139,-15.0389404,38.8649292,0,0
11.925,-4.82763672,2.86830139,-15.065918,38.8860931,0,0
11.93,-4.82763672,2.86830139,-15.0929565,38.9072723,0,0
11.935,-4.82763672,2.86830139,-15.1199951,38.9284515,0,0
11.94,-4.82763672,2.86830139,-15.1469727,38.9496155,0,0
11.945,-4.82763672,2.86830139,-15.1739502,38.9707947,0,0
11.95,-4.82763672,2.86830139,-15.2009888,38.9919739,0,0
11.955,-4.82763672,2.86830139,-15.2280273,39.0131531,0,0
11.96,-4.82763672,2.86830139,-15.2550049,39.034317,0,0
11.965,-4.82763672,2.86830139,-15.2820435,39.0554962,0,0
11.97,-4.82763672,2.86830139,-15.309082,39.0766602,0,0
11.975,-4.82763672,2.86830139,-15.3360596,39.0978394,0,0
11.98,-4.82763672,2.86830139,-15.3630981,39.1190186,0,0
11.985,-4.82763672,2.86830139,-15.3901367,39.1401978,0,0
11.99,-4.82763672,2.86830139,-15.4171143,39.1613617,0,0
11.995,-4.82763672,2.86830139,-15.4440918,39.1825409,0,0
12,-4.82763672,2.86830139,-15.4711304,39.2037201,0,0
12.005,-4.82763672,2.86830139,-15.4981689,39.224884,0,0
12.01,-4.82763672,2.86830139,-15.5251465,39.2460632,0,0
12.015,-4.82763672,2.86830139,-15.5521851,39.2672424,0,0
12.02,-4.82763672,2.86830139,-15.5792236,39.2884216,0,0
12.025,-4.82763672,2.86830139,-15.6062012,39.3095856,0,0
12.03,-4.82763672,2.86830139,-15.6331787,39.3307648,0,0
12.035,-4.82763672,2.86830139,-15.6602783,39.3519287,0,0
12.04,-4.82763672,2.86830139,-15.6872559,39.3731079,0,0
12.045,-4.82763672,2.86830139,-15.7142334,39.3942871,0,0
12.05,-4.82763672,2.86830139,-15.741272,39.4154663,0,0
12.055,-4.82763672,2.86830139,-15.7683105,39.4366302,0,0
12.06,-4.82763672,2.86830139,-15.7952881,39.4578094,0,0
12.065,-4.82763672,2.86830139,-15.8223267,39.4789886,0,0
12.07,-4.82763672,2.86830139,-15.8493652,39.5001526,0,0
12.075,-4.82763672,2.86830139,-15.8763428,39.5213318,0,0
12.08,-4.82763672,2.86830139,-15.9033203,39.542511,0,0
12.085,-4.82763672,2.86830139,-15.9304199,39.5636902,0,0
12.09,-4.82763672,2.86830139,-15.9573975,39.5848541,0,0
12.095,-4.82763672,2.86830139,-15.984375,39.6060333,0,0
12.1,-4.82763672,2.86830139,-16.0114136,39.6271973,0,0
12.105,-4.82763672,2.86830139,-16.0384521,39.6483765,0,0
12.11,-4.82763672,2.86830139,-16.0654297,39.6695557,0,0
12.115,-4.82763672,2.86830139,-16.0924683,39.6907349,0,0
12.12,-4.82763672,2.86830139,-16.1195068,39.7118988,0,0
12.125,-4.82763672,2.86830139,-16.1464844,39.733078,0,0
12.13,-4.82763672,2.86830139,-16.1734619,39.7542419,0,0
12.135,-4.82763672,2.86830139,-16.2005005,39.7754211,0,0
12.14,-4.82763672,2.86830139,-16.2275391,39.7966003,0,0
12.145,-4.82763672,2.86830139,-16.2545166,39.8177795,0,0
12.15,-4.82763672,2.86830139,-16.2815552,39.8389435,0,0
12.155,-4.82763672,2.86830139,-16.3085938,39.8601227,0,0
12.16,-4.82763672,2.86830139,-16.3355713,39.8813019,0,0
12.165,-4.82763672,2.86830139,-16.3626099,39.9024658,0,0
12.17,-4.82763672,2.86830139,-16.3896484,39.923645,0,0
12.175,-4.82763672,2.86830139,-16.416626,39.9448242,0,0
12.18,-4.82763672,2.86830139,-16.4436035,39.9660034,0,0
12.185,-4.82763672,2.86830139,-16.4706421,39.9871674,0,0
12.19,-4.82763672,2.86830139,-16.4976807,40.0083466,0,0
12.195,-4.82763672,2.86830139,-16.5246582,40.0295105,0,0
12.2,-4.82763672,2.86830139,-16.5516968,40.0506897,0,0
12.205,-4.82763672,2.86830139,-16.5787354,40.0718689,0,0
12.21,-4.82763672,2.86830139,-16.6057129,40.0930481,0,0
12.215,-4.82763672,2.86830139,-16.6326904,40.1142273,0,0
12.22,-4.82763672,2.86830139,-16.65979,40.1353912,0,0
12.225,-4.82763672,2.86830139,-16.6867676,40.1565704,0,0
12.23,-4.82763672,2.86830139,-16.7137451,40.1777344,0,0
12.235,-4.82763672,2.86830139,-16.7407837,40.1989136,0,0
12.24,-4.82763672,2.86830139,-16.7678223,40.2200928,0,0
12.245,-4.82763672,2.86830139,-16.7947998,40.241272,0,0
12.25,-4.82763672,2.86830139,-16.8218384,40.2624359,0,0
12.255,-4.82763672,2.86830139,-16.848877,40.2836151,0,0
12.26,-4.82763672,2.86830139,-16.8758545,40.3047791,0,0
12.265,-4.82763672,2.86830139,-16.902832,40.3259583,0,0
12.27,-4.82763672,2.86830139,-16.9299316,40.3471375,0,0
12.275,-4.82763672,2.86830139,-16.9569092,40.3683167,0,0
12.28,-4.82763672,2.86830139,-16.9838867,40.3894806,0,0
12.285,-4.82763672,2.86830139,-17.0109253,40.4106598,0,0
12.29,-4.82763672,2.86830139,-17.0379639,40.431839,0,0
12.295,-4.82763672,2.86830139,-17.0649414,40.4530029,0,0
12.3,-4.82763672,2.86830139,-17.09198,40.4741821,0,0
12.305,-4.82763672,2.86830139,-17.1190186,40.4953613,0,0
12.31,-4.82763672,2.86830139,-17.1459961,40.5165405,0,0
12.315,-4.82763672,2.86830139,-17.1729736,40.5377045,0,0
12.32,-4.82763672,2.86830139,-17.2000732,40.5588837,0,0
12.325,-4.82763672,2.86830139,-17.2270508,40.5800476,0,0
12.33,-4.82763672,2.86830139,-17.2540283,40.6012268,0,0
12.335,-4.82763672,2.86830139,-17.2810669,40.622406,0,0
12.34,-4.82763672,2.86830139,-17.3081055,40.6435852,0,0
12.345,-4.82763672,2.86830139,-17.335083,40.6647644,0,0
12.35,-4.82763672,2.86830139,-17.3621216,40.6859283,0,0
12.355,-4.82763672,2.86830139,-17.3891602,40.7071075,0,0
12.36,-4.82763672,2.86830139,-17.4161377,40.7282715,0,0
12.365,-4.82763672,2.86830139,-17.4431152,40.7494507,0,0
12.37,-4.82763672,2.86830139,-17.4701538,40.7706299,0,0
12.375,-4.82763672,2.86830139,-17.4971924,40.7918091,0,0
12.38,-4.82763672,2.86830139,-17.5241699,40.812973,0,0
12.385,-4.82763672,2.86830139,-17.5512085,40.8341522,0,0
12.39,-4.82763672,2.86830139,-17.5782471,40.8553162,0,0
12.395,-4.82763672,2.86830139,-17.6052246,40.8764954,0,0
12.4,-4.82763672,2.86830139,-17.6322632,40.8976746,0,0
12.405,-4.82763672,2.86830139,-17.6593018,40.9188538,0,0
12.41,-4.82763672,2.86830139,-17.6862793,40.9400177,0,0
12.415,-4.82763672,2.86830139,-17.7132568,40.9611969,0,0
12.42,-4.82763672,2.86830139,-17.7402954,40.9823761,0,0
12.425,-4.82763672,2.86830139,-17.767334,41.00354,0,0
12.43,-4.82763672,2.86830139,-17.7943115,41.0247192,0,0
12.435,-4.82763672,2.86830139,-17.8213501,41.0458984,0,0
12.44,-4.82763672,2.86830139,-17.8483887,41.0670776,0,0
12.445,-4.82763672,2.86830139,-17.8753662,41.0882416,0,0
12.45,-4.82763672,2.86830139,-17.9024048,41.1094208,0,0
12.455,-4.82763672,2.86830139,-17.9294434,41.1305847,0,0
12.46,-4.82763672,2.86830139,-17.9564209,41.1517639,0,0
12.465,-4.82763672,2.86830139,-17.9833984,41.1729431,0,0
12.47,-4.82763672,2.86830139,-18.010437,41.1941223,0,0
12.475,-4.82763672,2.86830139,-18.0374756,41.2152863,0,0
12.48,-4.82763672,2.86830139,-18.0644531,41.2364655,0,0
12.485,-4.82763672,2.86830139,-18.0914917,41.2576294,0,0
12.49,-4.82763672,2.86830139,-18.1185303,41.2788086,0,0
12.495,-4.82763672,2.86830139,-18.1455078,41.2999878,0,0
12.5,-4.82763672,2.86830139,-18.1724854,41.321167,0,0
12.505,-4.82763672,2.86830139,-18.199585,41.3423462,0,0
12.51,-4.82763672,2.86830139,-18.2265625,41.3635101,0,0
12.515,-4.82763672,2.86830139,-18.25354,41.3846893,0,0
12.52,-4.82763672,2.86830139,-18.2805786,41.4058533,0,0
12.525,-4.82763672,2.86830139,-18.3076172,41.4270325,0,0
12.53,-4.82763672,2.86830139,-18.3345947,41.4482117,0,0
12.535,-4.82763672,2.86830139,-18.3616333,41.4693909,0,0
12.54,-4.82763672,2.86830139,-18.3886719,41.4905548,0,0
12.545,-4.82763672,2.86830139,-18.4156494,41.511734,0,0
12.55,-4.82763672,2.86830139,-18.442627,41.5329132,0,0
12.555,-4.82763672,2.86830139,-18.4697266,41.5540771,0,0
12.56,-4.82763672,2.86830139,-18.4967041,41.5752563,0,0
12.565,-4.82763672,2.86830139,-18.5236816,41.5964355,0,0
12.57,-4.82763672,2.86830139,-18.5507202,41.6175995,0,0
12.575,-4.82763672,2.86830139,-18.5777588,41.6387787,0,0
12.58,-4.82763672,2.86830139,-18.6047363,41.6599579,0,0
12.585,-4.82763672,2.86830139,-18.6317749,41.6811218,0,0
12.59,-4.82763672,2.86830139,-18.6588135,41.702301,0,0
12.595,-4.82763672,2.86830139,-18.685791,41.7234802,0,0
12.6,-4.82763672,2.86830139,-18.7127686,41.7446594,0,0
12.605,-4.82763672,2.86830139,-18.7398071,41.7658234,0,0
12.61,-4.82763672,2.86830139,-18.7668457,41.7870026,0,0
12.615,-4.82763672,2.86830139,-18.7938232,41.8081665,0,0
12.62,-4.82763672,2.86830139,-18.8208618,41.8293457,0,0
12.625,-4.82763672,2.86830139,-18.8479004,41.8505249,0,0
12.63,-4.82763672,2.86830139,-18.8748779,41.8717041,0,0
12.635,-4.82763672,2.86830139,-18.9019165,41.8928833,0,0
12.64,-4.82763672,2.86830139,-18.9289551,41.9140472,0,0
12.645,-4.82763672,2.86830139,-18.9559326,41.9352264,0,0
12.65,-4.82763672,2.86830139,-18.9829102,41.9563904,0,0
12.655,-4.82763672,2.86830139,-19.0099487,41.9775696,0,0
12.66,-4.82763672,2.86830139,-19.0369873,41.9987488,0,0
12.665,-4.82763672,2.86830139,-19.0639648,42.019928,0,0
12.67,-4.82763672,2.86830139,-19.0910034,42.0410919,0,0
12.675,-4.82763672,2.86830139,-19.118042,42.0622711,0,0
12.68,-4.82763672,2.86830139,-19.1450195,42.0834503,0,0
12.685,-4.82763672,2.86830139,-19.1719971,42.1046143,0,0
12.69,-4.82763672,2.86830139,-19.1990967,42.1257935,0,0
12.695,-4.82763672,2.86830139,-19.2260742,42.1469727,0,0
12.7,-4.82763672,2.86830139,-19.2530518,42.1681366,0,0
12.705,-4.82763672,2.86830139,-19.2800903,42.1893158,0,0
12.71,-4.82763672,2.86830139,-19.3071289,42.210495,0,0
12.715,-4.82763672,2.86830139,-19.3341064,42.2316589,0,0
12.72,-4.82763672,2.86830139,-19.361145,42.2528381,0,0
12.725,-4.82763672,2.86830139,-19.3881836,42.2740173,0,0
12.73,-4.82763672,2.86830139,-19.4151611,42.2951965,0,0
12.735,-4.82763672,2.86830139,-19.4421387,42.3163605,0,0
12.74,-4.82763672,2.86830139,-19.4692383,42.3375397,0,0
12.745,-4.82763672,2.86830139,-19.4962158,42.3587036,0,0
12.75,-4.82763672,2.86830139,-19.5231934,42.3798828,0,0
12.755,-4.82763672,2.86830139,-19.5502319,42.401062,0,0
12.76,-4.82763672,2.86830139,-19.5772705,42.4222412,0,0
12.765,-4.82763672,2.86830139,-19.604248,42.4434204,0,0
12.77,-4.82763672,2.86830139,-19.6312866,42.4645844,0,0
12.775,-4.82763672,2.86830139,-19.6583252,42.4857483,0,0
12.78,-4.82763672,2.86830139,-19.6853027,42.5069275,0,0
12.785,-4.82763672,2.86830139,-19.7122803,42.5281067,0,0
12.79,-4.82763672,2.86830139,-19.7393188,42.5492859,0,0
12.795,-4.82763672,2.86830139,-19.7663574,42.5704651,0,0
12.8,-4.82763672,2.86830139,-19.793335,42.591629,0,0
12.805,-4.82763672,2.86830139,-19.8203735,42.6128082,0,0
12.81,-4.82763672,2.86830139,-19.8474121,42.6339874,0,0
12.815,-4.82763672,2.86830139,-19.8743896,42.6551514,0,0
12.82,-4.82763672,2.86830139,-19.9014282,42.6763306,0,0
12.825,-4.82763672,2.86830139,-19.9284668,42.6975098,0,0
12.83,-4.82763672,2.86830139,-19.9554443,42.7186737,0,0
12.835,-4.82763672,2.86830139,-19.9824219,42.7398529,0,0
12.84,-4.82763672,2.86830139,-20.0094604,42.7610321,0,0
12.845,-4.82763672,2.86830139,-20.036499,42.782196,0,0
12.85,-4.82763672,2.86830139,-20.0634766,42.8033752,0,0
12.855,-4.82763672,2.86830139,-20.0905151,42.8245544,0,0
12.86,-4.82763672,2.86830139,-20.1175537,42.8457184,0,0
12.865,-4.82763672,2.86830139,-20.1445312,42.8668976,0,0
12.87,-4.82763672,2.86830139,-20.1715698,42.8880768,0,0
12.875,-4.82763672,2.86830139,-20.1986084,42.9092407,0,0
12.88,-4.82763672,2.86830139,-20.2255859,42.9304199,0,0
12.885,-4.82763672,2.86830139,-20.2525635,42.9515991,0,0
12.89,-4.82763672,2.86830139,-20.2796021,42.9727783,0,0
12.895,-4.82763672,2.86830139,-20.3066406,42.9939575,0,0
12.9,-4.82763672,2.86830139,-20.3336182,43.0151215,0,0
12.905,-4.82763672,2.86830139,-20.3606567,43.0362854,0,0
12.91,-4.82763672,2.86830139,-20.3876953,43.0574646,0,0
12.915,-4.82763672,2.86830139,-20.4146729,43.0786438,0,0
12.92,-4.82763672,2.86830139,-20.4416504,43.099823,0,0
12.925,-4.82763672,2.86830139,-20.46875,43.1210022,0,0
12.93,-4.82763672,2.86830139,-20.4957275,43.1421661,0,0
12.935,-4.82763672,2.86830139,-20.5227051,43.1633453,0,0
12.94,-4.82763672,2.86830139,-20.5497437,43.1845245,0,0
12.945,-4.82763672,2.86830139,-20.5767822,43.2056885,0,0
12.95,-4.82763672,2.86830139,-20.6037598,43.2268677,0,0
12.955,-4.82763672,2.86830139,-20.6307983,43.2480469,0,0
12.96,-4.82763672,2.86830139,-20.6578369,43.2692108,0,0
12.965,-4.82763672,2.86830139,-20.6848145,43.29039,0,0
12.97,-4.82763672,2.86830139,-20.711792,43.3115692,0,0
12.975,-4.82763672,2.86830139,-20.7388916,43.3327332,0,0
12.98,-4.82763672,2.86830139,-20.7658691,43.3539124,0,0
12.985,-4.82763672,2.86830139,-20.7928467,43.3750916,0,0
12.99,-4.82763672,2.86830139,-20.8198853,43.3962555,0,0
12.995,-4.82763672,2.86830139,-20.8469238,43.4174347,0,0
13,-4.82763672,2.86830139,-20.8739014,43.4386139,0,0
13.005,-4.82763672,2.86830139,-20.9009399,43.4597778,0,0
13.01,-4.82763672,2.86830139,-20.9279785,43.480957,0,0
13.015,-4.82763672,2.86830139,-20.9549561,43.5021362,0,0
13.02,-4.82763672,2.86830139,-20.9819336,43.5233154,0,0
13.025,-4.82763672,2.86830139,-21.0089722,43.5444794,0,0
13.03,-4.82763672,2.86830139,-21.0360107,43.5656586,0,0
13.035,-4.82763672,2.86830139,-21.0629883,43.5868225,0,0
13.04,-4.82763672,2.86830139,-21.0900269,43.6080017,0,0
13.045,-4.82763672,2.86830139,-21.1170654,43.6291809,0,0
13.05,-4.82763672,2.86830139,-21.144043,43.6503601,0,0
13.055,-4.82763672,2.86830139,-21.1710815,43.6715393,0,0
13.06,-4.82763672,2.86830139,-21.1981201,43.6927032,0,0
13.065,-4.82763672,2.86830139,-21.2250977,43.7138824,0,0
13.07,-4.82763672,2.86830139,-21.2520752,43.7350464,0,0
13.075,-4.82763672,2.86830139,-21.2791138,43.7562256,0,0
13.08,-4.82763672,2.86830139,-21.3061523,43.7774048,0,0
13.085,-4.82763672,2.86830139,-21.3331299,43.798584,0,0
13.09,-4.82763672,2.86830139,-21.3601685,43.8197479,0,0
13.095,-4.82763672,2.86830139,-21.387207,43.8409271,0,0
13.1,-4.82763672,2.86830139,-21.4141846,43.8621063,0,0
13.105,-4.82763672,2.86830139,-21.4412231,43.8832703,0,0
13.11,-4.82763672,2.86830139,-21.4682617,43.9044495,0,0
13.115,-4.82763672,2.86830139,-21.4952393,43.9256287,0,0
13.12,-4.82763672,2.86830139,-21.5222168,43.9467926,0,0
13.125,-4.82763672,2.86830139,-21.5492554,43.9679718,0,0
13.13,-4.82763672,2.86830139,-21.5762939,43.989151,0,0
13.135,-4.82763672,2.86830139,-21.6032715,44.0103149,0,0
13.14,-4.82763672,2.86830139,-21.6303101,44.0314941,0,0
13.145,-4.82763672,2.86830139,-21.6573486,44.0526733,0,0
13.15,-4.82763672,2.86830139,-21.6843262,44.0738525,0,0
13.155,-4.82763672,2.86830139,-21.7113037,44.0950165,0,0
13.16,-4.82763672,2.86830139,-21.7384033,44.1161957,0,0
13.165,-4.82763672,2.86830139,-21.7653809,44.1373596,0,0
13.17,-4.82763672,2.86830139,-21.7923584,44.1585388,0,0
13.175,-4.82763672,2.86830139,-21.819397,44.179718,0,0
13.18,-4.82763672,2.86830139,-21.8464355,44.2008972,0,0
13.185,-4.82763672,2.86830139,-21.8734131,44.2220764,0,0
13.19,-4.82763672,2.86830139,-21.9004517,44.2432404,0,0
13.195,-4.82763672,2.86830139,-21.9274902,44.2644196,0,0
13.2,-4.82763672,2.86830139,-21.9544678,44.2855835,0,0
13.205,-4.82763672,2.86830139,-21.9814453,44.3067627,0,0
13.21,-4.82763672,2.86830139,-22.0085449,44.3279419,0,0
13.215,-4.82763672,2.86830139,-22.0355225,44.3491211,0,0
13.22,-4.82763672,2.86830139,-22.0625,44.370285,0,0
13.225,-4.82763672,2.86830139,-22.0895386,44.3914642,0,0
13.23,-4.82763672,2.86830139,-22.1165771,44.4126434,0,0
13.235,-4.82763672,2.86830139,-22.1435547,44.4338074,0,0
13.24,-4.82763672,2.86830139,-22.1705933,44.4549866,0,0
13.245,-4.82763672,2.86830139,-22.1976318,44.4761658,0,0
13.25,-4.82763672,2.86830139,-22.2246094,44.4973297,0,0
13.255,-4.82763672,2.86830139,-22.2515869,44.5185089,0,0
13.26,-4.82763672,2.86830139,-22.2786255,44.5396881,0,0
13.265,-4.82763672,2.86830139,-22.3056641,44.5608521,0,0
13.27,-4.82763672,2.86830139,-22.3326416,44.5820312,0,0
13.275,-4.82763672,2.86830139,-22.3596802,44.6032104,0,0
13.28,-4.82763672,2.86830139,-22.3867188,44.6243896,0,0
13.285,-4.82763672,2.86830139,-22.4136963,44.6455536,0,0
13.29,-4.82763672,2.86830139,-22.4407349,44.6667328,0,0
13.295,-4.82763672,2.86830139,-22.4677734,44.6878967,0,0
13.3,-4.82763672,2.86830139,-22.494751,44.7090759,0,0
13.305,-4.82763672,2.86830139,-22.5217285,44.7302551,0,0
13.31,-4.82763672,2.86830139,-22.5487671,44.7514343,0,0
13.315,-4.82763672,2.86830139,-22.5758057,44.7726135,0,0
13.32,-4.82763672,2.86830139,-22.6027832,44.7937775,0,0
13.325,-4.82763672,2.86830139,-22.6298218,44.8149567,0,0
13.33,-4.82763672,2.86830139,-22.6568604,44.8361206,0,0
13.335,-4.82763672,2.86830139,-22.6838379,44.8572998,0,0
13.34,-4.82763672,2.86830139,-22.7108154,44.878479,0,0
13.345,-4.82763672,2.86830139,-22.737915,44.8996582,0,0
13.35,-4.82763672,2.86830139,-22.7648926,44.9208221,0,0
13.355,-4.82763672,2.86830139,-22.7918701,44.9420013,0,0
13.36,-4.82763672,2.86830139,-22.8189087,44.9631653,0,0
13.365,-4.82763672,2.86830139,-22.8459473,44.9843445,0,0
13.37,-4.82763672,2.86830139,-22.8729248,45.0055237,0,0
13.375,-4.82763672,2.86830139,-22.8999634,45.0267029,0,0
13.38,-4.82763672,2.86830139,-22.927002,45.0478668,0,0
13.385,-4.82763672,2.86830139,-22.9539795,45.069046,0,0
13.39,-4.82763672,2.86830139,-22.980957,45.0902252,0,0
13.395,-4.82763672,2.86830139,-23.0080566,45.1113892,0,0
13.4,-4.82763672,2.86830139,-23.0350342,45.1325684,0,0
13.405,-4.82763672,2.86830139,-23.0620117,45.1537476,0,0
13.41,-4.82763672,2.86830139,-23.0890503,45.1749268,0,0
13.415,-4.82763672,2.86830139,-23.1160889,45.1960907,0,0
13.42,-4.82763672,2.86830139,-23.1430664,45.2172699,0,0
13.425,-4.82763672,2.86830139,-23.170105,45.2384338,0,0
13.43,-4.82763672,2.86830139,-23.1971436,45.259613,0,0
13.435,-4.82763672,2.86830139,-23.2241211,45.2807922,0,0
13.44,-4.82763672,2.86830139,-23.2510986,45.3019714,0,0
13.445,-4.82763672,2.86830139,-23.2781982,45.3231354,0,0
13.45,-4.82763672,2.86830139,-23.3051758,45.3443146,0,0
13.455,-4.82763672,2.86830139,-23.3321533,45.3654938,0,0
13.46,-4.82763672,2.86830139,-23.3591919,45.3866577,0,0
13.465,-4.82763672,2.86830139,-23.3862305,45.4078369,0,0
13.47,-4.82763672,2.86830139,-23.413208,45.4290161,0,0
13.475,-4.82763672,2.86830139,-23.4402466,45.4501953,0,0
13.48,-4.82763672,2.86830139,-23.4672852,45.4713593,0,0
13.485,-4.82763672,2.86830139,-23.4942627,45.4925385,0,0
13.49,-4.82763672,2.86830139,-23.5212402,45.5137024,0,0
13.495,-4.82763672,2.86830139,-23.5482788,45.5348816,0,0
13.5,-4.82763672,2.86830139,-23.5753174,45.5560608,0,0
13.505,-4.82763672,2.86830139,-23.6022949,45.57724,0,0
13.51,-4.82763672,2.86830139,-23.6293335,45.5984039,0,0
13.515,-4.82763672,2.86830139,-23.6563721,45.6195831,0,0
13.52,-4.82763672,2.86830139,-23.6833496,45.6407623,0,0
13.525,-4.82763672,2.86830139,-23.7103882,45.6619263,0,0
13.53,-4.82763672,2.86830139,-23.7374268,45.6831055,0,0
13.535,-4.82763672,2.86830139,-23.7644043,45.7042847,0,0
13.54,-4.82763672,2.86830139,-23.7913818,45.7254639,0,0
13.545,-4.82763672,2.86830139,-23.8184204,45.7466278,0,0
13.55,-4.82763672,2.86830139,-23.845459,45.767807,0,0
13.555,-4.82763672,2.86830139,-23.8724365,45.7889709,0,0
13.56,-4.82763672,2.86830139,-23.8994751,45.8101501,0,0
13.565,-4.82763672,2.86830139,-23.9265137,45.8313293,0,0
13.57,-4.82763672,2.86830139,-23.9534912,45.8525085,0,0
13.575,-4.82763672,2.86830139,-23.9804688,45.8736725,0,0
13.58,-4.82763672,2.86830139,-24.0075684,45.8948517,0,0
13.585,-4.82763672,2.86830139,-24.0345459,45.9160309,0,0
13.59,-4.82763672,2.86830139,-24.0615234,45.9371948,0,0
13.595,-4.82763672,2.86830139,-24.088562,45.958374,0,0
13.6,-4.82763672,2.86830139,-24.1156006,45.9795532,0,0
13.605,-4.82763672,2.86830139,-24.1425781,46.0007324,0,0
13.61,-4.82763672,2.86830139,-24.1696167,46.0218964,0,0
13.615,-4.82763672,2.86830139,-24.1966553,46.0430756,0,0
13.62,-4.82763672,2.86830139,-24.2236328,46.0642395,0,0
13.625,-4.82763672,2.86830139,-24.2506104,46.0854187,0,0
13.63,-4.82763672,2.86830139,-24.27771,46.1065979,0,0
13.635,-4.82763672,2.86830139,-24.3046875,46.1277771,0,0
13.64,-4.82763672,2.86830139,-24.331665,46.148941,0,0
13.645,-4.82763672,2.86830139,-24.3587036,46.1701202,0,0
13.65,-4.82763672,2.86830139,-24.3857422,46.1912842,0,0
13.655,-4.82763672,2.86830139,-24.4127197,46.2124634,0,0
13.66,-4.82763672,2.86830139,-24.4397583,46.2336426,0,0
13.665,-4.82763672,2.86830139,-24.4667969,46.2548218,0,0
13.67,-4.82763672,2.86830139,-24.4937744,46.276001,0,0
13.675,-4.82763672,2.86830139,-24.520752,46.2971649,0,0
13.68,-4.82763672,2.86830139,-24.5478516,46.3183441,0,0
13.685,-4.82763672,2.86830139,-24.5748291,46.3395081,0,0
13.69,-4.82763672,2.86830139,-24.6018066,46.3606873,0,0
13.695,-4.82763672,2.86830139,-24.6288452,46.3818665,0,0
13.7,-4.82763672,2.86830139,-24.6558838,46.4030457,0,0
13.705,-4.82763672,2.86830139,-24.6828613,46.4242096,0,0
13.71,-4.82763672,2.86830139,-24.7098999,46.4453888,0,0
13.715,-4.82763672,2.86830139,-24.7369385,46.466568,0,0
13.72,-4.82763672,2.86830139,-24.763916,46.4877319,0,0
13.725,-4.82763672,2.86830139,-24.7908936,46.5089111,0,0
13.73,-4.82763672,2.86830139,-24.8179321,46.5300903,0,0
13.735,-4.82763672,2.86830139,-24.8449707,46.5512543,0,0
13.74,-4.82763672,2.86830139,-24.8719482,46.5724335,0,0
13.745,-4.82763672,2.86830139,-24.8989868,46.5936127,0,0
13.75,-4.82763672,2.86830139,-24.9260254,46.6147766,0,0
13.755,-4.82763672,2.86830139,-24.9530029,46.6359558,0,0
13.76,-4.82763672,2.86830139,-24.9800415,46.657135,0,0
13.765,-4.82763672,2.86830139,-25.0070801,46.6783142,0,0
13.77,-4.82763672,2.86830139,-25.0340576,46.6994781,0,0
13.775,-4.82763672,2.86830139,-25.0610352,46.7206573,0,0
13.78,-4.82763672,2.86830139,-25.0880737,46.7418213,0,0
13.785,-4.82763672,2.86830139,-25.1151123,46.7630005,0,0
13.79,-4.82763672,2.86830139,-25.1420898,46.7841797,0,0
13.795,-4.82763672,2.86830139,-25.1691284,46.8053589,0,0
13.8,-4.82763672,2.86830139,-25.196167,46.8265381,0,0
13.805,-4.82763672,2.86830139,-25.2231445,46.847702,0,0
13.81,-4.82763672,2.86830139,-25.2501221,46.8688812,0,0
13.815,-4.82763672,2.86830139,-25.2772217,46.8900452,0,0
13.82,-4.82763672,2.86830139,-25.3041992,46.9112244,0,0
13.825,-4.82763672,2.86830139,-25.3311768,46.9324036,0,0
13.83,-4.82763672,2.86830139,-25.3582153,46.9535828,0,0
13.835,-4.82763672,2.86830139,-25.3852539,46.9747467,0,0
13.84,-4.82763672,2.86830139,-25.4122314,46.9959259,0,0
13.845,-4.82763672,2.86830139,-25.43927,47.0171051,0,0
13.85,-4.82763672,2.86830139,-25.4663086,47.038269,0,0
13.855,-4.82763672,2.86830139,-25.4932861,47.0594482,0,0
13.86,-4.82763672,2.86830139,-25.5202637,47.0806274,0,0
13.865,-4.82763672,2.86830139,-25.5473633,47.1017914,0,0
13.87,-4.82763672,2.86830139,-25.5743408,47.1229706,0,0
13.875,-4.82763672,2.86830139,-25.6013184,47.1441498,0,0
13.88,-4.82763672,2.86830139,-25.6283569,47.1653137,0,0
13.885,-4.82763672,2.86830139,-25.6553955,47.1864929,0,0
13.89,-4.82763672,2.86830139,-25.682373,47.2076721,0,0
13.895,-4.82763672,2.86830139,-25.7094116,47.2288513,0,0
13.9,-4.82763672,2.86830139,-25.7364502,47.2500153,0,0
13.905,-4.82763672,2.86830139,-25.7634277,47.2711945,0,0
13.91,-4.82763672,2.86830139,-25.7904053,47.2923584,0,0
13.915,-4.82763672,2.86830139,-25.8174438,47.3135376,0,0
13.92,-4.82763672,2.86830139,-25.8444824,47.3347168,0,0
13.925,-4.82763672,2.86830139,-25.87146,47.355896,0,0
13.93,-4.82763672,2.86830139,-25.8984985,47.3770752,0,0
13.935,-4.82763672,2.86830139,-25.9255371,47.3982391,0,0
13.94,-4.82763672,2.86830139,-25.9525146,47.4194183,0,0
13.945,-4.82763672,2.86830139,-25.9795532,47.4405823,0,0
13.95,-4.82763672,2.86830139,-26.0065918,47.4617615,0,0
13.955,-4.82763672,2.86830139,-26.0335693,47.4829407,0,0
13.96,-4.82763672,2.86830139,-26.0605469,47.5041199,0,0
13.965,-4.82763672,2.86830139,-26.0875854,47.5252838,0,0
13.97,-4.82763672,2.86830139,-26.114624,47.546463,0,0
13.975,-4.82763672,2.86830139,-26.1416016,47.5676422,0,0
13.98,-4.82763672,2.86830139,-26.1686401,47.5888062,0,0
13.985,-4.82763672,2.86830139,-26.1956787,47.6099854,0,0
13.99,-4.82763672,2.86830139,-26.2226562,47.6311646,0,0
13.995,-4.82763672,2.86830139,-26.2496948,47.6523285,0,0
14,-4.82763672,2.86830139,-26.2767334,47.6735077,0,0
14.005,-4.82763672,2.86830139,-26.3037109,47.6946869,0,0
14.01,-4.82763672,2.86830139,-26.3306885,47.7158508,0,0
14.015,-4.82763672,2.86830139,-26.3577271,47.73703,0,0
14.02,-4.82763672,2.86830139,-26.3847656,47.7582092,0,0
14.025,-4.82763672,2.86830139,-26.4117432,47.7793732,0,0
14.03,-4.82763672,2.86830139,-26.4387817,47.8005524,0,0
14.035,-4.82763672,2.86830139,-26.4658203,47.8217316,0,0
14.04,-4.82763672,2.86830139,-26.4927979,47.8428955,0,0
14.045,-4.82763672,2.86830139,-26.5197754,47.8640747,0,0
14.05,-4.82763672,2.86830139,-26.546875,47.8852539,0,0
14.055,-4.82763672,2.86830139,-26.5738525,47.9064331,0,0
14.06,-4.82763672,2.86830139,-26.6008301,47.9276123,0,0
14.065,-4.82763672,2.86830139,-26.6278687,47.9487762,0,0
14.07,-4.82763672,2.86830139,-26.6549072,47.9699402,0,0
14.075,-4.82763672,2.86830139,-26.6818848,47.9911194,0,0
14.08,-4.82763672,2.86830139,-26.7089233,48.0122986,0,0
14.085,-4.82763672,2.86830139,-26.7359619,48.0334778,0,0
14.09,-4.82763672,2.86830139,-26.7629395,48.054657,0,0
14.095,-4.82763672,2.86830139,-26.789917,48.0758209,0,0
14.1,-4.82763672,2.86830139,-26.8170166,48.0970001,0,0
14.105,-4.82763672,2.86830139,-26.8439941,48.1181793,0,0
14.11,-4.82763672,2.86830139,-26.8709717,48.1393433,0,0
14.115,-4.82763672,2.86830139,-26.8980103,48.1605225,0,0
14.12,-4.82763672,2.86830139,-26.9250488,48.1817017,0,0
14.125,-4.82763672,2.86830139,-26.9520264,48.2028656,0,0
14.13,-4.82763672,2.86830139,-26.9790649,48.2240448,0,0
14.135,-4.82763672,2.86830139,-27.0061035,48.245224,0,0
14.14,-4.82763672,2.86830139,-27.0330811,48.2663879,0,0
14.145,-4.82763672,2.86830139,-27.0600586,48.2875671,0,0
14.15,-4.82763672,2.86830139,-27.0870972,48.3087463,0,0
14.155,-4.82763672,2.86830139,-27.1141357,48.3299103,0,0
14.16,-4.82763672,2.86830139,-27.1411133,48.3510895,0,0
14.165,-4.82763672,2.86830139,-27.1681519,48.3722687,0,0
14.17,-4.82763672,2.86830139,-27.1951904,48.3934326,0,0
14.175,-4.82763672,2.86830139,-27.222168,48.4146118,0,0
14.18,-4.82763672,2.86830139,-27.2492065,48.435791,0,0
14.185,-4.82763672,2.86830139,-27.2762451,48.4569702,0,0
14.19,-4.82763672,2.86830139,-27.3032227,48.4781494,0,0
14.195,-4.82763672,2.86830139,-27.3302002,48.4993134,0,0
14.2,-4.82763672,2.86830139,-27.3572388,48.5204773,0,0
14.205,-4.82763672,2.86830139,-27.3842773,48.5416565,0,0
14.21,-4.82763672,2.86830139,-27.4112549,48.5628357,0,0
14.215,-4.82763672,2.86830139,-27.4382935,48.5840149,0,0
14.22,-4.82763672,2.86830139,-27.465332,48.6051941,0,0
14.225,-4.82763672,2.86830139,-27.4923096,48.626358,0,0
14.23,-4.82763672,2.86830139,-27.5192871,48.6475372,0,0
14.235,-4.82763672,2.86830139,-27.5463867,48.6687012,0,0
14.24,-4.82763672,2.86830139,-27.5733643,48.6898804,0,0
14.245,-4.82763672,2.86830139,-27.6003418,48.7110596,0,0
14.25,-4.82763672,2.86830139,-27.6273804,48.7322388,0,0
14.255,-4.82763672,2.86830139,-27.6544189,48.7534027,0,0
14.26,-4.82763672,2.86830139,-27.6813965,48.7745819,0,0
14.265,-4.82763672,2.86830139,-27.7084351,48.7957611,0,0
14.27,-4.82763672,2.86830139,-27.7354736,48.816925,0,0
14.275,-4.82763672,2.86830139,-27.7624512,48.8381042,0,0
14.28,-4.82763672,2.86830139,-27.7894287,48.8592834,0,0
14.285,-4.82763672,2.86830139,-27.8165283,48.8804474,0,0
