time_s,Mux_Trajectory_X_1_ch1,Mux_Trajectory_X_1_ch2,Mux_Trajectory_X_1_ch3,Mux_Trajectory_X_1_ch4,Mux_Trajectory_X_1_ch5,Mux_Trajectory_X_1_ch6
0,0,0,0,0,0,0
0.005,0,0,0,0,0,0
0.01,0,0,0,0,0,0
0.015,0,0,0,0,0,0
0.02,0,0,0,0,0,0
0.025,0,0,0,0,0,0
0.03,0,0,0,0,0,0
0.035,0,0,0,0,0,0
0.04,0,0,0,0,0,0
0.045,0,0,0,0,0,0
0.05,0,0,0,0,0,0
0.055,0,0,0,0,0,0
0.06,0,0,0,0,0,0
0.065,0,0,0,0,0,0
0.07,0,0,0,0,0,0
0.075,0,0,0,0,0,0
0.08,0,0,0,0,0,0
0.085,0,0,0,0,0,0
0.09,0,0,0,0,0,0
0.095,0,0,0,0,0,0
0.1,0,0,0,0,0,0
0.105,0,0,0,0,0,0
0.11,0,0,0,0,0,0
0.115,0,0,0,0,0,0
0.12,0,0,0,0,0,0
0.125,0,0,0,0,0,0
0.13,0,0,0,0,0,0
0.135,0,0,0,0,0,0
0.14,0,0,0,0,0,0
0.145,0,0,0,0,0,0
0.15,0,0,0,0,0,0
0.155,0,0,0,0,0,0
0.16,0,0,0,0,0,0
0.165,0,0,0,0,0,0
0.17,0,0,0,0,0,0
0.175,0,0,0,0,0,0
0.18,0,0,0,0,0,0
0.185,0,0,0,0,0,0
0.19,0,0,0,0,0,0
0.195,0,0,0,0,0,0
0.2,0,0,0,0,0,0
0.205,0,0,0,0,0,0
0.21,0,0,0,0,0,0
0.215,0,0,0,0,0,0
0.22,0,0,0,0,0,0
0.225,0,0,0,0,0,0
0.23,0,0,0,0,0,0
0.235,0,0,0,0,0,0
0.24,0,0,0,0,0,0
0.245,0,0,0,0,0,0
0.25,0,0,0,0,0,0
0.255,0,0,0,0,0,0
0.26,0,0,0,0,0,0
0.265,0,0,0,0,0,0
0.27,0,0,0,0,0,0
0.275,0,0,0,0,0,0
0.28,0,0,0,0,0,0
0.285,0,0,0,0,0,0
0.29,0,0,0,0,0,0
0.295,0,0,0,0,0,0
0.3,0,0,0,0,0,0
0.305,0,0,0,0,0,0
0.31,0,0,0,0,0,0
0.315,0,0,0,0,0,0
0.32,0,0,0,0,0,0
0.325,0,0,0,0,0,0
0.33,0,0,0,0,0,0
0.335,0,0,0,0,0,0
0.34,0,0,0,0,0,0
0.345,0,0,0,0,0,0
0.35,0,0,0,0,0,0
0.355,0,0,0,0,0,0
0.36,0,0,0,0,0,0
0.365,0,0,0,0,0,0
0.37,0,0,0,0,0,0
0.375,0,0,0,0,0,0
0.38,0,0,0,0,0,0
0.385,0,0,0,0,0,0
0.39,0,0,0,0,0,0
0.395,0,0,0,0,0,0
0.4,0,0,0,0,0,0
0.405,0,0,0,0,0,0
0.41,0,0,0,0,0,0
0.415,0,0,0,0,0,0
0.42,0,0,0,0,0,0
0.425,0,0,0,0,0,0
0.43,0,0,0,0,0,0
0.435,0,0,0,0,0,0
0.44,0,0,0,0,0,0
0.445,0,0,0,0,0,0
0.45,0,0,0,0,0,0
0.455,0,0,0,0,0,0
0.46,0,0,0,0,0,0
0.465,0,0,0,0,0,0
0.47,0,0,0,0,0,0
0.475,0,0,0,0,0,0
0.48,0,0,0,0,0,0
0.485,0,0,0,0,0,0
0.49,0,0,0,0,0,0
0.495,0,0,0,0,0,0
0.5,0,0,0,0,0,0
0.505,0,0,0,0,0,0
0.51,0,0,0,0,0,0
0.515,0,0,0,0,0,0
0.52,0,0,0,0,0,0
0.525,0,0,0,0,0,0
0.53,0,0,0,0,0,0
0.535,0,0,0,0,0,0
0.54,0,0,0,0,0,0
0.545,0,0,0,0,0,0
0.55,0,0,0,0,0,0
0.555,0,0,0,0,0,0
0.56,0,0,0,0,0,0
0.565,0,0,0,0,0,0
0.57,0,0,0,0,0,0
0.575,0,0,0,0,0,0
0.58,0,0,0,0,0,0
0.585,0,0,0,0,0,0
0.59,0,0,0,0,0,0
0.595,0,0,0,0,0,0
0.6,0,0,0,0,0,0
0.605,0,0,0,0,0,0
0.61,0,0,0,0,0,0
0.615,0,0,0,0,0,0
0.62,0,0,0,0,0,0
0.625,0,0,0,0,0,0
0.63,0,0,0,0,0,0
0.635,0,0,0,0,0,0
0.64,0,0,0,0,0,0
0.645,0,0,0,0,0,0
0.65,0,0,0,0,0,0
0.655,0,0,0,0,0,0
0.66,0,0,0,0,0,0
0.665,0,0,0,0,0,0
0.67,0,0,0,0,0,0
0.675,0,0,0,0,0,0
0.68,0,0,0,0,0,0
0.685,0,0,0,0,0,0
0.69,0,0,0,0,0,0
0.695,0,0,0,0,0,0
0.7,0,0,0,0,0,0
0.705,0,0,0,0,0,0
0.71,0,0,0,0,0,0
0.715,0,0,0,0,0,0
0.72,0,0,0,0,0,0
0.725,0,0,0,0,0,0
0.73,0,0,0,0,0,0
0.735,0,0,0,0,0,0
0.74,0,0,0,0,0,0
0.745,0,0,0,0,0,0
0.75,0,0,0,0,0,0
0.755,0,0,0,0,0,0
0.76,0,0,0,0,0,0
0.765,0,0,0,0,0,0
0.77,0,0,0,0,0,0
0.775,0,0,0,0,0,0
0.78,0,0,0,0,0,0
0.785,0,0,0,0,0,0
0.79,0,0,0,0,0,0
0.795,0,0,0,0,0,0
0.8,0,0,0,0,0,0
0.805,0,0,0,0,0,0
0.81,0,0,0,0,0,0
0.815,0,0,0,0,0,0
0.82,0,0,0,0,0,0
0.825,0,0,0,0,0,0
0.83,0,0,0,0,0,0
0.835,0,0,0,0,0,0
0.84,0,0,0,0,0,0
0.845,0,0,0,0,0,0
0.85,0,0,0,0,0,0
0.855,0,0,0,0,0,0
0.86,0,0,0,0,0,0
0.865,0,0,0,0,0,0
0.87,0,0,0,0,0,0
0.875,0,0,0,0,0,0
0.88,0,0,0,0,0,0
0.885,0,0,0,0,0,0
0.89,0,0,0,0,0,0
0.895,0,0,0,0,0,0
0.9,0,0,0,0,0,0
0.905,0,0,0,0,0,0
0.91,0,0,0,0,0,0
0.915,0,0,0,0,0,0
0.92,0,0,0,0,0,0
0.925,0,0,0,0,0,0
0.93,0,0,0,0,0,0
0.935,0,0,0,0,0,0
0.94,0,0,0,0,0,0
0.945,0,0,0,0,0,0
0.95,0,0,0,0,0,0
0.955,0,0,0,0,0,0
0.96,0,0,0,0,0,0
0.965,0,0,0,0,0,0
0.97,0,0,0,0,0,0
0.975,0,0,0,0,0,0
0.98,0,0,0,0,0,0
0.985,0,0,0,0,0,0
0.99,0,0,0,0,0,0
0.995,0,0,0,0,0,0
1,0,0,0,0,0,0
1.005,0,0,0,0,0,0
1.01,0,0,0,0,0,0
1.015,0,0,0,0,0,0
1.02,0,0,0,0,0,0
1.025,0,0,0,0,0,0
1.03,0,0,0,0,0,0
1.035,0,0,0,0,0,0
1.04,0,0,0,0,0,0
1.045,0,0,0,0,0,0
1.05,0,0,0,0,0,0
1.055,0,0,0,0,0,0
1.06,0,0,0,0,0,0
1.065,0,0,0,0,0,0
1.07,0,0,0,0,0,0
1.075,0,0,0,0,0,0
1.08,0,0,0,0,0,0
1.085,0,0,0,0,0,0
1.09,0,0,0,0,0,0
1.095,0,0,0,0,0,0
1.1,0,0,0,0,0,0
1.105,0,0,0,0,0,0
1.11,0,0,0,0,0,0
1.115,0,0,0,0,0,0
1.12,0,0,0,0,0,0
1.125,0,0,0,0,0,0
1.13,0,0,0,0,0,0
1.135,0,0,0,0,0,0
1.14,0,0,0,0,0,0
1.145,0,0,0,0,0,0
1.15,0,0,0,0,0,0
1.155,0,0,0,0,0,0
1.16,0,0,0,0,0,0
1.165,0,0,0,0,0,0
1.17,0,0,0,0,0,0
1.175,0,0,0,0,0,0
1.18,0,0,0,0,0,0
1.185,0,0,0,0,0,0
1.19,0,0,0,0,0,0
1.195,0,0,0,0,0,0
1.2,0,0,0,0,0,0
1.205,0,0,0,0,0,0
1.21,0,0,0,0,0,0
1.215,0,0,0,0,0,0
1.22,0,0,0,0,0,0
1.225,0,0,0,0,0,0
1.23,0,0,0,0,0,0
1.235,0,0,0,0,0,0
1.24,0,0,0,0,0,0
1.245,0,0,0,0,0,0
1.25,0,0,0,0,0,0
1.255,0,0,0,0,0,0
1.26,0,0,0,0,0,0
1.265,0,0,0,0,0,0
1.27,0,0,0,0,0,0
1.275,0,0,0,0,0,0
1.28,0,0,0,0,0,0
1.285,0,0,0,0,0,0
1.29,0,0,0,0,0,0
1.295,0,0,0,0,0,0
1.3,0,0,0,0,0,0
1.305,0,0,0,0,0,0
1.31,0,0,0,0,0,0
1.315,0,0,0,0,0,0
1.32,0,0,0,0,0,0
1.325,0,0,0,0,0,0
1.33,0,0,0,0,0,0
1.335,0,0,0,0,0,0
1.34,0,0,0,0,0,0
1.345,0,0,0,0,0,0
1.35,0,0,0,0,0,0
1.355,0,0,0,0,0,0
1.36,0,0,0,0,0,0
1.365,0,0,0,0,0,0
1.37,0,0,0,0,0,0
1.375,0,0,0,0,0,0
1.38,0,0,0,0,0,0
1.385,0,0,0,0,0,0
1.39,0,0,0,0,0,0
1.395,0,0,0,0,0,0
1.4,0,0,0,0,0,0
1.405,0,0,0,0,0,0
1.41,0,0,0,0,0,0
1.415,0,0,0,0,0,0
1.42,0,0,0,0,0,0
1.425,0,0,0,0,0,0
1.43,0,0,0,0,0,0
1.435,0,0,0,0,0,0
1.44,0,0,0,0,0,0
1.445,0,0,0,0,0,0
1.45,0,0,0,0,0,0
1.455,0,0,0,0,0,0
1.46,0,0,0,0,0,0
1.465,0,0,0,0,0,0
1.47,0,0,0,0,0,0
1.475,0,0,0,0,0,0
1.48,0,0,0,0,0,0
1.485,0,0,0,0,0,0
1.49,0,0,0,0,0,0
1.495,0,0,0,0,0,0
1.5,0,0,0,0,0,0
1.505,0,0,0,0,0,0
1.51,0,0,0,0,0,0
1.515,0,0,0,0,0,0
1.52,0,0,0,0,0,0
1.525,0,0,0,0,0,0
1.53,0,0,0,0,0,0
1.535,0,0,0,0,0,0
1.54,0,0,0,0,0,0
1.545,0,0,0,0,0,0
1.55,0,0,0,0,0,0
1.555,0,0,0,0,0,0
1.56,0,0,0,0,0,0
1.565,0,0,0,0,0,0
1.57,0,0,0,0,0,0
1.575,0,0,0,0,0,0
1.58,0,0,0,0,0,0
1.585,0,0,0,0,0,0
1.59,0,0,0,0,0,0
1.595,0,0,0,0,0,0
1.6,0,0,0,0,0,0
1.605,0,0,0,0,0,0
1.61,0,0,0,0,0,0
1.615,0,0,0,0,0,0
1.62,0,0,0,0,0,0
1.625,0,0,0,0,0,0
1.63,0,0,0,0,0,0
1.635,0,0,0,0,0,0
1.64,0,0,0,0,0,0
1.645,0,0,0,0,0,0
1.65,0,0,0,0,0,0
1.655,0,0,0,0,0,0
1.66,0,0,0,0,0,0
1.665,0,0,0,0,0,0
1.67,0,0,0,0,0,0
1.675,0,0,0,0,0,0
1.68,0,0,0,0,0,0
1.685,0,0,0,0,0,0
1.69,0,0,0,0,0,0
1.695,0,0,0,0,0,0
1.7,0,0,0,0,0,0
1.705,0,0,0,0,0,0
1.71,0,0,0,0,0,0
1.715,0,0,0,0,0,0
1.72,0,0,0,0,0,0
1.725,0,0,0,0,0,0
1.73,0,0,0,0,0,0
1.735,0,0,0,0,0,0
1.74,0,0,0,0,0,0
1.745,0,0,0,0,0,0
1.75,0,0,0,0,0,0
1.755,0,0,0,0,0,0
1.76,0,0,0,0,0,0
1.765,0,0,0,0,0,0
1.77,0,0,0,0,0,0
1.775,0,0,0,0,0,0
1.78,0,0,0,0,0,0
1.785,0,0,0,0,0,0
1.79,0,0,0,0,0,0
1.795,0,0,0,0,0,0
1.8,0,0,0,0,0,0
1.805,0,0,0,0,0,0
1.81,0,0,0,0,0,0
1.815,0,0,0,0,0,0
1.82,0,0,0,0,0,0
1.825,0,0,0,0,0,0
1.83,0,0,0,0,0,0
1.835,0,0,0,0,0,0
1.84,0,0,0,0,0,0
1.845,0,0,0,0,0,0
1.85,0,0,0,0,0,0
1.855,0,0,0,0,0,0
1.86,0,0,0,0,0,0
1.865,0,0,0,0,0,0
1.87,0,0,0,0,0,0
1.875,0,0,0,0,0,0
1.88,0,0,0,0,0,0
1.885,0,0,0,0,0,0
1.89,0,0,0,0,0,0
1.895,0,0,0,0,0,0
1.9,0,0,0,0,0,0
1.905,0,0,0,0,0,0
1.91,0,0,0,0,0,0
1.915,0,0,0,0,0,0
1.92,0,0,0,0,0,0
1.925,0,0,0,0,0,0
1.93,0,0,0,0,0,0
1.935,0,0,0,0,0,0
1.94,0,0,0,0,0,0
1.945,0,0,0,0,0,0
1.95,0,0,0,0,0,0
1.955,0,0,0,0,0,0
1.96,0,0,0,0,0,0
1.965,0,0,0,0,0,0
1.97,0,0,0,0,0,0
1.975,0,0,0,0,0,0
1.98,0,0,0,0,0,0
1.985,0,0,0,0,0,0
1.99,0,0,0,0,0,0
1.995,0,0,0,0,0,0
2,0,0,0,0,0,0
2.005,0,0,0,0,0,0
2.01,0,0,0,0,0,0
2.015,0,0,0,0,0,0
2.02,0,0,0,0,0,0
2.025,0,0,0,0,0,0
2.03,0,0,0,0,0,0
2.035,0,0,0,0,0,0
2.04,0,0,0,0,0,0
2.045,0,0,0,0,0,0
2.05,0,0,0,0,0,0
2.055,0,0,0,0,0,0
2.06,0,0,0,0,0,0
2.065,0,0,0,0,0,0
2.07,0,0,0,0,0,0
2.075,0,0,0,0,0,0
2.08,0,0,0,0,0,0
2.085,0,0,0,0,0,0
2.09,0,0,0,0,0,0
2.095,0,0,0,0,0,0
2.1,0,0,0,0,0,0
2.105,0,0,0,0,0,0
2.11,0,0,0,0,0,0
2.115,0,0,0,0,0,0
2.12,0,0,0,0,0,0
2.125,0,0,0,0,0,0
2.13,0,0,0,0,0,0
2.135,0,0,0,0,0,0
2.14,0,0,0,0,0,0
2.145,0,0,0,0,0,0
2.15,0,0,0,0,0,0
2.155,0,0,0,0,0,0
2.16,0,0,0,0,0,0
2.165,0,0,0,0,0,0
2.17,0,0,0,0,0,0
2.175,0,0,0,0,0,0
2.18,0,0,0,0,0,0
2.185,0,0,0,0,0,0
2.19,0,0,0,0,0,0
2.195,0,0,0,0,0,0
2.2,0,0,0,0,0,0
2.205,0,0,0,0,0,0
2.21,0,0,0,0,0,0
2.215,0,0,0,0,0,0
2.22,0,0,0,0,0,0
2.225,0,0,0,0,0,0
2.23,0,0,0,0,0,0
2.235,0,0,0,0,0,0
2.24,0,0,0,0,0,0
2.245,0,0,0,0,0,0
2.25,0,0.311374068,0,0.311374068,0,0
2.255,0,0.311374068,0,0.311374068,0,0
2.26,0,0.311374068,0,0.311374068,0,0
2.265,0,0.311374068,0,0.311374068,0,0
2.27,0,0.311221719,0,0.311221719,0,0
2.275,0,0.311238468,0,0.311238468,0,0
2.28,0,0.311063081,0,0.311063081,0,0
2.285,0,0.311063081,0,0.310887694,0,0
2.29,0,0.310592264,0,0.310592264,0,0
2.295,0,0.310705662,0,0.310705662,0,0
2.3,0,0.310705662,0,0.31081906,0,0
2.305,0,0.310705662,0,0.310932457,0,0
2.31,0,0.310955465,0,0.310955465,0,0
2.315,0,0.310888678,0,0.310888678,0,0
2.32,0,0.310888678,0,0.310821891,0,0
2.325,0,0.310888678,0,0.310755104,0,0
2.33,0,0.310888678,0,0.310688317,0,0
2.335,0,0.310888678,0,0.31062153,0,0
2.34,0,0.310890287,0,0.310890287,0,0
2.345,0,0.310777307,0,0.310777307,0,0
2.35,0,0.310618103,0,0.310618103,0,0
2.355,0,0.309077561,0,0.309077561,0,0
2.36,0,0.308548599,0,0.308548599,0,0
2.365,0,0.308548599,0,0.308019638,0,0
2.37,0,0.308548599,0,0.307490677,0,0
2.375,0,0.308548599,0,0.306961715,0,0
2.38,0,0.307962805,0,0.307962805,0,0
2.385,0,0.307962805,0,0.307816356,0,0
2.39,0,0.307962805,0,0.307669908,0,0
2.395,0,0.307962805,0,0.307523459,0,0
2.4,0,0.307794541,0,0.307794541,0,0
2.405,0,0.307933688,0,0.307933688,0,0
2.41,0,0.307841957,0,0.307841957,0,0
2.415,0,0.307841957,0,0.307750225,0,0
2.42,0,0.308346748,0,0.308346748,0,0
2.425,0,0.30806002,0,0.30806002,0,0
2.43,0,0.30806002,0,0.307773292,0,0
2.435,0,0.30806002,0,0.307486564,0,0
2.44,0,0.308311075,0,0.308311075,0,0
2.445,0,0.308766246,0,0.308766246,0,0
2.45,0,0.308766246,0,0.309221417,0,0
2.455,0,0.308766246,0,0.309676588,0,0
2.46,0,0.308913499,0,0.308913499,0,0
2.465,0,0.306787491,0,0.306787491,0,0
2.47,0,0.306787491,0,0.304661483,0,0
2.475,0,0.306787491,0,0.302535474,0,0
2.48,0,0.309895992,0,0.309895992,0,0
2.485,0,0.310717165,0,0.310717165,0,0
2.49,0,0.310717165,0,0.311538339,0,0
2.495,0,0.310717165,0,0.312359512,0,0
2.5,0,0.307543188,0,0.307543188,0,0
2.505,0,0.307278275,0,0.307278275,0,0
2.51,0,0.307278275,0,0.307013363,0,0
2.515,0,0.307278275,0,0.30674845,0,0
2.52,0,0.304723561,0,0.304723561,0,0
2.525,0,0.301745355,0,0.301745355,0,0
2.53,0,0.301745355,0,0.298767149,0,0
2.535,0,0.301745355,0,0.295788944,0,0
2.54,0,0.301323742,0,0.301323742,0,0
2.545,0,0.298943967,0,0.298943967,0,0
2.55,0,0.301009387,0,0.301009387,0,0
2.555,0,0.301009387,0,0.303074807,0,0
2.56,0,0.301449388,0,0.301449388,0,0
2.565,0,0.301449388,0,0.301669389,0,0
2.57,0,0.301449388,0,0.30188939,0,0
2.575,0,0.301449388,0,0.30210939,0,0
2.58,0,0.298656642,0,0.298656642,0,0
2.585,0,0.293602407,0,0.293602407,0,0
2.59,0,0.293602407,0,0.288548172,0,0
2.595,0,0.293602407,0,0.283493936,0,0
2.6,0,0.291998684,0,0.291998684,0,0
2.605,0,0.289189965,0,0.289189965,0,0
2.61,0,0.286611795,0,0.286611795,0,0
2.615,0,0.286611795,0,0.284033626,0,0
2.62,0,0.279923826,0,0.279923826,0,0
2.625,0,0.277319282,0,0.277319282,0,0
2.63,0,0.277319282,0,0.274714738,0,0
2.635,0,0.277319282,0,0.272110194,0,0
2.64,0,0.276641548,0,0.276641548,0,0
2.645,0,0.272510201,0,0.272510201,0,0
2.65,0,0.272510201,0,0.268378854,0,0
2.655,0,0.272510201,0,0.264247507,0,0
2.66,0,0.264665872,0,0.264665872,0,0
2.665,0,0.259063751,0,0.259063751,0,0
2.67,0,0.259063751,0,0.253461629,0,0
2.675,0,0.259063751,0,0.247859508,0,0
2.68,0,0.256622612,0,0.256622612,0,0
2.685,0,0.252072096,0,0.252072096,0,0
2.69,0,0.252072096,0,0.247521579,0,0
2.695,0,0.252072096,0,0.242971063,0,0
2.7,0,0.249982655,0,0.249982655,0,0
2.705,0,0.243783131,0,0.243783131,0,0
2.71,0,0.243783131,0,0.237583607,0,0
2.715,0,0.243783131,0,0.231384084,0,0
2.72,0,0.243783131,0,0.22518456,0,0
2.725,0,0.243783131,0,0.218985036,0,0
2.73,0,0.240068108,0,0.240068108,0,0
2.735,0,0.232810527,0,0.232810527,0,0
2.74,0,0.232810527,0,0.225552946,0,0
2.745,0,0.232810527,0,0.218295366,0,0
2.75,0,0.227807507,0,0.227807507,0,0
2.755,0,0.219610438,0,0.219610438,0,0
2.76,0,0.219610438,0,0.211413369,0,0
2.765,0,0.219610438,0,0.203216299,0,0
2.77,0,0.215847149,0,0.215847149,0,0
2.775,0,0.206173539,0,0.206173539,0,0
2.78,0,0.206173539,0,0.196499929,0,0
2.785,0,0.206173539,0,0.186826319,0,0
2.79,0,0.202212557,0,0.202212557,0,0
2.795,0,0.191661328,0,0.191661328,0,0
2.8,0,0.191661328,0,0.181110099,0,0
2.805,0,0.191661328,0,0.17055887,0,0
2.81,0,0.193344951,0,0.193344951,0,0
2.815,0,0.189218834,0,0.189218834,0,0
2.82,0,0.189218834,0,0.185092717,0,0
2.825,0,0.189218834,0,0.180966601,0,0
2.83,0,0.182430953,0,0.182430953,0,0
2.835,0,0.174732685,0,0.174732685,0,0
2.84,0,0.174732685,0,0.167034417,0,0
2.845,0,0.174732685,0,0.15933615,0,0
2.85,0,0.168013722,0,0.168013722,0,0
2.855,0,0.162228018,0,0.162228018,0,0
2.86,0,0.162228018,0,0.156442314,0,0
2.865,0,0.162228018,0,0.150656611,0,0
2.87,0,0.158379629,0,0.158379629,0,0
2.875,0,0.149278089,0,0.149278089,0,0
2.88,0,0.149278089,0,0.14017655,0,0
2.885,0,0.149278089,0,0.13107501,0,0
2.89,0,0.144544363,0,0.144544363,0,0
2.895,0,0.139307767,0,0.139307767,0,0
2.9,0,0.139307767,0,0.134071171,0,0
2.905,0,0.139307767,0,0.128834575,0,0
2.91,0,0.130527541,0,0.130527541,0,0
2.915,0,0.126241773,0,0.126241773,0,0
2.92,0,0.126241773,0,0.121956006,0,0
2.925,0,0.126241773,0,0.117670238,0,0
2.93,0,0.109842941,0,0.109842941,0,0
2.935,0,0.109787218,0,0.109787218,0,0
2.94,0,0.0978528783,0,0.0978528783,0,0
2.945,0,0.0978528783,0,0.0859185383,0,0
2.95,0,0.0923150256,0,0.0923150256,0,0
2.955,0,0.0797400177,0,0.0797400177,0,0
2.96,0,0.0797400177,0,0.0671650097,0,0
2.965,0,0.0797400177,0,0.0545900017,0,0
2.97,0,0.0748393536,0,0.0748393536,0,0
2.975,0,0.0651483238,0,0.0651483238,0,0
2.98,0,0.0651483238,0,0.055457294,0,0
2.985,0,0.0651483238,0,0.0457662642,0,0
2.99,0,0.0603798255,0,0.0603798255,0,0
2.995,0,0.0462666117,0,0.0462666117,0,0
3,0,0.0462666117,0,0.0321533978,0,0
3.005,0,0.0462666117,0,0.0180401839,0,0
3.01,0,0.0432794206,0,0.0432794206,0,0
3.015,0,0.0338384546,0,0.0338384546,0,0
3.02,0,0.0338384546,0,0.0243974887,0,0
3.025,0,0.0338384546,0,0.0149565227,0,0
3.03,0,0.0201354325,0,0.0201354325,0,0
3.035,0,0.0141360713,0,0.0141360713,0,0
3.04,0,0.0141360713,0,0.00813671015,0,0
3.045,0,0.0141360713,0,0.00213734899,0,0
3.05,0,0.000870000513,0,0.000870000513,0,0
3.055,0,-0.00552237732,0,-0.00552237732,0,0
3.06,0,-0.00552237732,0,-0.0119147552,0,0
3.065,0,-0.00552237732,0,-0.0183071326,0,0
3.07,0,-0.0166824032,0,-0.0166824032,0,0
3.075,0,-0.0163677502,0,-0.0163677502,0,0
3.08,0,-0.0163677502,0,-0.0160530973,0,0
3.085,0,-0.0163677502,0,-0.0157384444,0,0
3.09,0,-0.0302882548,0,-0.0302882548,0,0
3.095,0,-0.0381015092,0,-0.0381015092,0,0
3.1,0,-0.0381015092,0,-0.0459147654,0,0
3.105,0,-0.0381015092,0,-0.053728018,0,0
3.11,0,-0.0381015092,0,-0.0615412742,0,0
3.115,0,-0.0381015092,0,-0.0693545267,0,0
3.12,0,-0.0414779522,0,-0.0414779522,0,0
3.125,0,-0.044963561,0,-0.044963561,0,0
3.13,0,-0.0523160808,0,-0.0523160808,0,0
3.135,0,-0.064932473,0,-0.064932473,0,0
3.14,0,-0.064932473,0,-0.0775488615,0,0
3.145,0,-0.064932473,0,-0.0901652575,0,0
3.15,0,-0.064932473,0,-0.102781646,0,0
3.155,0,-0.064932473,0,-0.115398042,0,0
3.16,0,-0.0750882775,0,-0.0750882775,0,0
3.165,0,-0.0799645185,0,-0.0799645185,0,0
3.17,0,-0.0799645185,0,-0.0848407596,0,0
3.175,0,-0.0799645185,0,-0.0897170007,0,0
3.18,0,-0.093041569,0,-0.093041569,0,0
3.185,0,-0.0997642279,0,-0.0997642279,0,0
3.19,0,-0.108156316,0,-0.108156316,0,0
3.195,0,-0.108156316,0,-0.116548404,0,0
3.2,0,-0.120967761,0,-0.120967761,0,0
3.205,0,-0.126853913,0,-0.126853913,0,0
3.21,0,-0.126853913,0,-0.132740065,0,0
3.215,0,-0.126853913,0,-0.138626218,0,0
3.22,0,-0.140645802,0,-0.140645802,0,0
3.225,0,-0.145126551,0,-0.145126551,0,0
3.23,0,-0.145126551,0,-0.149607301,0,0
3.235,0,-0.145126551,0,-0.15408805,0,0
3.24,0,-0.156991199,0,-0.156991199,0,0
3.245,0,-0.16636166,0,-0.16636166,0,0
3.25,0,-0.16636166,0,-0.175732121,0,0
3.255,0,-0.16636166,0,-0.185102582,0,0
3.26,0,-0.176164493,0,-0.176164493,0,0
3.265,0,-0.187591344,0,-0.187591344,0,0
3.27,0,-0.187591344,0,-0.199018195,0,0
3.275,0,-0.187591344,0,-0.210445046,0,0
3.28,0,-0.195384711,0,-0.195384711,0,0
3.285,0,-0.204070374,0,-0.204070374,0,0
3.29,0,-0.204070374,0,-0.212756038,0,0
3.295,0,-0.204070374,0,-0.221441701,0,0
3.3,0,-0.208906382,0,-0.208906382,0,0
3.305,0,-0.223696172,0,-0.223696172,0,0
3.31,0,-0.223696172,0,-0.238485962,0,0
3.315,0,-0.223696172,0,-0.253275752,0,0
3.32,0,-0.226925254,0,-0.226925254,0,0
3.325,0,-0.232586965,0,-0.232586965,0,0
3.33,0,-0.245028108,0,-0.245028108,0,0
3.335,0,-0.245028108,0,-0.257469267,0,0
3.34,0,-0.26079756,0,-0.26079756,0,0
3.345,0,-0.26079756,0,-0.268682271,0,0
3.35,0,-0.26079756,0,-0.276567012,0,0
3.355,0,-0.26079756,0,-0.284451723,0,0
3.36,0,-0.273564726,0,-0.273564726,0,0
3.365,0,-0.274686009,0,-0.274686009,0,0
3.37,0,-0.274686009,0,-0.275807291,0,0
3.375,0,-0.274686009,0,-0.276928574,0,0
3.38,0,-0.292491168,0,-0.292491168,0,0
3.385,0,-0.303505123,0,-0.303505123,0,0
3.39,0,-0.303505123,0,-0.314519078,0,0
3.395,0,-0.303505123,0,-0.325533032,0,0
3.4,0,-0.315488845,0,-0.315488845,0,0
3.405,0,-0.315488845,0,-0.319483429,0,0
3.41,0,-0.315488845,0,-0.323477983,0,0
3.415,0,-0.315488845,0,-0.327472568,0,0
3.42,0,-0.311576396,0,-0.311576396,0,0
3.425,0,-0.311576396,0,-0.310598284,0,0
3.43,0,-0.311576396,0,-0.309620172,0,0
3.435,0,-0.311576396,0,-0.30864206,0,0
3.44,0,-0.311576396,0,-0.307663947,0,0
3.445,0,-0.311576396,0,-0.306685835,0,0
3.45,0,-0.311576396,0,-0.305707723,0,0
3.455,0,-0.311576396,0,-0.304729611,0,0
3.46,0,-0.311576396,0,-0.303751498,0,0
3.465,0,-0.311576396,0,-0.302773386,0,0
3.47,0,-0.311576396,0,-0.301795274,0,0
3.475,0,-0.311576396,0,-0.300817162,0,0
3.48,0,-0.311576396,0,-0.29983905,0,0
3.485,0,-0.311576396,0,-0.298860937,0,0
3.49,0,-0.311576396,0,-0.297882825,0,0
3.495,0,-0.311576396,0,-0.296904713,0,0
3.5,0,-0.311576396,0,-0.295926601,0,0
3.505,0,-0.311576396,0,-0.294948488,0,0
3.51,0,-0.311576396,0,-0.293970376,0,0
3.515,0,-0.311576396,0,-0.292992264,0,0
3.52,0,-0.311576396,0,-0.292014152,0,0
3.525,0,-0.311576396,0,-0.29103604,0,0
3.53,0,-0.311576396,0,-0.290057927,0,0
3.535,0,-0.311576396,0,-0.289079815,0,0
3.54,0,-0.311576396,0,-0.288101703,0,0
3.545,0,-0.311576396,0,-0.287123591,0,0
3.55,0,-0.311576396,0,-0.286145478,0,0
3.555,0,-0.311576396,0,-0.285167366,0,0
3.56,0,-0.311576396,0,-0.284189254,0,0
3.565,0,-0.311576396,0,-0.283211142,0,0
3.57,0,-0.311576396,0,-0.28223303,0,0
3.575,0,-0.311576396,0,-0.281254917,0,0
3.58,0,-0.311576396,0,-0.280276805,0,0
3.585,0,-0.311576396,0,-0.279298693,0,0
3.59,0,-0.311576396,0,-0.278320581,0,0
3.595,0,-0.311576396,0,-0.277342469,0,0
3.6,0,-0.311576396,0,-0.276364356,0,0
3.605,0,-0.311576396,0,-0.275386244,0,0
3.61,0,-0.311576396,0,-0.274408132,0,0
3.615,0,-0.311576396,0,-0.27343002,0,0
3.62,0,-0.311576396,0,-0.272451907,0,0
3.625,0,-0.311576396,0,-0.271473795,0,0
3.63,0,-0.311576396,0,-0.270495683,0,0
3.635,0,-0.311576396,0,-0.269517571,0,0
3.64,0,-0.311576396,0,-0.268539459,0,0
3.645,0,-0.311576396,0,-0.267561346,0,0
3.65,0,-0.311576396,0,-0.266583234,0,0
3.655,0,-0.311576396,0,-0.265605122,0,0
3.66,0,-0.311576396,0,-0.26462701,0,0
3.665,0,-0.311576396,0,-0.263648897,0,0
3.67,0,-0.311576396,0,-0.262670785,0,0
3.675,0,-0.311576396,0,-0.261692673,0,0
3.68,0,-0.311576396,0,-0.260714561,0,0
3.685,0,-0.311576396,0,-0.259736449,0,0
3.69,0,-0.311576396,0,-0.258758336,0,0
3.695,0,-0.311576396,0,-0.257780224,0,0
3.7,0,-0.311576396,0,-0.256802112,0,0
3.705,0,-0.311576396,0,-0.255824,0,0
3.71,0,-0.311576396,0,-0.254845887,0,0
3.715,0,-0.311576396,0,-0.253867775,0,0
3.72,0,-0.311576396,0,-0.252889663,0,0
3.725,0,-0.311576396,0,-0.251911551,0,0
3.73,0,-0.311576396,0,-0.250933439,0,0
3.735,0,-0.311576396,0,-0.249955326,0,0
3.74,0,-0.311576396,0,-0.248977214,0,0
3.745,0,-0.311576396,0,-0.247999102,0,0
3.75,0,-0.311576396,0,-0.24702099,0,0
3.755,0,-0.311576396,0,-0.246042877,0,0
3.76,0,-0.311576396,0,-0.245064765,0,0
3.765,0,-0.311576396,0,-0.244086653,0,0
3.77,0,-0.311576396,0,-0.243108541,0,0
3.775,0,-0.311576396,0,-0.242130429,0,0
3.78,0,-0.311576396,0,-0.241152316,0,0
3.785,0,-0.311576396,0,-0.240174204,0,0
3.79,0,-0.311576396,0,-0.239196092,0,0
3.795,0,-0.311576396,0,-0.23821798,0,0
3.8,0,-0.311576396,0,-0.237239867,0,0
3.805,0,-0.311576396,0,-0.236261755,0,0
3.81,0,-0.311576396,0,-0.235283643,0,0
3.815,0,-0.311576396,0,-0.234305531,0,0
3.82,0,-0.311576396,0,-0.233327419,0,0
3.825,0,-0.311576396,0,-0.232349306,0,0
3.83,0,-0.311576396,0,-0.231371194,0,0
3.835,0,-0.311576396,0,-0.230393082,0,0
3.84,0,-0.311576396,0,-0.22941497,0,0
3.845,0,-0.311576396,0,-0.228436857,0,0
3.85,0,-0.311576396,0,-0.227458745,0,0
3.855,0,-0.311576396,0,-0.226480633,0,0
3.86,0,-0.311576396,0,-0.225502521,0,0
3.865,0,-0.311576396,0,-0.224524409,0,0
3.87,0,-0.311576396,0,-0.223546296,0,0
3.875,0,-0.311576396,0,-0.222568184,0,0
3.88,0,-0.311576396,0,-0.221590072,0,0
3.885,0,-0.311576396,0,-0.22061196,0,0
3.89,0,-0.311576396,0,-0.219633847,0,0
3.895,0,-0.311576396,0,-0.218655735,0,0
3.9,0,-0.311576396,0,-0.217677623,0,0
3.905,0,-0.311576396,0,-0.216699511,0,0
3.91,0,-0.311576396,0,-0.215721399,0,0
3.915,0,-0.311576396,0,-0.214743286,0,0
3.92,0,-0.311576396,0,-0.213765174,0,0
3.925,0,-0.311576396,0,-0.212787062,0,0
3.93,0,-0.311576396,0,-0.21180895,0,0
3.935,0,-0.311576396,0,-0.210830837,0,0
3.94,0,-0.311576396,0,-0.209852725,0,0
3.945,0,-0.311576396,0,-0.208874613,0,0
3.95,0,-0.311576396,0,-0.207896501,0,0
3.955,0,-0.311576396,0,-0.206918389,0,0
3.96,0,-0.311576396,0,-0.205940276,0,0
3.965,0,-0.311576396,0,-0.204962164,0,0
3.97,0,-0.311576396,0,-0.203984052,0,0
3.975,0,-0.311576396,0,-0.20300594,0,0
3.98,0,-0.311576396,0,-0.202027828,0,0
3.985,0,-0.311576396,0,-0.201049715,0,0
3.99,0,-0.311576396,0,-0.200071603,0,0
3.995,0,-0.311576396,0,-0.199093491,0,0
4,0,-0.311576396,0,-0.198115379,0,0
4.005,0,-0.311576396,0,-0.197137266,0,0
4.01,0,-0.311576396,0,-0.196159154,0,0
4.015,0,-0.311576396,0,-0.195376664,0,0
4.02,0,-0.311576396,0,-0.19420293,0,0
4.025,0,-0.311576396,0,-0.193224818,0,0
4.03,0,-0.311576396,0,-0.192246705,0,0
4.035,0,-0.311576396,0,-0.191268593,0,0
4.04,0,-0.311576396,0,-0.190290481,0,0
4.045,0,-0.311576396,0,-0.189312369,0,0
4.05,0,-0.311576396,0,-0.188334256,0,0
4.055,0,-0.311576396,0,-0.187551767,0,0
4.06,0,-0.311576396,0,-0.186378032,0,0
4.065,0,-0.311576396,0,-0.18539992,0,0
4.07,0,-0.311576396,0,-0.184421808,0,0
4.075,0,-0.311576396,0,-0.183443695,0,0
4.08,0,-0.311576396,0,-0.182465583,0,0
4.085,0,-0.311576396,0,-0.181487471,0,0
4.09,0,-0.311576396,0,-0.180509359,0,0
4.095,0,-0.311576396,0,-0.179726869,0,0
4.1,0,-0.311576396,0,-0.178553134,0,0
4.105,0,-0.311576396,0,-0.177575022,0,0
4.11,0,-0.311576396,0,-0.17659691,0,0
4.115,0,-0.311576396,0,-0.175618798,0,0
4.12,0,-0.311576396,0,-0.174640685,0,0
4.125,0,-0.311576396,0,-0.173662573,0,0
4.13,0,-0.311576396,0,-0.172684461,0,0
4.135,0,-0.311576396,0,-0.171706349,0,0
4.14,0,-0.311576396,0,-0.170728236,0,0
4.145,0,-0.311576396,0,-0.169750124,0,0
4.15,0,-0.311576396,0,-0.168772012,0,0
4.155,0,-0.311576396,0,-0.1677939,0,0
4.16,0,-0.311576396,0,-0.166815788,0,0
4.165,0,-0.311576396,0,-0.165837675,0,0
4.17,0,-0.311576396,0,-0.164859563,0,0
4.175,0,-0.311576396,0,-0.163881451,0,0
4.18,0,-0.311576396,0,-0.162903339,0,0
4.185,0,-0.311576396,0,-0.161925226,0,0
4.19,0,-0.311576396,0,-0.160947114,0,0
4.195,0,-0.311576396,0,-0.159969002,0,0
4.2,0,-0.311576396,0,-0.15899089,0,0
4.205,0,-0.311576396,0,-0.158012778,0,0
4.21,0,-0.311576396,0,-0.157034665,0,0
4.215,0,-0.311576396,0,-0.156056553,0,0
4.22,0,-0.311576396,0,-0.155078441,0,0
4.225,0,-0.311576396,0,-0.154100329,0,0
4.23,0,-0.311576396,0,-0.153122216,0,0
4.235,0,-0.311576396,0,-0.152144104,0,0
4.24,0,-0.311576396,0,-0.151165992,0,0
4.245,0,-0.311576396,0,-0.15018788,0,0
4.25,0,-0.311576396,0,-0.149209768,0,0
4.255,0,-0.311576396,0,-0.148231655,0,0
4.26,0,-0.311576396,0,-0.147253543,0,0
4.265,0,-0.311576396,0,-0.146275431,0,0
4.27,0,-0.311576396,0,-0.145297319,0,0
4.275,0,-0.311576396,0,-0.144319206,0,0
4.28,0,-0.311576396,0,-0.143341094,0,0
4.285,0,-0.311576396,0,-0.142362982,0,0
4.29,0,-0.311576396,0,-0.14138487,0,0
4.295,0,-0.311576396,0,-0.140406758,0,0
4.3,0,-0.311576396,0,-0.139428645,0,0
4.305,0,-0.311576396,0,-0.138450533,0,0
4.31,0,-0.311576396,0,-0.137472421,0,0
4.315,0,-0.311576396,0,-0.136494309,0,0
4.32,0,-0.311576396,0,-0.135516196,0,0
4.325,0,-0.311576396,0,-0.134538084,0,0
4.33,0,-0.311576396,0,-0.133559972,0,0
4.335,0,-0.311576396,0,-0.13258186,0,0
4.34,0,-0.311576396,0,-0.131603748,0,0
4.345,0,-0.311576396,0,-0.130625635,0,0
4.35,0,-0.311576396,0,-0.129647523,0,0
4.355,0,-0.311576396,0,-0.128669411,0,0
4.36,0,-0.311576396,0,-0.127691299,0,0
4.365,0,-0.311576396,0,-0.126713187,0,0
4.37,0,-0.311576396,0,-0.125735074,0,0
4.375,0,-0.311576396,0,-0.124756962,0,0
4.38,0,-0.311576396,0,-0.123778857,0,0
4.385,0,-0.311576396,0,-0.122800745,0,0
4.39,0,-0.311576396,0,-0.121822618,0,0
4.395,0,-0.311576396,0,-0.120844506,0,0
4.4,0,-0.311576396,0,-0.119866394,0,0
4.405,0,-0.311576396,0,-0.118888289,0,0
4.41,0,-0.311576396,0,-0.117910177,0,0
4.415,0,-0.311576396,0,-0.116932064,0,0
4.42,0,-0.311576396,0,-0.115953952,0,0
4.425,0,-0.311576396,0,-0.11497584,0,0
4.43,0,-0.311576396,0,-0.113997728,0,0
4.435,0,-0.311576396,0,-0.113019615,0,0
4.44,0,-0.311576396,0,-0.112041511,0,0
4.445,0,-0.311576396,0,-0.111063398,0,0
4.45,0,-0.311576396,0,-0.110085286,0,0
4.455,0,-0.311576396,0,-0.109107174,0,0
4.46,0,-0.311576396,0,-0.108129062,0,0
4.465,0,-0.311576396,0,-0.10715095,0,0
4.47,0,-0.311576396,0,-0.106172837,0,0
4.475,0,-0.311576396,0,-0.105194725,0,0
4.48,0,-0.311576396,0,-0.10421662,0,0
4.485,0,-0.311576396,0,-0.103238478,0,0
4.49,0,-0.311576396,0,-0.102260374,0,0
4.495,0,-0.311576396,0,-0.101282261,0,0
4.5,0,-0.311576396,0,-0.100304149,0,0
4.505,0,-0.311576396,0,-0.0993260369,0,0
4.51,0,-0.311576396,0,-0.0983479246,0,0
4.515,0,-0.311576396,0,-0.0973698124,0,0
4.52,0,-0.311576396,0,-0.0963917002,0,0
4.525,0,-0.311576396,0,-0.095413588,0,0
4.53,0,-0.311576396,0,-0.0944354832,0,0
4.535,0,-0.311576396,0,-0.093457371,0,0
4.54,0,-0.311576396,0,-0.0924792588,0,0
4.545,0,-0.311576396,0,-0.0915011466,0,0
4.55,0,-0.311576396,0,-0.0905230343,0,0
4.555,0,-0.311576396,0,-0.0895449221,0,0
4.56,0,-0.311576396,0,-0.0885668099,0,0
4.565,0,-0.311576396,0,-0.0875887051,0,0
4.57,0,-0.311576396,0,-0.0866105929,0,0
4.575,0,-0.311576396,0,-0.0856324807,0,0
4.58,0,-0.311576396,0,-0.0846543685,0,0
4.585,0,-0.311576396,0,-0.0836762562,0,0
4.59,0,-0.311576396,0,-0.082698144,0,0
4.595,0,-0.311576396,0,-0.0817200318,0,0
4.6,0,-0.311576396,0,-0.0807419196,0,0
4.605,0,-0.311576396,0,-0.0797638148,0,0
4.61,0,-0.311576396,0,-0.0787856728,0,0
4.615,0,-0.311576396,0,-0.077807568,0,0
4.62,0,-0.311576396,0,-0.0768294558,0,0
4.625,0,-0.311576396,0,-0.0758513436,0,0
4.63,0,-0.311576396,0,-0.0748732314,0,0
4.635,0,-0.311576396,0,-0.0738951191,0,0
4.64,0,-0.311576396,0,-0.0729170069,0,0
4.645,0,-0.311576396,0,-0.0719388947,0,0
4.65,0,-0.311576396,0,-0.0709607825,0,0
4.655,0,-0.311576396,0,-0.0699826777,0,0
4.66,0,-0.311576396,0,-0.0690045655,0,0
4.665,0,-0.311576396,0,-0.0680264533,0,0
4.67,0,-0.311576396,0,-0.067048341,0,0
4.675,0,-0.311576396,0,-0.0660702288,0,0
4.68,0,-0.311576396,0,-0.0650921166,0,0
4.685,0,-0.311576396,0,-0.0641140044,0,0
4.69,0,-0.311576396,0,-0.0631358996,0,0
4.695,0,-0.311576396,0,-0.0621577837,0,0
4.7,0,-0.311576396,0,-0.0611796752,0,0
4.705,0,-0.311576396,0,-0.0602015629,0,0
4.71,0,-0.311576396,0,-0.0592234507,0,0
4.715,0,-0.311576396,0,-0.0582453385,0,0
4.72,0,-0.311576396,0,-0.05726723,0,0
4.725,0,-0.311576396,0,-0.0562891178,0,0
4.73,0,-0.311576396,0,-0.0553110056,0,0
4.735,0,-0.311576396,0,-0.054332871,0,0
4.74,0,-0.311576396,0,-0.0533547588,0,0
4.745,0,-0.311576396,0,-0.0523766465,0,0
4.75,0,-0.311576396,0,-0.0513985381,0,0
4.755,0,-0.311576396,0,-0.0504204258,0,0
4.76,0,-0.311576396,0,-0.0494423136,0,0
4.765,0,-0.311576396,0,-0.0484642014,0,0
4.77,0,-0.311576396,0,-0.0474860929,0,0
4.775,0,-0.311576396,0,-0.0465079807,0,0
4.78,0,-0.311576396,0,-0.0455298685,0,0
4.785,0,-0.311576396,0,-0.0445517562,0,0
4.79,0,-0.311576396,0,-0.0435736477,0,0
4.795,0,-0.311576396,0,-0.0425955355,0,0
4.8,0,-0.311576396,0,-0.0416174233,0,0
4.805,0,-0.311576396,0,-0.0406393148,0,0
4.81,0,-0.311576396,0,-0.0396612026,0,0
4.815,0,-0.311576396,0,-0.0386830904,0,0
4.82,0,-0.311576396,0,-0.0377049781,0,0
4.825,0,-0.311576396,0,-0.0367268696,0,0
4.83,0,-0.311576396,0,-0.0357487574,0,0
4.835,0,-0.311576396,0,-0.0347706452,0,0
4.84,0,-0.311576396,0,-0.033792533,0,0
4.845,0,-0.311576396,0,-0.0328144245,0,0
4.85,0,-0.311576396,0,-0.0318363123,0,0
4.855,0,-0.311576396,0,-0.0308582,0,0
4.86,0,-0.311576396,0,-0.0298800655,0,0
4.865,0,-0.311576396,0,-0.0289019533,0,0
4.87,0,-0.311576396,0,-0.0279238429,0,0
4.875,0,-0.311576396,0,-0.0269457307,0,0
4.88,0,-0.311576396,0,-0.0259676203,0,0
4.885,0,-0.311576396,0,-0.0249895081,0,0
4.89,0,-0.311576396,0,-0.0240113977,0,0
4.895,0,-0.311576396,0,-0.0230332855,0,0
4.9,0,-0.311576396,0,-0.0220551752,0,0
4.905,0,-0.311576396,0,-0.0210770629,0,0
4.91,0,-0.311576396,0,-0.0200989526,0,0
4.915,0,-0.311576396,0,-0.0191208404,0,0
4.92,0,-0.311576396,0,-0.01814273,0,0
4.925,0,-0.311576396,0,-0.0171646196,0,0
4.93,0,-0.311576396,0,-0.0161865074,0,0
4.935,0,-0.311576396,0,-0.0152083961,0,0
4.94,0,-0.311576396,0,-0.0142302848,0,0
4.945,0,-0.311576396,0,-0.0132521736,0,0
4.95,0,-0.311576396,0,-0.0122740623,0,0
4.955,0,-0.311576396,0,-0.011295951,0,0
4.96,0,-0.311576396,0,-0.0103178397,0,0
4.965,0,-0.311576396,0,-0.00933972839,0,0
4.97,0,-0.311576396,0,-0.0083616171,0,0
4.975,0,-0.311576396,0,-0.00738350581,0,0
4.98,0,-0.311576396,0,-0.00640539452,0,0
4.985,0,-0.311576396,0,-0.00542725995,0,0
4.99,0,-0.311576396,0,-0.00444914866,0,0
4.995,0,-0.311576396,0,-0.00347103737,0,0
5,0,-0.311576396,0,-0.00249292608,0,0
5.005,0,-0.311576396,0,-0.00151481479,0,0
5.01,0,-0.311576396,0,-0.000536703505,0,0
5.015,0,-0.311576396,0,0.000441407785,0,0
5.02,0,-0.311576396,0,0.00141951907,0,0
5.025,0,-0.311576396,0,0.00239763036,0,0
5.03,0,-0.311576396,0,0.00337574165,0,0
5.035,0,-0.311576396,0,0.00435385294,0,0
5.04,0,-0.311576396,0,0.00533196423,0,0
5.045,0,-0.311576396,0,0.00631007552,0,0
5.05,0,-0.311576396,0,0.00728818681,0,0
5.055,0,-0.311576396,0,0.0082662981,0,0
5.06,0,-0.311576396,0,0.00924440939,0,0
5.065,0,-0.311576396,0,0.0102225207,0,0
5.07,0,-0.311576396,0,0.011200632,0,0
5.075,0,-0.311576396,0,0.0121787433,0,0
5.08,0,-0.311576396,0,0.0131568545,0,0
5.085,0,-0.311576396,0,0.0141349658,0,0
5.09,0,-0.311576396,0,0.0151130771,0,0
5.095,0,-0.311576396,0,0.0160911884,0,0
5.1,0,-0.311576396,0,0.0170692988,0,0
5.105,0,-0.311576396,0,0.018047411,0,0
5.11,0,-0.311576396,0,0.0190255456,0,0
5.115,0,-0.311576396,0,0.0200036578,0,0
5.12,0,-0.311576396,0,0.0209817681,0,0
5.125,0,-0.311576396,0,0.0219598804,0,0
5.13,0,-0.311576396,0,0.0229379907,0,0
5.135,0,-0.311576396,0,0.0239161029,0,0
5.14,0,-0.311576396,0,0.0248942133,0,0
5.145,0,-0.311576396,0,0.0258723255,0,0
5.15,0,-0.311576396,0,0.0268504359,0,0
5.155,0,-0.311576396,0,0.0278285481,0,0
5.16,0,-0.311576396,0,0.0288066585,0,0
5.165,0,-0.311576396,0,0.0297847707,0,0
5.17,0,-0.311576396,0,0.030762881,0,0
5.175,0,-0.311576396,0,0.0317409933,0,0
5.18,0,-0.311576396,0,0.0327191018,0,0
5.185,0,-0.311576396,0,0.033697214,0,0
5.19,0,-0.311576396,0,0.0346753262,0,0
5.195,0,-0.311576396,0,0.0356534384,0,0
5.2,0,-0.311576396,0,0.0366315469,0,0
5.205,0,-0.311576396,0,0.0376096591,0,0
5.21,0,-0.311576396,0,0.0385877714,0,0
5.215,0,-0.311576396,0,0.0395658836,0,0
5.22,0,-0.311576396,0,0.0405439921,0,0
5.225,0,-0.311576396,0,0.0415221043,0,0
5.23,0,-0.311576396,0,0.0425002165,0,0
5.235,0,-0.311576396,0,0.0434783511,0,0
5.24,0,-0.311576396,0,0.0444564633,0,0
5.245,0,-0.311576396,0,0.0454345755,0,0
5.25,0,-0.311576396,0,0.046412684,0,0
5.255,0,-0.311576396,0,0.0473907962,0,0
5.26,0,-0.311576396,0,0.0483689085,0,0
5.265,0,-0.311576396,0,0.0493470207,0,0
5.27,0,-0.311576396,0,0.0503251292,0,0
5.275,0,-0.311576396,0,0.0513032414,0,0
5.28,0,-0.311576396,0,0.0522813536,0,0
5.285,0,-0.311576396,0,0.0532594658,0,0
5.29,0,-0.311576396,0,0.0542375743,0,0
5.295,0,-0.311576396,0,0.0552156866,0,0
5.3,0,-0.311576396,0,0.0561937988,0,0
5.305,0,-0.311576396,0,0.0571719073,0,0
5.31,0,-0.311576396,0,0.0581500195,0,0
5.315,0,-0.311576396,0,0.0591281317,0,0
5.32,0,-0.311576396,0,0.0601062439,0,0
5.325,0,-0.311576396,0,0.0610843524,0,0
5.33,0,-0.311576396,0,0.0620624647,0,0
5.335,0,-0.311576396,0,0.0630405769,0,0
5.34,0,-0.311576396,0,0.0640186891,0,0
5.345,0,-0.311576396,0,0.0649968013,0,0
5.35,0,-0.311576396,0,0.0659749135,0,0
5.355,0,-0.311576396,0,0.0669530183,0,0
5.36,0,-0.311576396,0,0.0679311603,0,0
5.365,0,-0.311576396,0,0.0689092651,0,0
5.37,0,-0.311576396,0,0.0698873773,0,0
5.375,0,-0.311576396,0,0.0708654895,0,0
5.38,0,-0.311576396,0,0.0718436018,0,0
5.385,0,-0.311576396,0,0.072821714,0,0
5.39,0,-0.311576396,0,0.0737998262,0,0
5.395,0,-0.311576396,0,0.0747779384,0,0
5.4,0,-0.311576396,0,0.0757560506,0,0
5.405,0,-0.311576396,0,0.0767341554,0,0
5.41,0,-0.311576396,0,0.0777122676,0,0
5.415,0,-0.311576396,0,0.0786903799,0,0
5.42,0,-0.311576396,0,0.0796684921,0,0
5.425,0,-0.311576396,0,0.0806466267,0,0
5.43,0,-0.311576396,0,0.0816247165,0,0
5.435,0,-0.311576396,0,0.0826028511,0,0
5.44,0,-0.311576396,0,0.0835809335,0,0
5.445,0,-0.311576396,0,0.0845590755,0,0
5.45,0,-0.311576396,0,0.085537158,0,0
5.455,0,-0.311576396,0,0.0865152925,0,0
5.46,0,-0.311576396,0,0.0874933824,0,0
5.465,0,-0.311576396,0,0.088471517,0,0
5.47,0,-0.311576396,0,0.0894496068,0,0
5.475,0,-0.311576396,0,0.0904277414,0,0
5.48,0,-0.311576396,0,0.0914058238,0,0
5.485,0,-0.311576396,0,0.0923839658,0,0
5.49,0,-0.311576396,0,0.0933620483,0,0
5.495,0,-0.311576396,0,0.0943401828,0,0
5.5,0,-0.311576396,0,0.0953182727,0,0
5.505,0,-0.311576396,0,0.0962964073,0,0
5.51,0,-0.311576396,0,0.0972744972,0,0
5.515,0,-0.311576396,0,0.0982526317,0,0
5.52,0,-0.311576396,0,0.0992307141,0,0
5.525,0,-0.311576396,0,0.100208856,0,0
5.53,0,-0.311576396,0,0.101186939,0,0
5.535,0,-0.311576396,0,0.102165073,0,0
5.54,0,-0.311576396,0,0.103143163,0,0
5.545,0,-0.311576396,0,0.104121298,0,0
5.55,0,-0.311576396,0,0.105099432,0,0
5.555,0,-0.311576396,0,0.106077522,0,0
5.56,0,-0.311576396,0,0.107055657,0,0
5.565,0,-0.311576396,0,0.108033739,0,0
5.57,0,-0.311576396,0,0.109011881,0,0
5.575,0,-0.311576396,0,0.109989963,0,0
5.58,0,-0.311576396,0,0.110968098,0,0
5.585,0,-0.311576396,0,0.111946188,0,0
5.59,0,-0.311576396,0,0.112924322,0,0
5.595,0,-0.311576396,0,0.113902412,0,0
5.6,0,-0.311576396,0,0.114880547,0,0
5.605,0,-0.311576396,0,0.115858629,0,0
5.61,0,-0.311576396,0,0.116836771,0,0
5.615,0,-0.311576396,0,0.117814854,0,0
5.62,0,-0.311576396,0,0.118792988,0,0
5.625,0,-0.311576396,0,0.119771078,0,0
5.63,0,-0.311576396,0,0.120749213,0,0
5.635,0,-0.311576396,0,0.121727303,0,0
5.64,0,-0.311576396,0,0.122705437,0,0
5.645,0,-0.311576396,0,0.12368352,0,0
5.65,0,-0.311576396,0,0.124661662,0,0
5.655,0,-0.311576396,0,0.125639752,0,0
5.66,0,-0.311576396,0,0.126617879,0,0
5.665,0,-0.311576396,0,0.127595961,0,0
5.67,0,-0.311576396,0,0.128574103,0,0
5.675,0,-0.311576396,0,0.129552245,0,0
5.68,0,-0.311576396,0,0.130530328,0,0
5.685,0,-0.311576396,0,0.131508455,0,0
5.69,0,-0.311576396,0,0.132486552,0,0
5.695,0,-0.311576396,0,0.133464679,0,0
5.7,0,-0.311576396,0,0.134442776,0,0
5.705,0,-0.311576396,0,0.135420904,0,0
5.71,0,-0.311576396,0,0.136398986,0,0
5.715,0,-0.311576396,0,0.137377128,0,0
5.72,0,-0.311576396,0,0.13835521,0,0
5.725,0,-0.311576396,0,0.139333352,0,0
5.73,0,-0.311576396,0,0.140311435,0,0
5.735,0,-0.311576396,0,0.141289577,0,0
5.74,0,-0.311576396,0,0.142267659,0,0
5.745,0,-0.311576396,0,0.143245801,0,0
5.75,0,-0.311576396,0,0.144223884,0,0
5.755,0,-0.311576396,0,0.145202026,0,0
5.76,0,-0.311576396,0,0.146180108,0,0
5.765,0,-0.311576396,0,0.147158235,0,0
5.77,0,-0.311576396,0,0.148136333,0,0
5.775,0,-0.311576396,0,0.14911446,0,0
5.78,0,-0.311576396,0,0.150092557,0,0
5.785,0,-0.311576396,0,0.151070684,0,0
5.79,0,-0.311576396,0,0.152048767,0,0
5.795,0,-0.311576396,0,0.153026909,0,0
5.8,0,-0.311576396,0,0.154005051,0,0
5.805,0,-0.311576396,0,0.154983133,0,0
5.81,0,-0.311576396,0,0.15596126,0,0
5.815,0,-0.311576396,0,0.156939358,0,0
5.82,0,-0.311576396,0,0.157917485,0,0
5.825,0,-0.311576396,0,0.158895582,0,0
5.83,0,-0.311576396,0,0.159873709,0,0
5.835,0,-0.311576396,0,0.160851792,0,0
5.84,0,-0.311576396,0,0.161829934,0,0
5.845,0,-0.311576396,0,0.162808016,0,0
5.85,0,-0.311576396,0,0.163786158,0,0
5.855,0,-0.311576396,0,0.16476424,0,0
5.86,0,-0.311576396,0,0.165742382,0,0
5.865,0,-0.311576396,0,0.166720465,0,0
5.87,0,-0.311576396,0,0.167698607,0,0
5.875,0,-0.311576396,0,0.168676689,0,0
5.88,0,-0.311576396,0,0.169654831,0,0
5.885,0,-0.311576396,0,0.170632914,0,0
5.89,0,-0.311576396,0,0.171611041,0,0
5.895,0,-0.311576396,0,0.172589138,0,0
5.9,0,-0.311576396,0,0.173567265,0,0
5.905,0,-0.311576396,0,0.174545363,0,0
5.91,0,-0.311576396,0,0.17552349,0,0
5.915,0,-0.311576396,0,0.176501572,0,0
5.92,0,-0.311576396,0,0.177479714,0,0
5.925,0,-0.311576396,0,0.178457856,0,0
5.93,0,-0.311576396,0,0.179435939,0,0
5.935,0,-0.311576396,0,0.180414066,0,0
5.94,0,-0.311576396,0,0.181392163,0,0
5.945,0,-0.311576396,0,0.18237029,0,0
5.95,0,-0.311576396,0,0.183348387,0,0
5.955,0,-0.311576396,0,0.184326515,0,0
5.96,0,-0.311576396,0,0.185304597,0,0
5.965,0,-0.311576396,0,0.186282739,0,0
5.97,0,-0.311576396,0,0.187260821,0,0
5.975,0,-0.311576396,0,0.188238963,0,0
5.98,0,-0.311576396,0,0.189217046,0,0
5.985,0,-0.311576396,0,0.190195188,0,0
5.99,0,-0.311576396,0,0.19117327,0,0
5.995,0,-0.311576396,0,0.192151412,0,0
6,0,-0.311576396,0,0.193129495,0,0
6.005,0,-0.311576396,0,0.194107637,0,0
6.01,0,-0.311576396,0,0.195085719,0,0
6.015,0,-0.311576396,0,0.196063846,0,0
6.02,0,-0.311576396,0,0.197041944,0,0
6.025,0,-0.311576396,0,0.198020071,0,0
6.03,0,-0.311576396,0,0.198998168,0,0
6.035,0,-0.311576396,0,0.199976295,0,0
6.04,0,-0.311576396,0,0.200954378,0,0
6.045,0,-0.311576396,0,0.20193252,0,0
6.05,0,-0.311576396,0,0.202910662,0,0
6.055,0,-0.311576396,0,0.203888744,0,0
6.06,0,-0.311576396,0,0.204866871,0,0
6.065,0,-0.311576396,0,0.205844969,0,0
6.07,0,-0.311576396,0,0.206823096,0,0
6.075,0,-0.311576396,0,0.207801193,0,0
6.08,0,-0.311576396,0,0.20877932,0,0
6.085,0,-0.311576396,0,0.209757403,0,0
6.09,0,-0.311576396,0,0.210735545,0,0
6.095,0,-0.311576396,0,0.211713627,0,0
6.1,0,-0.311576396,0,0.212691769,0,0
6.105,0,-0.311576396,0,0.213669851,0,0
6.11,0,-0.311576396,0,0.214647993,0,0
6.115,0,-0.311576396,0,0.215626076,0,0
6.12,0,-0.311576396,0,0.216604218,0,0
6.125,0,-0.311576396,0,0.2175823,0,0
6.13,0,-0.311576396,0,0.218560442,0,0
6.135,0,-0.311576396,0,0.219538525,0,0
6.14,0,-0.311576396,0,0.220516652,0,0
6.145,0,-0.311576396,0,0.221494749,0,0
6.15,0,-0.311576396,0,0.222472876,0,0
6.155,0,-0.311576396,0,0.223450974,0,0
6.16,0,-0.311576396,0,0.224429101,0,0
6.165,0,-0.311576396,0,0.225407183,0,0
6.17,0,-0.311576396,0,0.226385325,0,0
6.175,0,-0.311576396,0,0.227363467,0,0
6.18,0,-0.311576396,0,0.22834155,0,0
6.185,0,-0.311576396,0,0.229319677,0,0
6.19,0,-0.311576396,0,0.230297774,0,0
6.195,0,-0.311576396,0,0.231275901,0,0
6.2,0,-0.311576396,0,0.232253999,0,0
6.205,0,-0.311576396,0,0.233232126,0,0
6.21,0,-0.311576396,0,0.234210208,0,0
6.215,0,-0.311576396,0,0.23518835,0,0
6.22,0,-0.311576396,0,0.236166432,0,0
6.225,0,-0.311576396,0,0.237144575,0,0
6.23,0,-0.311576396,0,0.238122657,0,0
6.235,0,-0.311576396,0,0.239100799,0,0
6.24,0,-0.311576396,0,0.240078881,0,0
6.245,0,-0.311576396,0,0.241057023,0,0
6.25,0,-0.311576396,0,0.242035106,0,0
6.255,0,-0.311576396,0,0.243013248,0,0
6.26,0,-0.311576396,0,0.24399133,0,0
6.265,0,-0.311576396,0,0.244969457,0,0
6.27,0,-0.311576396,0,0.245947555,0,0
6.275,0,-0.311576396,0,0.246925682,0,0
6.28,0,-0.311576396,0,0.247903779,0,0
6.285,0,-0.311576396,0,0.248881906,0,0
6.29,0,-0.311576396,0,0.249859989,0,0
6.295,0,-0.311576396,0,0.250838131,0,0
6.3,0,-0.311576396,0,0.251816273,0,0
6.305,0,-0.311576396,0,0.252794355,0,0
6.31,0,-0.311576396,0,0.253772497,0,0
6.315,0,-0.311576396,0,0.25475058,0,0
6.32,0,-0.311576396,0,0.255728722,0,0
6.325,0,-0.311576396,0,0.256706804,0,0
6.33,0,-0.311576396,0,0.257684946,0,0
6.335,0,-0.311576396,0,0.258663028,0,0
6.34,0,-0.311576396,0,0.259641171,0,0
6.345,0,-0.311576396,0,0.260619253,0,0
6.35,0,-0.311576396,0,0.261597365,0,0
6.355,0,-0.311576396,0,0.262575477,0,0
6.36,0,-0.311576396,0,0.26355359,0,0
6.365,0,-0.311576396,0,0.264531702,0,0
6.37,0,-0.311576396,0,0.265509814,0,0
6.375,0,-0.311576396,0,0.266487896,0,0
6.38,0,-0.311576396,0,0.267466038,0,0
6.385,0,-0.311576396,0,0.268444121,0,0
6.39,0,-0.311576396,0,0.269422263,0,0
6.395,0,-0.311576396,0,0.270400345,0,0
6.4,0,-0.311576396,0,0.271378487,0,0
6.405,0,-0.311576396,0,0.27235657,0,0
6.41,0,-0.311576396,0,0.273334712,0,0
6.415,0,-0.311576396,0,0.274312794,0,0
6.42,0,-0.311576396,0,0.275290936,0,0
6.425,0,-0.311576396,0,0.276269078,0,0
6.43,0,-0.311576396,0,0.277247161,0,0
6.435,0,-0.311576396,0,0.278225303,0,0
6.44,0,-0.311576396,0,0.279203385,0,0
6.445,0,-0.311576396,0,0.280181527,0,0
6.45,0,-0.311576396,0,0.28115961,0,0
6.455,0,-0.311576396,0,0.282137752,0,0
6.46,0,-0.311576396,0,0.283115834,0,0
6.465,0,-0.311576396,0,0.284093976,0,0
6.47,0,-0.311576396,0,0.285072058,0,0
6.475,0,-0.311576396,0,0.286050171,0,0
6.48,0,-0.311576396,0,0.287028283,0,0
6.485,0,-0.311576396,0,0.288006395,0,0
6.49,0,-0.311576396,0,0.288984507,0,0
6.495,0,-0.311576396,0,0.28996262,0,0
6.5,0,-0.311576396,0,0.290940702,0,0
6.505,0,-0.311576396,0,0.291918844,0,0
6.51,0,-0.311576396,0,0.292896926,0,0
6.515,0,-0.311576396,0,0.293875068,0,0
6.52,0,-0.311576396,0,0.294853151,0,0
6.525,0,-0.311576396,0,0.295831293,0,0
6.53,0,-0.311576396,0,0.296809375,0,0
6.535,0,-0.311576396,0,0.297787517,0,0
6.54,0,-0.311576396,0,0.2987656,0,0
6.545,0,-0.311576396,0,0.299743742,0,0
6.55,0,-0.311576396,0,0.300721884,0,0
6.555,0,-0.311576396,0,0.301699966,0,0
6.56,0,-0.311576396,0,0.302678108,0,0
6.565,0,-0.311576396,0,0.303656191,0,0
6.57,0,-0.311576396,0,0.304634333,0,0
6.575,0,-0.311576396,0,0.305612415,0,0
6.58,0,-0.311576396,0,0.306590557,0,0
6.585,0,-0.311576396,0,0.30756864,0,0
6.59,0,-0.311576396,0,0.308546782,0,0
6.595,0,-0.311576396,0,0.309524864,0,0
6.6,0,-0.311576396,0,0.310502976,0,0
6.605,0,-0.311576396,0,0.311481088,0,0
6.61,0,-0.311576396,0,0.312459201,0,0
6.615,0,-0.311576396,0,0.313437313,0,0
6.62,0,-0.311576396,0,0.314415425,0,0
6.625,0,-0.311576396,0,0.315393507,0,0
6.63,0,-0.311576396,0,0.31637165,0,0
6.635,0,-0.311576396,0,0.317349732,0,0
6.64,0,-0.311576396,0,0.318327874,0,0
6.645,0,-0.311576396,0,0.319305956,0,0
6.65,0,-0.311576396,0,0.320284098,0,0
6.655,0,-0.311576396,0,0.321262181,0,0
6.66,0,-0.311576396,0,0.322240323,0,0
6.665,0,-0.311576396,0,0.323218405,0,0
6.67,0,-0.311576396,0,0.324196547,0,0
6.675,0,-0.311576396,0,0.325174689,0,0
6.68,0,-0.311576396,0,0.326152772,0,0
6.685,0,-0.311576396,0,0.327130914,0,0
6.69,0,-0.311576396,0,0.328108996,0,0
6.695,0,-0.311576396,0,0.329087138,0,0
6.7,0,-0.311576396,0,0.330065221,0,0
6.705,0,-0.311576396,0,0.331043363,0,0
6.71,0,-0.311576396,0,0.332021445,0,0
6.715,0,-0.311576396,0,0.332999587,0,0
6.72,0,-0.311576396,0,0.333977669,0,0
6.725,0,-0.311576396,0,0.334955782,0,0
6.73,0,-0.311576396,0,0.335933894,0,0
6.735,0,-0.311576396,0,0.336912006,0,0
6.74,0,-0.311576396,0,0.337890118,0,0
6.745,0,-0.311576396,0,0.338868231,0,0
6.75,0,-0.311576396,0,0.339846313,0,0
6.755,0,-0.311576396,0,0.340824455,0,0
6.76,0,-0.311576396,0,0.341802537,0,0
6.765,0,-0.311576396,0,0.342780679,0,0
6.77,0,-0.311576396,0,0.343758762,0,0
6.775,0,-0.311576396,0,0.344736904,0,0
6.78,0,-0.311576396,0,0.345714986,0,0
6.785,0,-0.311576396,0,0.346693128,0,0
6.79,0,-0.311576396,0,0.347671211,0,0
6.795,0,-0.311576396,0,0.348649353,0,0
6.8,0,-0.311576396,0,0.349627495,0,0
6.805,0,-0.311576396,0,0.350605577,0,0
6.81,0,-0.311576396,0,0.351583719,0,0
6.815,0,-0.311576396,0,0.352561802,0,0
6.82,0,-0.311576396,0,0.353539944,0,0
6.825,0,-0.311576396,0,0.354518026,0,0
6.83,0,-0.311576396,0,0.355496168,0,0
6.835,0,-0.311576396,0,0.356474251,0,0
6.84,0,-0.311576396,0,0.357452393,0,0
6.845,0,-0.311576396,0,0.358430475,0,0
6.85,0,-0.311576396,0,0.359408587,0,0
6.855,0,-0.311576396,0,0.360386699,0,0
6.86,0,-0.311576396,0,0.361364812,0,0
6.865,0,-0.311576396,0,0.362342924,0,0
6.87,0,-0.311576396,0,0.363321036,0,0
6.875,0,-0.311576396,0,0.364299119,0,0
6.88,0,-0.311576396,0,0.365277261,0,0
6.885,0,-0.311576396,0,0.366255343,0,0
6.89,0,-0.311576396,0,0.367233485,0,0
6.895,0,-0.311576396,0,0.368211567,0,0
6.9,0,-0.311576396,0,0.369189709,0,0
6.905,0,-0.311576396,0,0.370167792,0,0
6.91,0,-0.311576396,0,0.371145934,0,0
6.915,0,-0.311576396,0,0.372124016,0,0
6.92,0,-0.311576396,0,0.373102158,0,0
6.925,0,-0.311576396,0,0.3740803,0,0
6.93,0,-0.311576396,0,0.375058383,0,0
6.935,0,-0.311576396,0,0.376036525,0,0
6.94,0,-0.311576396,0,0.377014607,0,0
6.945,0,-0.311576396,0,0.377992749,0,0
6.95,0,-0.311576396,0,0.378970832,0,0
6.955,0,-0.311576396,0,0.379948974,0,0
6.96,0,-0.311576396,0,0.380927056,0,0
6.965,0,-0.311576396,0,0.381905198,0,0
6.97,0,-0.311576396,0,0.382883281,0,0
6.975,0,-0.311576396,0,0.383861393,0,0
6.98,0,-0.311576396,0,0.384839505,0,0
6.985,0,-0.311576396,0,0.385817617,0,0
6.99,0,-0.311576396,0,0.386795729,0,0
6.995,0,-0.311576396,0,0.387773842,0,0
7,0,-0.311576396,0,0.388751924,0,0
7.005,0,-0.311576396,0,0.389730066,0,0
7.01,0,-0.311576396,0,0.390708148,0,0
7.015,0,-0.311576396,0,0.391686291,0,0
7.02,0,-0.311576396,0,0.392664373,0,0
7.025,0,-0.311576396,0,0.393642515,0,0
7.03,0,-0.311576396,0,0.394620597,0,0
7.035,0,-0.311576396,0,0.395598739,0,0
7.04,0,-0.311576396,0,0.396576822,0,0
7.045,0,-0.311576396,0,0.397554964,0,0
7.05,0,-0.311576396,0,0.398533106,0,0
7.055,0,-0.311576396,0,0.399511188,0,0
7.06,0,-0.311576396,0,0.40048933,0,0
7.065,0,-0.311576396,0,0.401467413,0,0
7.07,0,-0.311576396,0,0.402445555,0,0
7.075,0,-0.311576396,0,0.403423637,0,0
7.08,0,-0.311576396,0,0.404401779,0,0
7.085,0,-0.311576396,0,0.405379862,0,0
7.09,0,-0.311576396,0,0.406358004,0,0
7.095,0,-0.311576396,0,0.407336086,0,0
7.1,0,-0.311576396,0,0.408314198,0,0
7.105,0,-0.311576396,0,0.40929231,0,0
7.11,0,-0.311576396,0,0.410270423,0,0
7.115,0,-0.311576396,0,0.411248535,0,0
7.12,0,-0.311576396,0,0.412226647,0,0
7.125,0,-0.311576396,0,0.41320473,0,0
7.13,0,-0.311576396,0,0.414182872,0,0
7.135,0,-0.311576396,0,0.415160954,0,0
7.14,0,-0.311576396,0,0.416139096,0,0
7.145,0,-0.311576396,0,0.417117178,0,0
7.15,0,-0.311576396,0,0.41809532,0,0
7.155,0,-0.311576396,0,0.419073403,0,0
7.16,0,-0.311576396,0,0.420051545,0,0
7.165,0,-0.311576396,0,0.421029627,0,0
7.17,0,-0.311576396,0,0.422007769,0,0
7.175,0,-0.311576396,0,0.422985911,0,0
7.18,0,-0.311576396,0,0.423963994,0,0
7.185,0,-0.311576396,0,0.424942136,0,0
7.19,0,-0.311576396,0,0.425920218,0,0
7.195,0,-0.311576396,0,0.42689836,0,0
7.2,0,-0.311576396,0,0.427876443,0,0
7.205,0,-0.311576396,0,0.428854585,0,0
7.21,0,-0.311576396,0,0.429832667,0,0
7.215,0,-0.311576396,0,0.430810809,0,0
7.22,0,-0.311576396,0,0.431788892,0,0
7.225,0,-0.311576396,0,0.432767004,0,0
7.23,0,-0.311576396,0,0.433745116,0,0
7.235,0,-0.311576396,0,0.434723228,0,0
7.24,0,-0.311576396,0,0.43570134,0,0
7.245,0,-0.311576396,0,0.436679453,0,0
7.25,0,-0.311576396,0,0.437657535,0,0
7.255,0,-0.311576396,0,0.438635677,0,0
7.26,0,-0.311576396,0,0.43961376,0,0
7.265,0,-0.311576396,0,0.440591902,0,0
7.27,0,-0.311576396,0,0.441569984,0,0
7.275,0,-0.311576396,0,0.442548126,0,0
7.28,0,-0.311576396,0,0.443526208,0,0
7.285,0,-0.311576396,0,0.44450435,0,0
7.29,0,-0.311576396,0,0.445482433,0,0
7.295,0,-0.311576396,0,0.446460575,0,0
7.3,0,-0.311576396,0,0.447438717,0,0
7.305,0,-0.311576396,0,0.448416799,0,0
7.31,0,-0.311576396,0,0.449394941,0,0
7.315,0,-0.311576396,0,0.450373024,0,0
7.32,0,-0.311576396,0,0.451351166,0,0
7.325,0,-0.311576396,0,0.452329248,0,0
7.33,0,-0.311576396,0,0.45330739,0,0
7.335,0,-0.311576396,0,0.454285473,0,0
7.34,0,-0.311576396,0,0.455263615,0,0
7.345,0,-0.311576396,0,0.456241697,0,0
7.35,0,-0.311576396,0,0.457219809,0,0
7.355,0,-0.311576396,0,0.458197922,0,0
7.36,0,-0.311576396,0,0.459176034,0,0
7.365,0,-0.311576396,0,0.460154146,0,0
7.37,0,-0.311576396,0,0.461132258,0,0
7.375,0,-0.311576396,0,0.462110341,0,0
7.38,0,-0.311576396,0,0.463088483,0,0
7.385,0,-0.311576396,0,0.464066565,0,0
7.39,0,-0.311576396,0,0.465044707,0,0
7.395,0,-0.311576396,0,0.466022789,0,0
7.4,0,-0.311576396,0,0.467000932,0,0
7.405,0,-0.311576396,0,0.467979014,0,0
7.41,0,-0.311576396,0,0.468957156,0,0
7.415,0,-0.311576396,0,0.469935238,0,0
7.42,0,-0.311576396,0,0.47091338,0,0
7.425,0,-0.311576396,0,0.471891522,0,0
7.43,0,-0.311576396,0,0.472869664,0,0
7.435,0,-0.311576396,0,0.473847687,0,0
7.44,0,-0.311576396,0,0.474825829,0,0
7.445,0,-0.311576396,0,0.475803971,0,0
7.45,0,-0.311576396,0,0.476782084,0,0
7.455,0,-0.311576396,0,0.477760136,0,0
7.46,0,-0.311576396,0,0.478738278,0,0
7.465,0,-0.311576396,0,0.47971642,0,0
7.47,0,-0.311576396,0,0.480694532,0,0
7.475,0,-0.311576396,0,0.481672585,0,0
7.48,0,-0.311576396,0,0.482650727,0,0
7.485,0,-0.311576396,0,0.483628839,0,0
7.49,0,-0.311576396,0,0.484606981,0,0
7.495,0,-0.311576396,0,0.485585034,0,0
7.5,0,-0.311576396,0,0.486563146,0,0
7.505,0,-0.311576396,0,0.487541288,0,0
7.51,0,-0.311576396,0,0.48851943,0,0
7.515,0,-0.311576396,0,0.489497483,0,0
7.52,0,-0.311576396,0,0.490475595,0,0
7.525,0,-0.311576396,0,0.491453737,0,0
7.53,0,-0.311576396,0,0.492431879,0,0
7.535,0,-0.311576396,0,0.493409902,0,0
7.54,0,-0.311576396,0,0.494388044,0,0
7.545,0,-0.311576396,0,0.495366186,0,0
7.55,0,-0.311576396,0,0.496344328,0,0
7.555,0,-0.311576396,0,0.49732247,0,0
7.56,0,-0.311576396,0,0.498300493,0,0
7.565,0,-0.311576396,0,0.499278635,0,0
7.57,0,-0.311576396,0,0.500256777,0,0
7.575,0,-0.311576396,0,0.501234889,0,0
7.58,0,-0.311576396,0,0.502212942,0,0
7.585,0,-0.311576396,0,0.503191054,0,0
7.59,0,-0.311576396,0,0.504169226,0,0
7.595,0,-0.311576396,0,0.505147338,0,0
7.6,0,-0.311576396,0,0.506125391,0,0
7.605,0,-0.311576396,0,0.507103503,0,0
7.61,0,-0.311576396,0,0.508081675,0,0
7.615,0,-0.311576396,0,0.509059787,0,0
7.62,0,-0.311576396,0,0.510037839,0,0
7.625,0,-0.311576396,0,0.511015952,0,0
7.63,0,-0.311576396,0,0.511994123,0,0
7.635,0,-0.311576396,0,0.512972236,0,0
7.64,0,-0.311576396,0,0.513950288,0,0
7.645,0,-0.311576396,0,0.514928401,0,0
7.65,0,-0.311576396,0,0.515906572,0,0
7.655,0,-0.311576396,0,0.516884685,0,0
7.66,0,-0.311576396,0,0.517862737,0,0
7.665,0,-0.311576396,0,0.518840849,0,0
7.67,0,-0.311576396,0,0.519819021,0,0
7.675,0,-0.311576396,0,0.520797133,0,0
7.68,0,-0.311576396,0,0.521775246,0,0
7.685,0,-0.311576396,0,0.522753298,0,0
7.69,0,-0.311576396,0,0.523731411,0,0
7.695,0,-0.311576396,0,0.524709582,0,0
7.7,0,-0.311576396,0,0.525687695,0,0
7.705,0,-0.311576396,0,0.526665747,0,0
7.71,0,-0.311576396,0,0.527643859,0,0
7.715,0,-0.311576396,0,0.528622031,0,0
7.72,0,-0.311576396,0,0.529600143,0,0
7.725,0,-0.311576396,0,0.530578196,0,0
7.73,0,-0.311576396,0,0.531556308,0,0
7.735,0,-0.311576396,0,0.53253448,0,0
7.74,0,-0.311576396,0,0.533512592,0,0
7.745,0,-0.311576396,0,0.534490645,0,0
7.75,0,-0.311576396,0,0.535468757,0,0
7.755,0,-0.311576396,0,0.536446929,0,0
7.76,0,-0.311576396,0,0.537425041,0,0
7.765,0,-0.311576396,0,0.538403094,0,0
7.77,0,-0.311576396,0,0.539381206,0,0
7.775,0,-0.311576396,0,0.540359378,0,0
7.78,0,-0.311576396,0,0.54133749,0,0
7.785,0,-0.311576396,0,0.542315543,0,0
7.79,0,-0.311576396,0,0.543293655,0,0
7.795,0,-0.311576396,0,0.544271827,0,0
7.8,0,-0.311576396,0,0.545249939,0,0
7.805,0,-0.311576396,0,0.546228051,0,0
7.81,0,-0.311576396,0,0.547206104,0,0
7.815,0,-0.311576396,0,0.548184216,0,0
7.82,0,-0.311576396,0,0.549162388,0,0
7.825,0,-0.311576396,0,0.5501405,0,0
7.83,0,-0.311576396,0,0.551118553,0,0
7.835,0,-0.311576396,0,0.552096665,0,0
7.84,0,-0.311576396,0,0.553074837,0,0
7.845,0,-0.311576396,0,0.554052949,0,0
7.85,0,-0.311576396,0,0.555031002,0,0
7.855,0,-0.311576396,0,0.556009114,0,0
7.86,0,-0.311576396,0,0.556987286,0,0
7.865,0,-0.311576396,0,0.557965398,0,0
7.87,0,-0.311576396,0,0.55894345,0,0
7.875,0,-0.311576396,0,0.559921563,0,0
7.88,0,-0.311576396,0,0.560899734,0,0
7.885,0,-0.311576396,0,0.561877847,0,0
7.89,0,-0.311576396,0,0.562855899,0,0
7.895,0,-0.311576396,0,0.563834012,0,0
7.9,0,-0.311576396,0,0.564812183,0,0
7.905,0,-0.311576396,0,0.565790296,0,0
7.91,0,-0.311576396,0,0.566768348,0,0
7.915,0,-0.311576396,0,0.56774646,0,0
7.92,0,-0.311576396,0,0.568724632,0,0
7.925,0,-0.311576396,0,0.569702744,0,0
7.93,0,-0.311576396,0,0.570680857,0,0
7.935,0,-0.311576396,0,0.571658909,0,0
7.94,0,-0.311576396,0,0.572637022,0,0
7.945,0,-0.311576396,0,0.573615193,0,0
7.95,0,-0.311576396,0,0.574593306,0,0
7.955,0,-0.311576396,0,0.575571358,0,0
7.96,0,-0.311576396,0,0.57654947,0,0
7.965,0,-0.311576396,0,0.577527642,0,0
7.97,0,-0.311576396,0,0.578505754,0,0
7.975,0,-0.311576396,0,0.579483807,0,0
7.98,0,-0.311576396,0,0.580461919,0,0
7.985,0,-0.311576396,0,0.581440091,0,0
7.99,0,-0.311576396,0,0.582418203,0,0
7.995,0,-0.311576396,0,0.583396256,0,0
8,0,-0.311576396,0,0.584374368,0,0
8.005,0,-0.311576396,0,0.58535254,0,0
8.01,0,-0.311576396,0,0.586330652,0,0
8.015,0,-0.311576396,0,0.587308705,0,0
8.02,0,-0.311576396,0,0.588286817,0,0
8.025,0,-0.311576396,0,0.589264989,0,0
8.03,0,-0.311576396,0,0.590047479,0,0
8.035,0,-0.311576396,0,0.591221154,0,0
8.04,0,-0.311576396,0,0.592199266,0,0
8.045,0,-0.311576396,0,0.593177438,0,0
8.05,0,-0.311576396,0,0.59415555,0,0
8.055,0,-0.311576396,0,0.595133662,0,0
8.06,0,-0.311576396,0,0.596111715,0,0
8.065,0,-0.311576396,0,0.596894264,0,0
8.07,0,-0.311576396,0,0.598067999,0,0
8.075,0,-0.311576396,0,0.598850429,0,0
8.08,0,-0.311576396,0,0.600024164,0,0
8.085,0,-0.311576396,0,0.601002276,0,0
8.09,0,-0.311576396,0,0.601980448,0,0
8.095,0,-0.311576396,0,0.60295856,0,0
8.1,0,-0.311576396,0,0.603936613,0,0
8.105,0,-0.311576396,0,0.604914725,0,0
8.11,0,-0.311576396,0,0.605697274,0,0
8.115,0,-0.311576396,0,0.606871009,0,0
8.12,0,-0.311576396,0,0.607849061,0,0
8.125,0,-0.311576396,0,0.608827174,0,0
8.13,0,-0.311576396,0,0.609805346,0,0
8.135,0,-0.311576396,0,0.610783458,0,0
8.14,-0.223193586,-0.311576396,-0.223193586,0.61176151,-0.223193586,-0.223193586
8.145,-0.223193586,-0.311576396,-0.223193586,0.612739623,0,-0.223193586
8.15,-0.218958229,-0.311576396,-0.218958229,0.613717794,-0.218958229,-0.218958229
8.155,-0.223181888,-0.311576396,-0.223181888,0.614500284,-0.223181888,-0.223181888
8.16,-0.223181888,-0.311576396,-0.22951737,0.615673959,-0.22951737,-0.22951737
8.165,-0.223181888,-0.311576396,-0.234796956,0.616652071,-0.234796956,-0.234796956
8.17,-0.223181888,-0.311576396,-0.240076527,0.617630243,-0.240076527,-0.240076527
8.175,-0.223181888,-0.311576396,-0.245356098,0.618608356,-0.245356098,-0.245356098
8.18,-0.219383061,-0.311576396,-0.219383061,0.619586468,-0.219383061,-0.219383061
8.185,-0.219383061,-0.311576396,-0.218652517,0.62056452,-0.218652517,-0.218652517
8.19,-0.219383061,-0.311576396,-0.218068078,0.62134707,-0.218068078,-0.218068078
8.195,-0.219383061,-0.311576396,-0.217191428,0.622520804,-0.217191428,-0.217191428
8.2,-0.220622033,-0.311576396,-0.220622033,0.623498917,-0.220622033,-0.220622033
8.205,-0.220622033,-0.311576396,-0.220931768,0.624476969,-0.220931768,-0.220931768
8.21,-0.220622033,-0.311576396,-0.221241519,0.625455081,-0.221241519,-0.221241519
8.215,-0.220622033,-0.311576396,-0.221551254,0.626433253,-0.221551254,-0.221551254
8.22,-0.222359076,-0.311576396,-0.222359076,0.627411366,-0.222359076,-0.222359076
8.225,-0.221308649,-0.311576396,-0.221308649,0.628389418,-0.221308649,-0.221308649
8.23,-0.22221826,-0.311576396,-0.22221826,0.62936753,-0.22221826,-0.22221826
8.235,-0.22221826,-0.311576396,-0.223127872,0.630345702,-0.223127872,-0.223127872
8.24,-0.216751799,-0.311576396,-0.216751799,0.631323814,-0.216751799,-0.216751799
8.245,-0.217127934,-0.311576396,-0.217127934,0.632301867,-0.217127934,-0.217127934
8.25,-0.217127934,-0.311576396,-0.217504069,0.633279979,-0.217504069,-0.217504069
8.255,-0.217127934,-0.311576396,-0.217880204,0.634258151,-0.217880204,-0.217880204
8.26,-0.215898037,-0.311576396,-0.215898037,0.635236263,-0.215898037,-0.215898037
8.265,-0.223291278,-0.311576396,-0.223291278,0.636214316,-0.223291278,-0.223291278
8.27,-0.223291278,-0.311576396,-0.230684519,0.637192428,-0.230684519,-0.230684519
8.275,-0.223291278,-0.311576396,-0.23807776,0.6381706,-0.23807776,-0.23807776
8.28,-0.217340082,-0.311576396,-0.217340082,0.639148712,-0.217340082,-0.217340082
8.285,-0.217678979,-0.311576396,-0.217678979,0.640126765,-0.217678979,-0.217678979
8.29,-0.217678979,-0.311576396,-0.218017876,0.641104877,-0.218017876,-0.218017876
8.295,-0.217678979,-0.311576396,-0.218356773,0.642083049,-0.218356773,-0.218356773
8.3,-0.214364886,-0.311576396,-0.214364886,0.643061161,-0.214364886,-0.214364886
8.305,-0.215444013,-0.311576396,-0.215444013,0.644039273,-0.215444013,-0.215444013
8.31,-0.215444013,-0.311576396,-0.216523141,0.645017326,-0.216523141,-0.216523141
8.315,-0.215444013,-0.311576396,-0.217602268,0.645995438,-0.217602268,-0.217602268
8.32,-0.215444013,-0.311576396,-0.218681395,0.64697361,-0.218681395,-0.218681395
8.325,-0.215444013,-0.311576396,-0.219760522,0.647951722,-0.219760522,-0.219760522
8.33,-0.215373203,-0.311576396,-0.215373203,0.648929775,-0.215373203,-0.215373203
8.335,-0.215997294,-0.311576396,-0.215997294,0.649907887,-0.215997294,-0.215997294
8.34,-0.21849981,-0.311576396,-0.21849981,0.650886059,-0.21849981,-0.21849981
8.345,-0.216476202,-0.311576396,-0.216476202,0.651864171,-0.216476202,-0.216476202
8.35,-0.216476202,-0.311576396,-0.214452595,0.652842224,-0.214452595,-0.214452595
8.355,-0.216476202,-0.311576396,-0.212428987,0.653820336,-0.212428987,-0.212428987
8.36,-0.216476202,-0.311576396,-0.21040538,0.654798508,-0.21040538,-0.21040538
8.365,-0.216476202,-0.311576396,-0.208381772,0.65577662,-0.208381772,-0.208381772
8.37,-0.216733649,-0.311576396,-0.216733649,0.656754673,-0.216733649,-0.216733649
8.375,-0.216662765,-0.311576396,-0.216662765,0.657732785,-0.216662765,-0.216662765
8.38,-0.216998503,-0.311576396,-0.216998503,0.658710957,-0.216998503,-0.216998503
8.385,-0.216998503,-0.311576396,-0.217334241,0.659689069,-0.217334241,-0.217334241
8.39,-0.219215095,-0.311576396,-0.219215095,0.660667121,-0.219215095,-0.219215095
8.395,-0.217917129,-0.311576396,-0.217917129,0.661645234,-0.217917129,-0.217917129
8.4,-0.217917129,-0.311576396,-0.216619164,0.662623405,-0.216619164,-0.216619164
8.405,-0.217917129,-0.311576396,-0.215321198,0.663601518,-0.215321198,-0.215321198
8.41,-0.22547771,-0.311576396,-0.22547771,0.66457957,-0.22547771,-0.22547771
8.415,-0.2236664,-0.311576396,-0.2236664,0.665557683,-0.2236664,-0.2236664
8.42,-0.2236664,-0.311576396,-0.221855089,0.666535854,-0.221855089,-0.221855089
8.425,-0.2236664,-0.311576396,-0.220043778,0.667513967,-0.220043778,-0.220043778
8.43,-0.217714071,-0.311576396,-0.217714071,0.668492079,-0.217714071,-0.217714071
8.435,-0.21774821,-0.311576396,-0.21774821,0.669470131,-0.21774821,-0.21774821
8.44,-0.21774821,-0.311576396,-0.217782348,0.670448244,-0.217782348,-0.217782348
8.445,-0.21774821,-0.311576396,-0.217816487,0.671426415,-0.217816487,-0.217816487
8.45,-0.224274784,-0.311576396,-0.224274784,0.672404528,-0.224274784,-0.224274784
8.455,-0.224249899,-0.311576396,-0.224249899,0.67338258,-0.224249899,-0.224249899
8.46,-0.224249899,-0.311576396,-0.224225014,0.674360693,-0.224225014,-0.224225014
8.465,-0.224249899,-0.311576396,-0.22420013,0.675338864,-0.22420013,-0.22420013
8.47,-0.226860926,-0.311576396,-0.226860926,0.676316977,-0.226860926,-0.226860926
8.475,-0.223804876,-0.311576396,-0.223804876,0.677295029,-0.223804876,-0.223804876
8.48,-0.223804876,-0.311576396,-0.220748827,0.678273141,-0.220748827,-0.220748827
8.485,-0.223804876,-0.311576396,-0.217692778,0.679251313,-0.217692778,-0.217692778
8.49,-0.228372544,-0.311576396,-0.228372544,0.680229425,-0.228372544,-0.228372544
8.495,-0.228621066,-0.311576396,-0.228621066,0.681207478,-0.228621066,-0.228621066
8.5,-0.228621066,-0.311576396,-0.228869587,0.68218559,-0.228869587,-0.228869587
8.505,-0.228621066,-0.311576396,-0.229118109,0.683163762,-0.229118109,-0.229118109
8.51,-0.224114344,-0.311576396,-0.224114344,0.684141874,-0.224114344,-0.224114344
8.515,-0.222798914,-0.311576396,-0.222798914,0.685119927,-0.222798914,-0.222798914
8.52,-0.222798914,-0.311576396,-0.221483484,0.686098039,-0.221483484,-0.221483484
8.525,-0.222798914,-0.311576396,-0.220168054,0.687076211,-0.220168054,-0.220168054
8.53,-0.221949875,-0.311576396,-0.221949875,0.688054323,-0.221949875,-0.221949875
8.535,-0.222273394,-0.311576396,-0.222273394,0.689032376,-0.222273394,-0.222273394
8.54,-0.222273394,-0.311576396,-0.222596914,0.690010488,-0.222596914,-0.222596914
8.545,-0.222273394,-0.311576396,-0.222920433,0.69098866,-0.222920433,-0.222920433
8.55,-0.218297422,-0.311576396,-0.218297422,0.691966772,-0.218297422,-0.218297422
8.555,-0.218178347,-0.311576396,-0.218178347,0.692944884,-0.218178347,-0.218178347
8.56,-0.218178347,-0.311576396,-0.218059272,0.693922937,-0.218059272,-0.218059272
8.565,-0.218178347,-0.311576396,-0.217940196,0.694901049,-0.217940196,-0.217940196
8.57,-0.222611889,-0.311576396,-0.222611889,0.695879221,-0.222611889,-0.222611889
8.575,-0.222760975,-0.311576396,-0.222760975,0.696857333,-0.222760975,-0.222760975
8.58,-0.222760975,-0.311576396,-0.222910061,0.697835386,-0.222910061,-0.222910061
8.585,-0.222760975,-0.311576396,-0.223059148,0.698813498,-0.223059148,-0.223059148
8.59,-0.222679168,-0.311576396,-0.222679168,0.69979167,-0.222679168,-0.222679168
8.595,-0.222827435,-0.311576396,-0.222827435,0.700769782,-0.222827435,-0.222827435
8.6,-0.222827435,-0.311576396,-0.222975701,0.701747835,-0.222975701,-0.222975701
8.605,-0.222827435,-0.311576396,-0.223123968,0.702725947,-0.223123968,-0.223123968
8.61,-0.216424003,-0.311576396,-0.216424003,0.703704119,-0.216424003,-0.216424003
8.615,-0.216339245,-0.311576396,-0.216339245,0.704682231,-0.216339245,-0.216339245
8.62,-0.216339245,-0.311576396,-0.216254488,0.705660284,-0.216254488,-0.216254488
8.625,-0.216339245,-0.311576396,-0.21616973,0.706638396,-0.216169715,-0.216169715
8.63,-0.21542275,-0.311576396,-0.21542275,0.707616568,-0.21542275,-0.21542275
8.635,-0.222282037,-0.311576396,-0.222282037,0.70859468,-0.222282037,-0.222282037
8.64,-0.222282037,-0.311576396,-0.229141325,0.709572732,-0.229141325,-0.229141325
8.645,-0.222282037,-0.311576396,-0.236000612,0.710550845,-0.236000612,-0.236000612
8.65,-0.22232613,-0.311576396,-0.22232613,0.711529016,-0.22232613,-0.22232613
8.655,-0.215588853,-0.311576396,-0.215588853,0.712507129,-0.215588853,-0.215588853
8.66,-0.215588853,-0.311576396,-0.208851576,0.713485181,-0.208851576,-0.208851576
8.665,-0.215588853,-0.311576396,-0.202114299,0.714463294,-0.202114299,-0.202114299
8.67,-0.215940475,-0.311576396,-0.215940475,0.715441465,-0.215940475,-0.215940475
8.675,-0.216480762,-0.311576396,-0.216480762,0.716419578,-0.216480762,-0.216480762
8.68,-0.216480762,-0.311576396,-0.217021048,0.71739769,-0.217021048,-0.217021048
8.685,-0.216480762,-0.311576396,-0.217561334,0.718375742,-0.217561334,-0.217561334
8.69,-0.217207924,-0.311576396,-0.217207924,0.719353855,-0.217207924,-0.217207924
8.695,-0.216789588,-0.311576396,-0.216789588,0.720332026,-0.216789588,-0.216789588
8.7,-0.216422483,-0.311576396,-0.216422483,0.721310139,-0.216422483,-0.216422483
8.705,-0.216422483,-0.311576396,-0.216055378,0.722288191,-0.216055378,-0.216055378
8.71,-0.216091335,-0.311576396,-0.216091335,0.723266304,-0.216091335,-0.216091335
8.715,-0.216091335,-0.311576396,-0.215925768,0.724244475,-0.215925768,-0.215925768
8.72,-0.216091335,-0.311576396,-0.215760186,0.725222588,-0.215760186,-0.215760186
8.725,-0.216091335,-0.311576396,-0.21559462,0.72620064,-0.21559462,-0.21559462
8.73,-0.216091335,-0.311576396,-0.215429038,0.727178752,-0.215429038,-0.215429038
8.735,-0.216091335,-0.311576396,-0.215263456,0.728156924,-0.215263456,-0.215263456
8.74,-0.217174858,-0.311576396,-0.217174858,0.729135036,0,0
8.745,-0.219624698,-0.311576396,-0.219624698,0.730113089,0,0
8.75,-0.217901722,-0.311576396,-0.217901722,0.731091201,0,0
8.755,-0.217752308,-0.311576396,-0.217752308,0.732069373,0,0
8.76,-0.215772524,-0.311576396,-0.215772524,0.733047485,0,0
8.765,-0.215772524,-0.311576396,-0.213792741,0.734025538,0,0
8.77,-0.215772524,-0.311576396,-0.211812958,0.73500365,0,0
8.775,-0.215772524,-0.311576396,-0.209833175,0.735981822,0,0
8.78,-0.220592186,-0.311576396,-0.220592186,0.736959934,0,0
8.785,-0.220240086,-0.311576396,-0.220240086,0.737937987,0,0
8.79,-0.220240086,-0.311576396,-0.219887987,0.738916099,0,0
8.795,-0.220240086,-0.311576396,-0.219535887,0.739894271,0,0
8.8,-0.217465684,-0.311576396,-0.217465684,0.740872383,0,0
8.805,-0.216716036,-0.311576396,-0.216716036,0.741850495,0,0
8.81,-0.216716036,-0.311576396,-0.215966389,0.742828548,0,0
8.815,-0.216716036,-0.311576396,-0.215216741,0.74380666,0,0
8.82,-0.219990149,-0.311576396,-0.219990149,0.744784832,0,0
8.825,-0.220323443,-0.311576396,-0.220323443,0.745762944,0,0
8.83,-0.220323443,-0.311576396,-0.220656738,0.746740997,0,0
8.835,-0.220323443,-0.311576396,-0.220990032,0.747719109,0,0
8.84,-0.220943019,-0.311576396,-0.220943019,0.748697281,0,0
8.845,-0.220165849,-0.311576396,-0.220165849,0.749675393,0,0
8.85,-0.220165849,-0.311576396,-0.219388679,0.750653446,0,0
8.855,-0.220165849,-0.311576396,-0.218611509,0.751631558,0,0
8.86,-0.21931231,-0.311576396,-0.21931231,0.75260973,0,0
8.865,-0.217554674,-0.311576396,-0.217554674,0.753587842,0,0
8.87,-0.217554674,-0.311576396,-0.215797037,0.754565895,0,0
8.875,-0.217554674,-0.311576396,-0.2140394,0.755544007,0,0
8.88,-0.218092307,-0.311576396,-0.218092307,0.756522179,0,0
8.885,-0.219900206,-0.311576396,-0.219900206,0.757500291,0,0
8.89,-0.219900206,-0.311576396,-0.221708104,0.758478343,0,0
8.895,-0.219900206,-0.311576396,-0.223516002,0.759456456,0,0
8.9,-0.221760139,-0.311576396,-0.221760139,0.760434628,0,0
8.905,-0.221526638,-0.311576396,-0.221526638,0.76141274,0,0
8.91,-0.221526638,-0.311576396,-0.221293136,0.762390792,0,0
8.915,-0.221526638,-0.311576396,-0.221059635,0.763368905,0,0
8.92,-0.22318767,-0.311576396,-0.22318767,0.764347076,0,0
8.925,-0.217363015,-0.311576396,-0.217363015,0.765325189,0,0
8.93,-0.217363015,-0.311576396,-0.21153836,0.766303301,0,0
8.935,-0.217363015,-0.311576396,-0.205713704,0.767281353,0,0
8.94,-0.218314007,-0.311576396,-0.218314007,0.768259466,0,0
8.945,-0.219144583,-0.311576396,-0.219144583,0.769237638,0,0
8.95,-0.219144583,-0.311576396,-0.219975159,0.77021575,0,0
8.955,-0.219144583,-0.311576396,-0.220805734,0.771193802,0,0
8.96,-0.217818111,-0.311576396,-0.217818111,0.772171915,0,0
8.965,-0.218134001,-0.311576396,-0.218134001,0.773150086,0,0
8.97,-0.218134001,-0.311576396,-0.218449891,0.774128199,0,0
8.975,-0.218134001,-0.311576396,-0.21876578,0.775106251,0,0
8.98,-0.222061977,-0.311576396,-0.222061977,0.776084363,0,0
8.985,-0.222036988,-0.311576396,-0.222036988,0.777062535,0,0
8.99,-0.222036988,-0.311576396,-0.222011998,0.778040648,0,0
8.995,-0.222036988,-0.311576396,-0.221987009,0.7790187,0,0
9,-0.217553541,-0.311576396,-0.217553541,0.779996812,0,0
9.005,-0.218682915,-0.311576396,-0.218682915,0.780974984,0,0
9.01,-0.193259627,-0.311576396,-0.193259627,0.781953096,0,0
9.015,-0.193259627,-0.311576396,-0.167836338,0.782931149,0,0
9.02,-0.219837755,-0.311576396,-0.219837755,0.783909261,0,0
9.025,-0.219837755,-0.311576396,-0.233126819,0.784887433,0,0
9.03,-0.219837755,-0.311576396,-0.246415883,0.785865545,0,0
9.035,-0.219837755,-0.311576396,-0.259704947,0.786843598,0,0
9.04,-0.222244129,-0.311576396,-0.222244129,0.78782171,-0.222244129,-0.222244129
9.045,-0.221479177,-0.311576396,-0.221479177,0.788799882,-0.221479177,-0.221479177
9.05,-0.221479177,-0.311576396,-0.220714226,0.789777994,-0.220714226,-0.220714226
9.055,-0.221479177,-0.311576396,-0.219949275,0.790756106,-0.219949275,-0.219949275
9.06,-0.219425514,-0.311576396,-0.219425514,0.791734159,-0.219425514,-0.219425514
9.065,-0.219510689,-0.311576396,-0.219510689,0.792712271,-0.219510689,-0.219510689
9.07,-0.222693324,-0.311576396,-0.222693324,0.793690443,-0.222693324,-0.222693324
9.075,-0.222693324,-0.311576396,-0.225875959,0.794668555,-0.225875959,-0.225875959
9.08,-0.219836414,-0.311576396,-0.219836414,0.795646608,-0.219836414,-0.219836414
9.085,-0.221858189,-0.311576396,-0.221858189,0.79662472,-0.221858189,-0.221858189
9.09,-0.221858189,-0.311576396,-0.223879963,0.797602892,-0.223879963,-0.223879963
9.095,-0.221858189,-0.311576396,-0.225901738,0.798581004,-0.225901738,-0.225901738
9.1,-0.217246741,-0.311576396,-0.217246741,0.799559057,-0.217246741,-0.217246741
9.105,-0.219822451,-0.311576396,-0.219822451,0.800537169,-0.219822451,-0.219822451
9.11,-0.219822451,-0.311576396,-0.222398162,0.801515341,-0.222398162,-0.222398162
9.115,-0.219822451,-0.311576396,-0.224973872,0.802493453,-0.224973872,-0.224973872
9.12,-0.219822451,-0.311576396,-0.227549583,0.803471506,-0.227549583,-0.227549583
9.125,-0.220170707,-0.311576396,-0.220170707,0.804449618,-0.220170707,-0.220170707
9.13,-0.192639589,-0.311576396,-0.192639589,0.80542779,-0.192639589,-0.192639589
9.135,-0.192639589,-0.311576396,-0.165108472,0.806405902,-0.165108472,-0.165108472
9.14,-0.192639589,-0.311576396,-0.137577355,0.807383955,-0.137577355,-0.137577355
9.145,-0.192639589,-0.311576396,-0.110046238,0.808362067,-0.110046238,-0.110046238
9.15,-0.221933171,-0.311576396,-0.221933171,0.809340239,0,-0.110046238
9.155,-0.218948171,-0.311576396,-0.218948171,0.810318351,0,-0.110046238
9.16,-0.218948171,-0.311576396,-0.21596317,0.811296403,0,-0.110046238
9.165,-0.218948171,-0.311576396,-0.212978169,0.812274516,0,-0.110046238
9.17,-0.222332314,-0.311576396,-0.222332314,0.813252687,0,-0.110046238
9.175,-0.218194157,-0.311576396,-0.218194157,0.8142308,0,-0.110046238
9.18,-0.218194157,-0.311576396,-0.214056,0.815208912,0,-0.110046238
9.185,-0.218194157,-0.311576396,-0.209917843,0.816186965,0,-0.110046238
9.19,-0.220237985,-0.311576396,-0.220237985,0.817165077,0,-0.110046238
9.195,-0.193264201,-0.311576396,-0.193264201,0.818143249,0,-0.110046238
9.2,-0.193264201,-0.311576396,-0.166290417,0.819121361,-0.166290417,-0.166290417
9.205,-0.193264201,-0.311576396,-0.139316633,0.820099413,-0.139316633,-0.139316633
9.21,-0.222153917,-0.311576396,-0.222153917,0.821077526,0,-0.139316633
9.215,-0.217255369,-0.311576396,-0.217255369,0.822055697,0,-0.139316633
9.22,-0.217255369,-0.311576396,-0.212356821,0.82303381,0,-0.139316633
9.225,-0.217255369,-0.311576396,-0.207458273,0.824011862,0,-0.139316633
9.23,-0.217433766,-0.311576396,-0.217433766,0.824989974,0,-0.139316633
9.235,-0.223178908,-0.311576396,-0.223178908,0.825968146,0,-0.139316633
9.24,-0.223178908,-0.311576396,-0.228924051,0.826946259,0,-0.139316633
9.245,-0.223178908,-0.311576396,-0.234669194,0.827924311,0,-0.139316633
9.25,-0.219005302,-0.311576396,-0.219005302,0.828902423,0,-0.139316633
9.255,-0.222657278,-0.311576396,-0.222657278,0.829880595,0,-0.139316633
9.26,-0.222657278,-0.311576396,-0.226309255,0.830858707,0,-0.139316633
9.265,-0.222657278,-0.311576396,-0.229961231,0.83183676,0,-0.139316633
9.27,-0.217127562,-0.311576396,-0.217127562,0.832814872,0,-0.139316633
9.275,-0.217526212,-0.311576396,-0.217526212,0.833793044,0,-0.139316633
9.28,-0.217526212,-0.311576396,-0.217924863,0.834771156,0,-0.139316633
9.285,-0.217526212,-0.311576396,-0.218323514,0.835749209,-0.218323514,-0.218323514
9.29,-0.218582198,-0.311576396,-0.218582198,0.836727321,-0.218582198,-0.218582198
9.295,-0.21792233,-0.311576396,-0.21792233,0.837705493,-0.21792233,-0.21792233
9.3,-0.21792233,-0.311576396,-0.217262462,0.838683605,-0.217262462,-0.217262462
9.305,-0.21792233,-0.311576396,-0.216602594,0.839661717,-0.216602594,-0.216602594
9.31,-0.22187601,-0.311576396,-0.22187601,0.84063977,-0.22187601,-0.22187601
9.315,-0.2221746,-0.311576396,-0.2221746,0.841617882,-0.2221746,-0.2221746
9.32,-0.2221746,-0.311576396,-0.222473189,0.842596054,-0.222473189,-0.222473189
9.325,-0.2221746,-0.311576396,-0.222771779,0.843574166,-0.222771779,-0.222771779
9.33,-0.217223361,-0.311576396,-0.217223361,0.844552219,-0.217223361,-0.217223361
9.335,-0.216766357,-0.311576396,-0.216766357,0.845530331,-0.216766357,-0.216766357
9.34,-0.216766357,-0.311576396,-0.216309354,0.846508503,-0.216309354,-0.216309354
9.345,-0.216766357,-0.311576396,-0.21585235,0.847486615,-0.21585235,-0.21585235
9.35,-0.217574954,-0.311576396,-0.217574954,0.848464668,-0.217574954,-0.217574954
9.355,-0.217782199,-0.311576396,-0.217782199,0.84944278,-0.217782199,-0.217782199
9.36,-0.217782199,-0.311576396,-0.217989445,0.850420952,-0.217989445,-0.217989445
9.365,-0.217782199,-0.311576396,-0.21819669,0.851399064,-0.21819669,-0.21819669
9.37,-0.217459559,-0.311576396,-0.217459559,0.852377117,-0.217459559,-0.217459559
9.375,-0.218570948,-0.311576396,-0.218570948,0.853355229,-0.218570948,-0.218570948
9.38,-0.218570948,-0.311576396,-0.219682336,0.854333401,-0.219682336,-0.219682336
9.385,-0.218570948,-0.311576396,-0.220793724,0.855311513,-0.220793724,-0.220793724
9.39,-0.217039183,-0.311576396,-0.217039183,0.856289566,-0.217039183,-0.217039183
9.395,-0.217526659,-0.311576396,-0.217526659,0.857267678,-0.217526659,-0.217526659
9.4,-0.217526659,-0.311576396,-0.218014136,0.85824585,-0.218014136,-0.218014136
9.405,-0.217526659,-0.311576396,-0.218501613,0.859223962,-0.218501613,-0.218501613
9.41,-0.217829138,-0.311576396,-0.217829138,0.860202014,-0.217829138,-0.217829138
9.415,-0.217322171,-0.311576396,-0.217322171,0.861180127,-0.217322171,-0.217322171
9.42,-0.218093336,-0.311576396,-0.218093336,0.862158298,-0.218093336,-0.218093336
9.425,-0.218093336,-0.311576396,-0.218864501,0.863136411,-0.218864501,-0.218864501
9.43,-0.217354715,-0.311576396,-0.217354715,0.864114523,-0.217354715,-0.217354715
9.435,-0.217645213,-0.311576396,-0.217645213,0.865092576,-0.217645213,-0.217645213
9.44,-0.217645213,-0.311576396,-0.217935711,0.866070688,-0.217935711,-0.217935711
9.445,-0.217645213,-0.311576396,-0.218226209,0.86704886,-0.218226209,-0.218226209
9.45,-0.217194244,-0.311576396,-0.217194244,0.868026972,-0.217194244,-0.217194244
9.455,-0.218103632,-0.311576396,-0.218103632,0.869005024,-0.218103632,-0.218103632
9.46,-0.218103632,-0.311576396,-0.21901302,0.869983137,-0.21901302,-0.21901302
9.465,-0.218103632,-0.311576396,-0.219922408,0.870961308,-0.219922408,-0.219922408
9.47,-0.217348263,-0.311576396,-0.217348263,0.871939421,-0.217348263,-0.217348263
9.475,-0.217426986,-0.311576396,-0.217426986,0.872917473,-0.217426986,-0.217426986
9.48,-0.217426986,-0.311576396,-0.217505708,0.873895586,-0.217505708,-0.217505708
9.485,-0.217426986,-0.311576396,-0.217584431,0.874873757,-0.217584431,-0.217584431
9.49,-0.21797733,-0.311576396,-0.21797733,0.87585187,-0.21797733,-0.21797733
9.495,-0.217486516,-0.311576396,-0.217486516,0.876829922,-0.217486516,-0.217486516
9.5,-0.217486516,-0.311576396,-0.216995701,0.877808034,-0.216995701,-0.216995701
9.505,-0.217486516,-0.311576396,-0.216504887,0.878786206,-0.216504887,-0.216504887
9.51,-0.217808828,-0.311576396,-0.217808828,0.879764318,-0.217808828,-0.217808828
9.515,-0.217757866,-0.311576396,-0.217757866,0.880742371,-0.217757866,-0.217757866
9.52,-0.217757866,-0.311576396,-0.217706904,0.881720483,-0.217706904,-0.217706904
9.525,-0.217757866,-0.311576396,-0.217655942,0.882698655,-0.217655942,-0.217655942
9.53,-0.217757866,-0.311576396,-0.21760498,0.883676767,-0.21760498,-0.21760498
9.535,-0.217757866,-0.311576396,-0.217554018,0.88465482,-0.217554018,-0.217554018
9.54,-0.217060462,-0.311576396,-0.217060462,0.885632932,-0.217060462,-0.217060462
9.545,-0.217979178,-0.311576396,-0.217979178,0.886611104,-0.217979178,-0.217979178
9.55,-0.217768043,-0.311576396,-0.217768043,0.887589216,-0.217768043,-0.217768043
9.555,-0.216702878,-0.311576396,-0.216702878,0.888567328,-0.216702878,-0.216702878
9.56,-0.216702878,-0.311576396,-0.215637714,0.889545381,-0.215637714,-0.215637714
9.565,-0.216702878,-0.311576396,-0.214572549,0.890523493,-0.214572549,-0.214572549
9.57,-0.216702878,-0.311576396,-0.213507384,0.891501665,-0.213507384,-0.213507384
9.575,-0.216702878,-0.311576396,-0.212442219,0.892479777,-0.212442219,-0.212442219
9.58,-0.217394203,-0.311576396,-0.217394203,0.89345783,-0.217394203,-0.217394203
9.585,-0.218117014,-0.311576396,-0.218117014,0.894435942,-0.218117014,-0.218117014
9.59,-0.218117014,-0.311576396,-0.218839824,0.895414114,-0.218839824,-0.218839824
9.595,-0.218117014,-0.311576396,-0.219562635,0.896392226,-0.219562635,-0.219562635
9.6,-0.21765396,-0.311576396,-0.21765396,0.897370279,-0.21765396,-0.21765396
9.605,-0.217803702,-0.311576396,-0.217803702,0.898348391,-0.217803702,-0.217803702
9.61,-0.217803702,-0.311576396,-0.217953444,0.899326563,-0.217953444,-0.217953444
9.615,-0.217803702,-0.311576396,-0.218103185,0.900304675,-0.218103185,-0.218103185
9.62,-0.218266964,-0.311576396,-0.218266964,0.901282728,-0.218266964,-0.218266964
9.625,-0.217264012,-0.311576396,-0.217264012,0.90226084,-0.217264012,-0.217264012
9.63,-0.217264012,-0.311576396,-0.216261059,0.903239012,-0.216261059,-0.216261059
9.635,-0.217264012,-0.311576396,-0.215258107,0.904217124,-0.215258107,-0.215258107
9.64,-0.217840999,-0.311576396,-0.217840999,0.905195177,-0.217840999,-0.217840999
9.645,-0.217789277,-0.311576396,-0.217789277,0.906173289,-0.217789277,-0.217789277
9.65,-0.217789277,-0.311576396,-0.217737556,0.907151461,-0.217737556,-0.217737556
9.655,-0.217789277,-0.311576396,-0.217685834,0.908129573,-0.217685834,-0.217685834
9.66,-0.217828915,-0.311576396,-0.217828915,0.909107625,-0.217828915,-0.217828915
9.665,-0.217699081,-0.311576396,-0.217699081,0.910085738,-0.217699081,-0.217699081
9.67,-0.217699081,-0.311576396,-0.217569247,0.91106391,-0.217569247,-0.217569247
9.675,-0.217699081,-0.311576396,-0.217439413,0.912042022,-0.217439413,-0.217439413
9.68,-0.217746049,-0.311576396,-0.217746049,0.913020134,-0.217746049,-0.217746049
9.685,-0.217959896,-0.311576396,-0.217959896,0.913998187,-0.217959896,-0.217959896
9.69,-0.217959896,-0.311576396,-0.218173742,0.914976299,-0.218173742,-0.218173742
9.695,-0.217959896,-0.311576396,-0.218387589,0.915954471,-0.218387589,-0.218387589
9.7,-0.217519611,-0.311576396,-0.217519611,0.916932583,-0.217519611,-0.217519611
9.705,-0.216267973,-0.311576396,-0.216267973,0.917910635,-0.216267973,-0.216267973
9.71,-0.216267973,-0.311576396,-0.215016335,0.918888748,-0.215016335,-0.215016335
9.715,-0.216267973,-0.311576396,-0.213764697,0.91986692,-0.213764697,-0.213764697
9.72,-0.216279387,-0.311576396,-0.216279387,0.920845032,-0.216279387,-0.216279387
9.725,-0.216180384,-0.311576396,-0.216180384,0.921823084,-0.216180384,-0.216180384
9.73,-0.216180384,-0.311576396,-0.216081381,0.922801197,-0.216081381,-0.216081381
9.735,-0.216180384,-0.311576396,-0.215982378,0.923779368,-0.215982378,-0.215982378
9.74,-0.217050329,-0.311576396,-0.217050329,0.924757481,0,0
9.745,-0.217100441,-0.311576396,-0.217100441,0.925735533,0,0
9.75,-0.217100441,-0.311576396,-0.217150554,0.926713645,0,0
9.755,-0.217100441,-0.311576396,-0.217200667,0.927691817,0,0
9.76,-0.217843577,-0.311576396,-0.217843577,0.92866993,0,0
9.765,-0.217574283,-0.311576396,-0.217574283,0.929647982,0,0
9.77,-0.217574283,-0.311576396,-0.21730499,0.930626094,0,0
9.775,-0.217574283,-0.311576396,-0.217035696,0.931604266,0,0
9.78,-0.216955885,-0.311576396,-0.216955885,0.932582378,0,0
9.785,-0.217267871,-0.311576396,-0.217267871,0.933560431,0,0
9.79,-0.217267871,-0.311576396,-0.217579857,0.934538543,0,0
9.795,-0.217267871,-0.311576396,-0.217891842,0.935516715,0,0
9.8,-0.21824348,-0.311576396,-0.21824348,0.936494827,0,0
9.805,-0.21760954,-0.311576396,-0.21760954,0.937472939,0,0
9.81,-0.217937961,-0.311576396,-0.217937961,0.938450992,0,0
9.815,-0.217937961,-0.311576396,-0.218266383,0.939429104,0,0
9.82,-0.216915935,-0.311576396,-0.216915935,0.940407276,0,0
9.825,-0.217793256,-0.311576396,-0.217793256,0.941385388,0,0
9.83,-0.217793256,-0.311576396,-0.218670577,0.942363441,0,0
9.835,-0.217793256,-0.311576396,-0.219547898,0.943341553,0,0
9.84,-0.217845649,-0.311576396,-0.217845649,0.944319725,0,0
9.845,-0.21779871,-0.311576396,-0.21779871,0.945297837,0,0
9.85,-0.21779871,-0.311576396,-0.217751771,0.94627589,0,0
9.855,-0.21779871,-0.311576396,-0.217704833,0.947254002,0,0
9.86,-0.218046457,-0.311576396,-0.218046457,0.948232174,0,0
9.865,-0.21731621,-0.311576396,-0.21731621,0.949210286,0,0
9.87,-0.21731621,-0.311576396,-0.216585964,0.950188339,0,0
9.875,-0.21731621,-0.311576396,-0.215855718,0.951166451,0,0
9.88,-0.217602596,-0.311576396,-0.217602596,0.952144623,0,0
9.885,-0.217308044,-0.311576396,-0.217308044,0.953122735,0,0
9.89,-0.217308044,-0.311576396,-0.217013493,0.954100788,0,0
9.895,-0.217308044,-0.311576396,-0.216718942,0.9550789,0,0
9.9,-0.217794999,-0.311576396,-0.217794999,0.956057072,0,0
9.905,-0.217060357,-0.311576396,-0.217060357,0.957035184,0,0
9.91,-0.217060357,-0.311576396,-0.216325715,0.958013237,0,0
9.915,-0.217060357,-0.311576396,-0.215591073,0.958991349,0,0
9.92,-0.217453226,-0.311576396,-0.217453226,0.959969521,0,0
9.925,-0.217409134,-0.311576396,-0.217409134,0.960947633,0,0
9.93,-0.217409134,-0.311576396,-0.217365041,0.961925745,0,0
9.935,-0.217409134,-0.311576396,-0.217320949,0.962903798,0,0
9.94,-0.217481941,-0.311576396,-0.217481941,0.96388191,0,0
9.945,-0.21714595,-0.311576396,-0.21714595,0.964860082,0,0
9.95,-0.21714595,-0.311576396,-0.216809958,0.965838194,0,0
9.955,-0.21714595,-0.311576396,-0.216473967,0.966816247,0,0
9.96,-0.21714595,-0.311576396,-0.216137975,0.967794359,0,0
9.965,-0.21714595,-0.311576396,-0.215801984,0.968772531,0,0
9.97,-0.217266321,-0.311576396,-0.217266321,0.969750643,0,0
9.975,-0.216980144,-0.311576396,-0.216980144,0.970728695,0,0
9.98,-0.216980144,-0.311576396,-0.216693968,0.971706808,0,0
9.985,-0.216980144,-0.311576396,-0.216407791,0.972684979,0,0
9.99,-0.217358619,-0.311576396,-0.217358619,0.973663092,0,0
9.995,-0.217746913,-0.311576396,-0.217746913,0.974641144,0,0
10,-0.217714742,-0.311576396,-0.217714742,0.975619256,0,0
10.005,-0.217714742,-0.311576396,-0.21768257,0.976597428,0,0
10.01,-0.217588961,-0.311576396,-0.217588961,0.977575541,0,0
10.015,-0.217955068,-0.311576396,-0.217955068,0.978553593,0,0
10.02,-0.217955068,-0.311576396,-0.218321174,0.979531705,0,0
10.025,-0.217955068,-0.311576396,-0.218687281,0.980509877,0,0
10.03,-0.216983974,-0.311576396,-0.216983974,0.981487989,0,0
10.035,-0.216983974,-0.311576396,-0.216660276,0.982466042,0,0
10.04,-0.216983974,-0.311576396,-0.216336578,0.983444154,0,0
10.045,-0.216983974,-0.311576396,-0.21601288,0.984422326,0,0
10.05,-0.216983974,-0.311576396,-0.215689182,0.985400438,0,0
10.055,-0.216983974,-0.311576396,-0.215365484,0.986378551,0,0
10.06,-0.216983974,-0.311576396,-0.215041786,0.987356603,0,0
10.065,-0.216983974,-0.311576396,-0.214718089,0.988334715,0,0
10.07,-0.216983974,-0.311576396,-0.214394391,0.989312887,0,0
10.075,-0.216983974,-0.311576396,-0.214070693,0.990290999,0,0
10.08,-0.216983974,-0.311576396,-0.213746995,0.991269052,0,0
10.085,-0.216983974,-0.311576396,-0.213423297,0.992247164,0,0
10.09,-0.216983974,-0.311576396,-0.213099599,0.993225336,0,0
10.095,-0.216983974,-0.311576396,-0.212775901,0.994203448,0,0
10.1,-0.216983974,-0.311576396,-0.212452203,0.995181501,0,0
10.105,-0.216983974,-0.311576396,-0.212128505,0.996159613,0,0
10.11,-0.216983974,-0.311576396,-0.211804807,0.997137785,0,0
10.115,-0.216983974,-0.311576396,-0.211481109,0.998115897,0,0
10.12,-0.216983974,-0.311576396,-0.211157411,0.99909395,0,0
10.125,-0.216983974,-0.311576396,-0.210833713,1.00007212,0,0
10.13,-0.216983974,-0.311576396,-0.210510015,1.00105023,0,0
10.135,-0.216983974,-0.311576396,-0.210186318,1.00202835,0,0
10.14,-0.216983974,-0.311576396,-0.20986262,1.00300634,0,0
10.145,-0.216983974,-0.311576396,-0.209538922,1.00398457,0,0
10.15,-0.216983974,-0.311576396,-0.209215224,1.00496268,0,0
10.155,-0.216983974,-0.311576396,-0.208891526,1.00594079,0,0
10.16,-0.216983974,-0.311576396,-0.208567828,1.00691879,0,0
10.165,-0.216983974,-0.311576396,-0.20824413,1.00789702,0,0
10.17,-0.216983974,-0.311576396,-0.207920432,1.00887513,0,0
10.175,-0.216983974,-0.311576396,-0.207596734,1.00985324,0,0
10.18,-0.216983974,-0.311576396,-0.207273036,1.01083136,0,0
10.185,-0.216983974,-0.311576396,-0.206949338,1.01180947,0,0
10.19,-0.216983974,-0.311576396,-0.20662564,1.01278758,0,0
10.195,-0.216983974,-0.311576396,-0.206301942,1.01376569,0,0
10.2,-0.216983974,-0.311576396,-0.205978245,1.0147438,0,0
10.205,-0.216983974,-0.311576396,-0.205654547,1.0157218,0,0
10.21,-0.216983974,-0.311576396,-0.205330849,1.01670003,0,0
10.215,-0.216983974,-0.311576396,-0.205007151,1.01767814,0,0
10.22,-0.216983974,-0.311576396,-0.204683453,1.01865625,0,0
10.225,-0.216983974,-0.311576396,-0.204359755,1.01963425,0,0
10.23,-0.216983974,-0.311576396,-0.204036057,1.02061248,0,0
10.235,-0.216983974,-0.311576396,-0.203712359,1.02159059,0,0
10.24,-0.216983974,-0.311576396,-0.203388661,1.0225687,0,0
10.245,-0.216983974,-0.311576396,-0.203064963,1.0235467,0,0
10.25,-0.216983974,-0.311576396,-0.202741265,1.02452493,0,0
10.255,-0.216983974,-0.311576396,-0.202417567,1.02550304,0,0
10.26,-0.216983974,-0.311576396,-0.202093869,1.02648115,0,0
10.265,-0.216983974,-0.311576396,-0.201770172,1.02745914,0,0
10.27,-0.216983974,-0.311576396,-0.201446474,1.02843738,0,0
10.275,-0.216983974,-0.311576396,-0.201122776,1.02941549,0,0
10.28,-0.216983974,-0.311576396,-0.200799078,1.0303936,0,0
10.285,-0.216983974,-0.311576396,-0.20047538,1.03137159,0,0
10.29,-0.216983974,-0.311576396,-0.200151682,1.03234982,0,0
10.295,-0.216983974,-0.311576396,-0.199827984,1.03332794,0,0
10.3,-0.216983974,-0.311576396,-0.199504286,1.03430605,0,0
10.305,-0.216983974,-0.311576396,-0.199180588,1.03528416,0,0
10.31,-0.216983974,-0.311576396,-0.19885689,1.03626227,0,0
10.315,-0.216983974,-0.311576396,-0.198533192,1.03724039,0,0
10.32,-0.216983974,-0.311576396,-0.198209494,1.0382185,0,0
10.325,-0.216983974,-0.311576396,-0.197885796,1.03919661,0,0
10.33,-0.216983974,-0.311576396,-0.197562099,1.0401746,0,0
10.335,-0.216983974,-0.311576396,-0.197238401,1.04115283,0,0
10.34,-0.216983974,-0.311576396,-0.196914703,1.04213095,0,0
10.345,-0.216983974,-0.311576396,-0.196591005,1.04310906,0,0
10.35,-0.216983974,-0.311576396,-0.196267307,1.04408705,0,0
10.355,-0.216983974,-0.311576396,-0.195943609,1.04506528,0,0
10.36,-0.216983974,-0.311576396,-0.195619911,1.0460434,0,0
10.365,-0.216983974,-0.311576396,-0.195296213,1.04702151,0,0
10.37,-0.216983974,-0.311576396,-0.194972515,1.0479995,0,0
10.375,-0.216983974,-0.311576396,-0.194648817,1.04897773,0,0
10.38,-0.216983974,-0.311576396,-0.194325119,1.04995584,0,0
10.385,-0.216983974,-0.311576396,-0.194001421,1.05093396,0,0
10.39,-0.216983974,-0.311576396,-0.193677723,1.05191195,0,0
10.395,-0.216983974,-0.311576396,-0.193354025,1.05289018,0,0
10.4,-0.216983974,-0.311576396,-0.193030328,1.05386829,0,0
10.405,-0.216983974,-0.311576396,-0.19270663,1.05484641,0,0
10.41,-0.216983974,-0.311576396,-0.192382932,1.0558244,0,0
10.415,-0.216983974,-0.311576396,-0.192059234,1.05680263,0,0
10.42,-0.216983974,-0.311576396,-0.191735536,1.05778074,0,0
10.425,-0.216983974,-0.311576396,-0.191411838,1.05875885,0,0
10.43,-0.216983974,-0.311576396,-0.19108814,1.05973697,0,0
10.435,-0.216983974,-0.311576396,-0.190764442,1.06071508,0,0
10.44,-0.216983974,-0.311576396,-0.190440744,1.06169319,0,0
10.445,-0.216983974,-0.311576396,-0.190117046,1.0626713,0,0
10.45,-0.216983974,-0.311576396,-0.189793348,1.06364942,0,0
10.455,-0.216983974,-0.311576396,-0.18946965,1.06462741,0,0
10.46,-0.216983974,-0.311576396,-0.189145952,1.06560564,0,0
10.465,-0.216983974,-0.311576396,-0.188822255,1.06658375,0,0
10.47,-0.216983974,-0.311576396,-0.188498557,1.06756186,0,0
10.475,-0.216983974,-0.311576396,-0.188174859,1.06853986,0,0
10.48,-0.216983974,-0.311576396,-0.187851161,1.06951809,0,0
10.485,-0.216983974,-0.311576396,-0.187527463,1.0704962,0,0
10.49,-0.216983974,-0.311576396,-0.187203765,1.07147431,0,0
10.495,-0.216983974,-0.311576396,-0.186880067,1.07245231,0,0
10.5,-0.216983974,-0.311576396,-0.186556369,1.07343054,0,0
10.505,-0.216983974,-0.311576396,-0.186232671,1.07440865,0,0
10.51,-0.216983974,-0.311576396,-0.185908973,1.07538676,0,0
10.515,-0.216983974,-0.311576396,-0.185585275,1.07636476,0,0
10.52,-0.216983974,-0.311576396,-0.185261577,1.07734299,0,0
10.525,-0.216983974,-0.311576396,-0.184937879,1.0783211,0,0
10.53,-0.216983974,-0.311576396,-0.184614182,1.07929921,0,0
10.535,-0.216983974,-0.311576396,-0.184290484,1.0802772,0,0
10.54,-0.216983974,-0.311576396,-0.183966786,1.08125544,0,0
10.545,-0.216983974,-0.311576396,-0.183643088,1.08223355,0,0
10.55,-0.216983974,-0.311576396,-0.18331939,1.08321166,0,0
10.555,-0.216983974,-0.311576396,-0.182995692,1.08418977,0,0
10.56,-0.216983974,-0.311576396,-0.182671994,1.08516788,0,0
10.565,-0.216983974,-0.311576396,-0.182348296,1.086146,0,0
10.57,-0.216983974,-0.311576396,-0.182024598,1.08712411,0,0
10.575,-0.216983974,-0.311576396,-0.1817009,1.08810222,0,0
10.58,-0.216983974,-0.311576396,-0.181377202,1.08908021,0,0
10.585,-0.216983974,-0.311576396,-0.181053504,1.09005845,0,0
10.59,-0.216983974,-0.311576396,-0.180729806,1.09103656,0,0
10.595,-0.216983974,-0.311576396,-0.180406108,1.09201467,0,0
10.6,-0.216983974,-0.311576396,-0.180082411,1.09299266,0,0
10.605,-0.216983974,-0.311576396,-0.179758713,1.09397089,0,0
10.61,-0.216983974,-0.311576396,-0.179435015,1.09494901,0,0
10.615,-0.216983974,-0.311576396,-0.179111317,1.09592712,0,0
10.62,-0.216983974,-0.311576396,-0.178787619,1.09690511,0,0
10.625,-0.216983974,-0.311576396,-0.178463921,1.09788334,0,0
10.63,-0.216983974,-0.311576396,-0.178140223,1.09886146,0,0
10.635,-0.216983974,-0.311576396,-0.177816525,1.09983957,0,0
10.64,-0.216983974,-0.311576396,-0.177492827,1.10081756,0,0
10.645,-0.216983974,-0.311576396,-0.177169129,1.10179579,0,0
10.65,-0.216983974,-0.311576396,-0.176845431,1.1027739,0,0
10.655,-0.216983974,-0.311576396,-0.176521733,1.10375202,0,0
10.66,-0.216983974,-0.311576396,-0.176198035,1.10473001,0,0
10.665,-0.216983974,-0.311576396,-0.175874338,1.10570824,0,0
10.67,-0.216983974,-0.311576396,-0.17555064,1.10668635,0,0
10.675,-0.216983974,-0.311576396,-0.175226942,1.10766447,0,0
10.68,-0.216983974,-0.311576396,-0.174903244,1.10864258,0,0
10.685,-0.216983974,-0.311576396,-0.174579546,1.10962069,0,0
10.69,-0.216983974,-0.311576396,-0.174255848,1.1105988,0,0
10.695,-0.216983974,-0.311576396,-0.17393215,1.11157691,0,0
10.7,-0.216983974,-0.311576396,-0.173608452,1.11255503,0,0
10.705,-0.216983974,-0.311576396,-0.173284754,1.11353302,0,0
10.71,-0.216983974,-0.311576396,-0.172961056,1.11451125,0,0
10.715,-0.216983974,-0.311576396,-0.172637358,1.11548936,0,0
10.72,-0.216983974,-0.311576396,-0.17231366,1.11646748,0,0
10.725,-0.216983974,-0.311576396,-0.171989962,1.11744547,0,0
10.73,-0.216983974,-0.311576396,-0.171666265,1.1184237,0,0
10.735,-0.216983974,-0.311576396,-0.171342567,1.11940181,0,0
10.74,-0.216983974,-0.311576396,-0.171018869,1.12037992,0,0
10.745,-0.216983974,-0.311576396,-0.170695171,1.12135792,0,0
10.75,-0.216983974,-0.311576396,-0.170371473,1.12233615,0,0
10.755,-0.216983974,-0.311576396,-0.170047775,1.12331426,0,0
10.76,-0.216983974,-0.311576396,-0.169724077,1.12429237,0,0
10.765,-0.216983974,-0.311576396,-0.169400379,1.12527037,0,0
10.77,-0.216983974,-0.311576396,-0.169076681,1.1262486,0,0
10.775,-0.216983974,-0.311576396,-0.168752983,1.12722671,0,0
10.78,-0.216983974,-0.311576396,-0.168429285,1.12820482,0,0
10.785,-0.216983974,-0.311576396,-0.168105587,1.12918282,0,0
10.79,-0.216983974,-0.311576396,-0.167781889,1.13016105,0,0
10.795,-0.216983974,-0.311576396,-0.167458192,1.13113916,0,0
10.8,-0.216983974,-0.311576396,-0.167134494,1.13211727,0,0
10.805,-0.216983974,-0.311576396,-0.166810796,1.13309538,0,0
10.81,-0.216983974,-0.311576396,-0.166487098,1.1340735,0,0
10.815,-0.216983974,-0.311576396,-0.1661634,1.13505161,0,0
10.82,-0.216983974,-0.311576396,-0.165839702,1.13602972,0,0
10.825,-0.216983974,-0.311576396,-0.165516004,1.13700783,0,0
10.83,-0.216983974,-0.311576396,-0.165192306,1.13798583,0,0
10.835,-0.216983974,-0.311576396,-0.164868608,1.13896406,0,0
10.84,-0.216983974,-0.311576396,-0.16454491,1.13994217,0,0
10.845,-0.216983974,-0.311576396,-0.164221212,1.14092028,0,0
10.85,-0.216983974,-0.311576396,-0.163897514,1.14189827,0,0
10.855,-0.216983974,-0.311576396,-0.163573816,1.14287651,0,0
10.86,-0.216983974,-0.311576396,-0.163250118,1.14385462,0,0
10.865,-0.216983974,-0.311576396,-0.162926421,1.14483273,0,0
10.87,-0.216983974,-0.311576396,-0.162602723,1.14581072,0,0
10.875,-0.216983974,-0.311576396,-0.162279025,1.14678895,0,0
10.88,-0.216983974,-0.311576396,-0.161955327,1.14776707,0,0
10.885,-0.216983974,-0.311576396,-0.161631629,1.14874518,0,0
10.89,-0.216983974,-0.311576396,-0.161307931,1.14972317,0,0
10.895,-0.216983974,-0.311576396,-0.160984233,1.1507014,0,0
10.9,-0.216983974,-0.311576396,-0.160660535,1.15167952,0,0
10.905,-0.216983974,-0.311576396,-0.160336837,1.15265763,0,0
10.91,-0.216983974,-0.311576396,-0.160013139,1.15363562,0,0
10.915,-0.216983974,-0.311576396,-0.159689441,1.15461385,0,0
10.92,-0.216983974,-0.311576396,-0.159365743,1.15559196,0,0
10.925,-0.216983974,-0.311576396,-0.159042045,1.15657008,0,0
10.93,-0.216983974,-0.311576396,-0.158718348,1.15754819,0,0
10.935,-0.216983974,-0.311576396,-0.15839465,1.1585263,0,0
10.94,-0.216983974,-0.311576396,-0.158070952,1.15950441,0,0
10.945,-0.216983974,-0.311576396,-0.157747254,1.16048253,0,0
10.95,-0.216983974,-0.311576396,-0.157423556,1.16146064,0,0
10.955,-0.216983974,-0.311576396,-0.157099858,1.16243863,0,0
10.96,-0.216983974,-0.311576396,-0.15677616,1.16341686,0,0
10.965,-0.216983974,-0.311576396,-0.156452462,1.16439497,0,0
10.97,-0.216983974,-0.311576396,-0.156128764,1.16537309,0,0
10.975,-0.216983974,-0.311576396,-0.155805066,1.16635108,0,0
10.98,-0.216983974,-0.311576396,-0.155481368,1.16732931,0,0
10.985,-0.216983974,-0.311576396,-0.15515767,1.16830742,0,0
10.99,-0.216983974,-0.311576396,-0.154833972,1.16928554,0,0
10.995,-0.216983974,-0.311576396,-0.154510275,1.17026353,0,0
11,-0.216983974,-0.311576396,-0.154186577,1.17124176,0,0
11.005,-0.216983974,-0.311576396,-0.153862879,1.17221987,0,0
11.01,-0.216983974,-0.311576396,-0.153539181,1.17319798,0,0
11.015,-0.216983974,-0.311576396,-0.153215483,1.17417598,0,0
11.02,-0.216983974,-0.311576396,-0.152891785,1.17515421,0,0
11.025,-0.216983974,-0.311576396,-0.152568087,1.17613232,0,0
11.03,-0.216983974,-0.311576396,-0.152244389,1.17711043,0,0
11.035,-0.216983974,-0.311576396,-0.151920691,1.17808843,0,0
11.04,-0.216983974,-0.311576396,-0.151596993,1.17906666,0,0
11.045,-0.216983974,-0.311576396,-0.151273295,1.18004477,0,0
11.05,-0.216983974,-0.311576396,-0.150949597,1.18102288,0,0
11.055,-0.216983974,-0.311576396,-0.150625899,1.18200099,0,0
11.06,-0.216983974,-0.311576396,-0.150302202,1.18297911,0,0
11.065,-0.216983974,-0.311576396,-0.149978504,1.18395722,0,0
11.07,-0.216983974,-0.311576396,-0.149654806,1.18493533,0,0
11.075,-0.216983974,-0.311576396,-0.149331108,1.18591344,0,0
11.08,-0.216983974,-0.311576396,-0.14900741,1.18689144,0,0
11.085,-0.216983974,-0.311576396,-0.148683712,1.18786967,0,0
11.09,-0.216983974,-0.311576396,-0.148360014,1.18884778,0,0
11.095,-0.216983974,-0.311576396,-0.148036316,1.18982589,0,0
11.1,-0.216983974,-0.311576396,-0.147712618,1.19080389,0,0
11.105,-0.216983974,-0.311576396,-0.14738892,1.19178212,0,0
11.11,-0.216983974,-0.311576396,-0.147065222,1.19276023,0,0
11.115,-0.216983974,-0.311576396,-0.146741524,1.19373834,0,0
11.12,-0.216983974,-0.311576396,-0.146417826,1.19471633,0,0
11.125,-0.216983974,-0.311576396,-0.146094128,1.19569457,0,0
11.13,-0.216983974,-0.311576396,-0.145770431,1.19667268,0,0
11.135,-0.216983974,-0.311576396,-0.145446733,1.19765079,0,0
11.14,-0.216983974,-0.311576396,-0.145123035,1.19862878,0,0
11.145,-0.216983974,-0.311576396,-0.144799337,1.19960701,0,0
11.15,-0.216983974,-0.311576396,-0.144475639,1.20058513,0,0
11.155,-0.216983974,-0.311576396,-0.144151941,1.20156324,0,0
11.16,-0.216983974,-0.311576396,-0.143828243,1.20254123,0,0
11.165,-0.216983974,-0.311576396,-0.143504545,1.20351946,0,0
11.17,-0.216983974,-0.311576396,-0.143180847,1.20449758,0,0
11.175,-0.216983974,-0.311576396,-0.142857149,1.20547569,0,0
11.18,-0.216983974,-0.311576396,-0.142533451,1.2064538,0,0
11.185,-0.216983974,-0.311576396,-0.142209753,1.20743191,0,0
11.19,-0.216983974,-0.311576396,-0.141886055,1.20841002,0,0
11.195,-0.216983974,-0.311576396,-0.141562358,1.20938814,0,0
11.2,-0.216983974,-0.311576396,-0.14123866,1.21036625,0,0
11.205,-0.216983974,-0.311576396,-0.140914962,1.21134424,0,0
11.21,-0.216983974,-0.311576396,-0.140591264,1.21232247,0,0
11.215,-0.216983974,-0.311576396,-0.140267566,1.21330059,0,0
11.22,-0.216983974,-0.311576396,-0.139943868,1.2142787,0,0
11.225,-0.216983974,-0.311576396,-0.13962017,1.21525669,0,0
11.23,-0.216983974,-0.311576396,-0.139296472,1.21623492,0,0
11.235,-0.216983974,-0.311576396,-0.138972774,1.21721303,0,0
11.24,-0.216983974,-0.311576396,-0.138649076,1.21819115,0,0
11.245,-0.216983974,-0.311576396,-0.138325378,1.21916914,0,0
11.25,-0.216983974,-0.311576396,-0.13800168,1.22014737,0,0
11.255,-0.216983974,-0.311576396,-0.137677982,1.22112548,0,0
11.26,-0.216983974,-0.311576396,-0.137354285,1.2221036,0,0
11.265,-0.216983974,-0.311576396,-0.137030587,1.22308159,0,0
11.27,-0.216983974,-0.311576396,-0.136706889,1.22405982,0,0
11.275,-0.216983974,-0.311576396,-0.136383191,1.22503793,0,0
11.28,-0.216983974,-0.311576396,-0.136059493,1.22601604,0,0
11.285,-0.216983974,-0.311576396,-0.135735795,1.22699404,0,0
11.29,-0.216983974,-0.311576396,-0.135412097,1.22797227,0,0
11.295,-0.216983974,-0.311576396,-0.135088399,1.22895038,0,0
11.3,-0.216983974,-0.311576396,-0.134764701,1.22992849,0,0
11.305,-0.216983974,-0.311576396,-0.134441003,1.23090661,0,0
11.31,-0.216983974,-0.311576396,-0.134117305,1.23188472,0,0
11.315,-0.216983974,-0.311576396,-0.133793607,1.23286283,0,0
11.32,-0.216983974,-0.311576396,-0.133469909,1.23384094,0,0
11.325,-0.216983974,-0.311576396,-0.133146212,1.23481905,0,0
11.33,-0.216983974,-0.311576396,-0.132822514,1.23579705,0,0
11.335,-0.216983974,-0.311576396,-0.132498816,1.23677528,0,0
11.34,-0.216983974,-0.311576396,-0.132175118,1.23775339,0,0
11.345,-0.216983974,-0.311576396,-0.13185142,1.2387315,0,0
11.35,-0.216983974,-0.311576396,-0.131527722,1.2397095,0,0
11.355,-0.216983974,-0.311576396,-0.131204024,1.24068773,0,0
11.36,-0.216983974,-0.311576396,-0.130880326,1.24166584,0,0
11.365,-0.216983974,-0.311576396,-0.130556628,1.24264395,0,0
11.37,-0.216983974,-0.311576396,-0.13023293,1.24362195,0,0
11.375,-0.216983974,-0.311576396,-0.129909232,1.24460018,0,0
11.38,-0.216983974,-0.311576396,-0.129585534,1.24557829,0,0
11.385,-0.216983974,-0.311576396,-0.129261836,1.2465564,0,0
11.39,-0.216983974,-0.311576396,-0.128938138,1.24753439,0,0
11.395,-0.216983974,-0.311576396,-0.128614441,1.24851263,0,0
11.4,-0.216983974,-0.311576396,-0.128290743,1.24949074,0,0
11.405,-0.216983974,-0.311576396,-0.127967045,1.25046885,0,0
11.41,-0.216983974,-0.311576396,-0.127643347,1.25144684,0,0
11.415,-0.216983974,-0.311576396,-0.127319649,1.25242507,0,0
11.42,-0.216983974,-0.311576396,-0.126995951,1.25340319,0,0
11.425,-0.216983974,-0.311576396,-0.126672253,1.2543813,0,0
11.43,-0.216983974,-0.311576396,-0.126348555,1.25535941,0,0
11.435,-0.216983974,-0.311576396,-0.126024857,1.25633752,0,0
11.44,-0.216983974,-0.311576396,-0.125701159,1.25731575,0,0
11.445,-0.216983974,-0.311576396,-0.125377461,1.25829363,0,0
11.45,-0.216983974,-0.311576396,-0.125053763,1.25927174,0,0
11.455,-0.216983974,-0.311576396,-0.124730065,1.26024985,0,0
11.46,-0.216983974,-0.311576396,-0.124406368,1.26122808,0,0
11.465,-0.216983974,-0.311576396,-0.12408267,1.2622062,0,0
11.47,-0.216983974,-0.311576396,-0.123758972,1.26318431,0,0
11.475,-0.216983974,-0.311576396,-0.123435274,1.26416242,0,0
11.48,-0.216983974,-0.311576396,-0.123111576,1.26514053,0,0
11.485,-0.216983974,-0.311576396,-0.122787878,1.26611853,0,0
11.49,-0.216983974,-0.311576396,-0.12246418,1.26709664,0,0
11.495,-0.216983974,-0.311576396,-0.122140482,1.26807475,0,0
11.5,-0.216983974,-0.311576396,-0.121816784,1.26905298,0,0
11.505,-0.216983974,-0.311576396,-0.121493086,1.27003109,0,0
11.51,-0.216983974,-0.311576396,-0.121169388,1.27100921,0,0
11.515,-0.216983974,-0.311576396,-0.12084569,1.27198732,0,0
11.52,-0.216983974,-0.311576396,-0.120521992,1.27296543,0,0
11.525,-0.216983974,-0.311576396,-0.120198295,1.27394342,0,0
11.53,-0.216983974,-0.311576396,-0.119874597,1.27492154,0,0
11.535,-0.216983974,-0.311576396,-0.119550899,1.27589965,0,0
11.54,-0.216983974,-0.311576396,-0.119227201,1.27687788,0,0
11.545,-0.216983974,-0.311576396,-0.118903503,1.27785599,0,0
11.55,-0.216983974,-0.311576396,-0.118579805,1.2788341,0,0
11.555,-0.216983974,-0.311576396,-0.118256107,1.27981222,0,0
11.56,-0.216983974,-0.311576396,-0.117932409,1.28079033,0,0
11.565,-0.216983974,-0.311576396,-0.117608711,1.28176856,0,0
11.57,-0.216983974,-0.311576396,-0.117285013,1.28274643,0,0
11.575,-0.216983974,-0.311576396,-0.116961315,1.28372455,0,0
11.58,-0.216983974,-0.311576396,-0.116637617,1.28470266,0,0
11.585,-0.216983974,-0.311576396,-0.116313919,1.28568089,0,0
11.59,-0.216983974,-0.311576396,-0.115990222,1.286659,0,0
11.595,-0.216983974,-0.311576396,-0.115666524,1.28763711,0,0
11.6,-0.216983974,-0.311576396,-0.115342826,1.28861523,0,0
11.605,-0.216983974,-0.311576396,-0.115019128,1.28959334,0,0
11.61,-0.216983974,-0.311576396,-0.11469543,1.29057133,0,0
11.615,-0.216983974,-0.311576396,-0.114371732,1.29154944,0,0
11.62,-0.216983974,-0.311576396,-0.114048034,1.29252756,0,0
11.625,-0.216983974,-0.311576396,-0.113724336,1.29350579,0,0
11.63,-0.216983974,-0.311576396,-0.113400638,1.2944839,0,0
11.635,-0.216983974,-0.311576396,-0.11307694,1.29546201,0,0
11.64,-0.216983974,-0.311576396,-0.112753242,1.29644012,0,0
11.645,-0.216983974,-0.311576396,-0.112429544,1.29741824,0,0
11.65,-0.216983974,-0.311576396,-0.112105846,1.29839623,0,0
11.655,-0.216983974,-0.311576396,-0.111782148,1.29937434,0,0
11.66,-0.216983974,-0.311576396,-0.111458451,1.30035245,0,0
11.665,-0.216983974,-0.311576396,-0.111134753,1.30133069,0,0
11.67,-0.216983974,-0.311576396,-0.110811055,1.3023088,0,0
11.675,-0.216983974,-0.311576396,-0.110487357,1.30328691,0,0
11.68,-0.216983974,-0.311576396,-0.110163659,1.30426502,0,0
11.685,-0.216983974,-0.311576396,-0.109839961,1.30524313,0,0
11.69,-0.216983974,-0.311576396,-0.109516263,1.30622137,0,0
11.695,-0.216983974,-0.311576396,-0.109192565,1.30719924,0,0
11.7,-0.216983974,-0.311576396,-0.108868867,1.30817735,0,0
11.705,-0.216983974,-0.311576396,-0.108545169,1.30915546,0,0
11.71,-0.216983974,-0.311576396,-0.108221471,1.3101337,0,0
11.715,-0.216983974,-0.311576396,-0.107897773,1.31111181,0,0
11.72,-0.216983974,-0.311576396,-0.107574075,1.31208992,0,0
11.725,-0.216983974,-0.311576396,-0.107250378,1.31306803,0,0
11.73,-0.216983974,-0.311576396,-0.10692668,1.31404614,0,0
11.735,-0.216983974,-0.311576396,-0.106602982,1.31502414,0,0
11.74,-0.216983974,-0.311576396,-0.106279284,1.31600225,0,0
11.745,-0.216983974,-0.311576396,-0.105955586,1.31698036,0,0
11.75,-0.216983974,-0.311576396,-0.105631888,1.31795859,0,0
11.755,-0.216983974,-0.311576396,-0.10530819,1.31893671,0,0
11.76,-0.216983974,-0.311576396,-0.104984492,1.31991482,0,0
11.765,-0.216983974,-0.311576396,-0.104660794,1.32089293,0,0
11.77,-0.216983974,-0.311576396,-0.104337096,1.32187104,0,0
11.775,-0.216983974,-0.311576396,-0.104013398,1.32284904,0,0
11.78,-0.216983974,-0.311576396,-0.1036897,1.32382715,0,0
11.785,-0.216983974,-0.311576396,-0.103366002,1.32480526,0,0
11.79,-0.216983974,-0.311576396,-0.103042305,1.32578349,0,0
11.795,-0.216983974,-0.311576396,-0.102718607,1.3267616,0,0
11.8,-0.216983974,-0.311576396,-0.102394909,1.32773972,0,0
11.805,-0.216983974,-0.311576396,-0.102071211,1.32871783,0,0
11.81,-0.216983974,-0.311576396,-0.101747513,1.32969594,0,0
11.815,-0.216983974,-0.311576396,-0.101423815,1.33067417,0,0
11.82,-0.216983974,-0.311576396,-0.101100117,1.33165205,0,0
11.825,-0.216983974,-0.311576396,-0.100776419,1.33263016,0,0
11.83,-0.216983974,-0.311576396,-0.100452721,1.33360827,0,0
11.835,-0.216983974,-0.311576396,-0.100129023,1.3345865,0,0
11.84,-0.216983974,-0.311576396,-0.0998053253,1.33556461,0,0
11.845,-0.216983974,-0.311576396,-0.0994816273,1.33654273,0,0
11.85,-0.216983974,-0.311576396,-0.0991579294,1.33752084,0,0
11.855,-0.216983974,-0.311576396,-0.0988342315,1.33849895,0,0
11.86,-0.216983974,-0.311576396,-0.0985105336,1.33947694,0,0
11.865,-0.216983974,-0.311576396,-0.0981868356,1.34045506,0,0
11.87,-0.216983974,-0.311576396,-0.0978631377,1.34143317,0,0
11.875,-0.216983974,-0.311576396,-0.0975394398,1.3424114,0,0
11.88,-0.216983974,-0.311576396,-0.0972157419,1.34338951,0,0
11.885,-0.216983974,-0.311576396,-0.0968920439,1.34436762,0,0
11.89,-0.216983974,-0.311576396,-0.096568346,1.34534574,0,0
11.895,-0.216983974,-0.311576396,-0.0962446481,1.34632385,0,0
11.9,-0.216983974,-0.311576396,-0.0959209502,1.34730184,0,0
11.905,-0.216983974,-0.311576396,-0.0955972522,1.34827995,0,0
11.91,-0.216983974,-0.311576396,-0.0952735543,1.34925807,0,0
11.915,-0.216983974,-0.311576396,-0.0949498564,1.3502363,0,0
11.92,-0.216983974,-0.311576396,-0.0946261585,1.35121441,0,0
11.925,-0.216983974,-0.311576396,-0.0943024606,1.35219252,0,0
11.93,-0.216983974,-0.311576396,-0.0939787626,1.35317063,0,0
11.935,-0.216983974,-0.311576396,-0.0936550647,1.35414875,0,0
11.94,-0.216983974,-0.311576396,-0.0933313668,1.35512698,0,0
11.945,-0.216983974,-0.311576396,-0.0930076689,1.35610485,0,0
11.95,-0.216983974,-0.311576396,-0.0926839709,1.35708296,0,0
11.955,-0.216983974,-0.311576396,-0.092360273,1.35806108,0,0
11.96,-0.216983974,-0.311576396,-0.0920365751,1.35903931,0,0
11.965,-0.216983974,-0.311576396,-0.0917128772,1.36001742,0,0
11.97,-0.216983974,-0.311576396,-0.0913891792,1.36099553,0,0
11.975,-0.216983974,-0.311576396,-0.0910654813,1.36197364,0,0
11.98,-0.216983974,-0.311576396,-0.0907417834,1.36295176,0,0
11.985,-0.216983974,-0.311576396,-0.0904180855,1.36392975,0,0
11.99,-0.216983974,-0.311576396,-0.0900943875,1.36490786,0,0
11.995,-0.216983974,-0.311576396,-0.0897706896,1.36588597,0,0
12,-0.216983974,-0.311576396,-0.0894469917,1.3668642,0,0
12.005,-0.216983974,-0.311576396,-0.0891232938,1.36784232,0,0
12.01,-0.216983974,-0.311576396,-0.0887995958,1.36882043,0,0
12.015,-0.216983974,-0.311576396,-0.0884758979,1.36979854,0,0
12.02,-0.216983974,-0.311576396,-0.0881522,1.37077665,0,0
12.025,-0.216983974,-0.311576396,-0.0878285021,1.37175465,0,0
12.03,-0.216983974,-0.311576396,-0.0875048041,1.37273276,0,0
12.035,-0.216983974,-0.311576396,-0.0871810988,1.37371087,0,0
12.04,-0.216983974,-0.311576396,-0.0868574083,1.3746891,0,0
12.045,-0.216983974,-0.311576396,-0.0865337029,1.37566721,0,0
12.05,-0.216983974,-0.311576396,-0.0862100124,1.37664533,0,0
12.055,-0.216983974,-0.311576396,-0.0858863071,1.37762344,0,0
12.06,-0.216983974,-0.311576396,-0.0855626166,1.37860155,0,0
12.065,-0.216983974,-0.311576396,-0.0852389112,1.37957978,0,0
12.07,-0.216983974,-0.311576396,-0.0849152207,1.38055766,0,0
12.075,-0.216983974,-0.311576396,-0.0845915154,1.38153577,0,0
12.08,-0.216983974,-0.311576396,-0.0842678249,1.38251388,0,0
12.085,-0.216983974,-0.311576396,-0.0839441195,1.38349211,0,0
12.09,-0.216983974,-0.311576396,-0.083620429,1.38447022,0,0
12.095,-0.216983974,-0.311576396,-0.0832967311,1.38544834,0,0
12.1,-0.216983974,-0.311576396,-0.0829730406,1.38642645,0,0
12.105,-0.216983974,-0.311576396,-0.0826493353,1.38740456,0,0
12.11,-0.216983974,-0.311576396,-0.0823256448,1.38838255,0,0
12.115,-0.216983974,-0.311576396,-0.0820019394,1.38936067,0,0
12.12,-0.216983974,-0.311576396,-0.0816782489,1.39033878,0,0
12.125,-0.216983974,-0.311576396,-0.0813545436,1.39131701,0,0
12.13,-0.216983974,-0.311576396,-0.0810308531,1.39229512,0,0
12.135,-0.216983974,-0.311576396,-0.0807071477,1.39327323,0,0
12.14,-0.216983974,-0.311576396,-0.0803834572,1.39425135,0,0
12.145,-0.216983974,-0.311576396,-0.0800597519,1.39522946,0,0
12.15,-0.216983974,-0.311576396,-0.0797360614,1.39620745,0,0
12.155,-0.216983974,-0.311576396,-0.079412356,1.39718556,0,0
12.16,-0.216983974,-0.311576396,-0.0790886506,1.39816368,0,0
12.165,-0.216983974,-0.311576396,-0.0787649602,1.39914191,0,0
12.17,-0.216983974,-0.311576396,-0.0784412548,1.40012002,0,0
12.175,-0.216983974,-0.311576396,-0.0781175643,1.40109813,0,0
12.18,-0.216983974,-0.311576396,-0.0777938589,1.40207624,0,0
12.185,-0.216983974,-0.311576396,-0.0774701685,1.40305436,0,0
12.19,-0.216983974,-0.311576396,-0.0771464631,1.40403259,0,0
12.195,-0.216983974,-0.311576396,-0.0768227726,1.40501046,0,0
12.2,-0.216983974,-0.311576396,-0.0764990672,1.40598857,0,0
12.205,-0.216983974,-0.311576396,-0.0761753768,1.40696669,0,0
12.21,-0.216983974,-0.311576396,-0.0758516714,1.40794492,0,0
12.215,-0.216983974,-0.311576396,-0.0755279809,1.40892303,0,0
12.22,-0.216983974,-0.311576396,-0.075204283,1.40990114,0,0
12.225,-0.216983974,-0.311576396,-0.0748805925,1.41087925,0,0
12.23,-0.216983974,-0.311576396,-0.0745568871,1.41185737,0,0
12.235,-0.216983974,-0.311576396,-0.0742331967,1.41283536,0,0
12.24,-0.216983974,-0.311576396,-0.0739094913,1.41381347,0,0
12.245,-0.216983974,-0.311576396,-0.0735858008,1.41479158,0,0
12.25,-0.216983974,-0.311576396,-0.0732620955,1.41576982,0,0
12.255,-0.216983974,-0.311576396,-0.072938405,1.41674793,0,0
12.26,-0.216983974,-0.311576396,-0.0726146996,1.41772604,0,0
12.265,-0.216983974,-0.311576396,-0.0722910091,1.41870415,0,0
12.27,-0.216983974,-0.311576396,-0.0719673038,1.41968226,0,0
12.275,-0.216983974,-0.311576396,-0.0716436133,1.42066026,0,0
12.28,-0.216983974,-0.311576396,-0.0713199079,1.42163837,0,0
12.285,-0.216983974,-0.311576396,-0.0709962025,1.42261648,0,0
12.29,-0.216983974,-0.311576396,-0.0706725121,1.42359471,0,0
12.295,-0.216983974,-0.311576396,-0.0703488067,1.42457283,0,0
12.3,-0.216983974,-0.311576396,-0.0700251162,1.42555094,0,0
12.305,-0.216983974,-0.311576396,-0.0697014108,1.42652905,0,0
12.31,-0.216983974,-0.311576396,-0.0693777204,1.42750716,0,0
12.315,-0.216983974,-0.311576396,-0.069054015,1.42848539,0,0
12.32,-0.216983974,-0.311576396,-0.0687303245,1.42946327,0,0
12.325,-0.216983974,-0.311576396,-0.0684066191,1.43044138,0,0
12.33,-0.216983974,-0.311576396,-0.0680829287,1.43141949,0,0
12.335,-0.216983974,-0.311576396,-0.0677592233,1.43239772,0,0
12.34,-0.216983974,-0.311576396,-0.0674355328,1.43337584,0,0
12.345,-0.216983974,-0.311576396,-0.0671118349,1.43435395,0,0
12.35,-0.216983974,-0.311576396,-0.0667881444,1.43533206,0,0
12.355,-0.216983974,-0.311576396,-0.066464439,1.43631017,0,0
12.36,-0.216983974,-0.311576396,-0.0661407486,1.43728817,0,0
12.365,-0.216983974,-0.311576396,-0.0658170432,1.43826628,0,0
12.37,-0.216983974,-0.311576396,-0.0654933527,1.43924439,0,0
12.375,-0.216983974,-0.311576396,-0.0651696473,1.44022262,0,0
12.38,-0.216983974,-0.311576396,-0.0648459569,1.44120073,0,0
12.385,-0.216983974,-0.311576396,-0.0645222515,1.44217885,0,0
12.39,-0.216983974,-0.311576396,-0.064198561,1.44315696,0,0
12.395,-0.216983974,-0.311576396,-0.0638748556,1.44413507,0,0
12.4,-0.216983974,-0.311576396,-0.0635511652,1.44511306,0,0
12.405,-0.216983974,-0.311576396,-0.0632274598,1.44609118,0,0
12.41,-0.216983974,-0.311576396,-0.0629037544,1.44706929,0,0
12.415,-0.216983974,-0.311576396,-0.0625800639,1.44804752,0,0
12.42,-0.216983974,-0.311576396,-0.0622563586,1.44902563,0,0
12.425,-0.216983974,-0.311576396,-0.0619326681,1.45000374,0,0
12.43,-0.216983974,-0.311576396,-0.0616089627,1.45098186,0,0
12.435,-0.216983974,-0.311576396,-0.0612852722,1.45195997,0,0
12.44,-0.216983974,-0.311576396,-0.0609615706,1.4529382,0,0
12.445,-0.216983974,-0.311576396,-0.0606378801,1.45391607,0,0
12.45,-0.216983974,-0.311576396,-0.0603141747,1.45489419,0,0
12.455,-0.216983974,-0.311576396,-0.0599904843,1.4558723,0,0
12.46,-0.216983974,-0.311576396,-0.0596667789,1.45685053,0,0
12.465,-0.216983974,-0.311576396,-0.0593430884,1.45782864,0,0
12.47,-0.216983974,-0.311576396,-0.059019383,1.45880675,0,0
12.475,-0.216983974,-0.311576396,-0.0586956926,1.45978487,0,0
12.48,-0.216983974,-0.311576396,-0.0583719872,1.46076298,0,0
12.485,-0.216983974,-0.311576396,-0.0580482967,1.46174097,0,0
12.49,-0.216983974,-0.311576396,-0.0577245913,1.46271908,0,0
12.495,-0.216983974,-0.311576396,-0.0574009009,1.4636972,0,0
12.5,-0.216983974,-0.311576396,-0.0570771992,1.46467543,0,0
12.505,-0.216983974,-0.311576396,-0.0567535087,1.46565354,0,0
12.51,-0.216983974,-0.311576396,-0.0564298034,1.46663165,0,0
12.515,-0.216983974,-0.311576396,-0.0561061129,1.46760976,0,0
12.52,-0.216983974,-0.311576396,-0.0557824075,1.46858788,0,0
12.525,-0.216983974,-0.311576396,-0.055458717,1.46956587,0,0
12.53,-0.216983974,-0.311576396,-0.0551350117,1.47054398,0,0
12.535,-0.216983974,-0.311576396,-0.0548113063,1.47152209,0,0
12.54,-0.216983974,-0.311576396,-0.0544876158,1.47250032,0,0
12.545,-0.216983974,-0.311576396,-0.0541639104,1.47347844,0,0
12.55,-0.216983974,-0.311576396,-0.05384022,1.47445655,0,0
12.555,-0.216983974,-0.311576396,-0.0535165146,1.47543466,0,0
12.56,-0.216983974,-0.311576396,-0.0531928241,1.47641277,0,0
12.565,-0.216983974,-0.311576396,-0.0528691225,1.477391,0,0
12.57,-0.216983974,-0.311576396,-0.052545432,1.47836888,0,0
12.575,-0.216983974,-0.311576396,-0.0522217266,1.47934699,0,0
12.58,-0.216983974,-0.311576396,-0.0518980362,1.4803251,0,0
12.585,-0.216983974,-0.311576396,-0.0515743308,1.48130333,0,0
12.59,-0.216983974,-0.311576396,-0.0512506403,1.48228145,0,0
12.595,-0.216983974,-0.311576396,-0.0509269349,1.48325956,0,0
12.6,-0.216983974,-0.311576396,-0.0506032445,1.48423767,0,0
12.605,-0.216983974,-0.311576396,-0.0502795391,1.48521578,0,0
12.61,-0.216983974,-0.311576396,-0.0499558486,1.48619378,0,0
12.615,-0.216983974,-0.311576396,-0.0496321432,1.48717189,0,0
12.62,-0.216983974,-0.311576396,-0.0493084528,1.48815,0,0
12.625,-0.216983974,-0.311576396,-0.0489847511,1.48912823,0,0
12.63,-0.216983974,-0.311576396,-0.0486610606,1.49010634,0,0
12.635,-0.216983974,-0.311576396,-0.0483373553,1.49108446,0,0
12.64,-0.216983974,-0.311576396,-0.0480136648,1.49206257,0,0
12.645,-0.216983974,-0.311576396,-0.0476899594,1.49304068,0,0
12.65,-0.216983974,-0.311576396,-0.0473662689,1.49401867,0,0
12.655,-0.216983974,-0.311576396,-0.0470425636,1.49499679,0,0
12.66,-0.216983974,-0.311576396,-0.0467188582,1.4959749,0,0
12.665,-0.216983974,-0.311576396,-0.0463951677,1.49695313,0,0
12.67,-0.216983974,-0.311576396,-0.0460714623,1.49793124,0,0
12.675,-0.216983974,-0.311576396,-0.0457477719,1.49890935,0,0
12.68,-0.216983974,-0.311576396,-0.0454240665,1.49988747,0,0
12.685,-0.216983974,-0.311576396,-0.045100376,1.50086558,0,0
12.69,-0.216983974,-0.311576396,-0.0447766744,1.50184381,0,0
12.695,-0.216983974,-0.311576396,-0.0444529839,1.50282168,0,0
12.7,-0.216983974,-0.311576396,-0.0441292785,1.5037998,0,0
12.705,-0.216983974,-0.311576396,-0.043805588,1.50477791,0,0
12.71,-0.216983974,-0.311576396,-0.0434818827,1.50575614,0,0
12.715,-0.216983974,-0.311576396,-0.0431581922,1.50673425,0,0
12.72,-0.216983974,-0.311576396,-0.0428344868,1.50771236,0,0
12.725,-0.216983974,-0.311576396,-0.0425107963,1.50869048,0,0
12.73,-0.216983974,-0.311576396,-0.042187091,1.50966859,0,0
12.735,-0.216983974,-0.311576396,-0.0418634005,1.51064658,0,0
12.74,-0.216983974,-0.311576396,-0.0415396951,1.51162469,0,0
12.745,-0.216983974,-0.311576396,-0.0412160046,1.51260281,0,0
12.75,-0.216983974,-0.311576396,-0.040892303,1.51358104,0,0
12.755,-0.216983974,-0.311576396,-0.0405686125,1.51455915,0,0
12.76,-0.216983974,-0.311576396,-0.0402449071,1.51553726,0,0
12.765,-0.216983974,-0.311576396,-0.0399212167,1.51651537,0,0
12.77,-0.216983974,-0.311576396,-0.0395975113,1.51749349,0,0
12.775,-0.216983974,-0.311576396,-0.0392738208,1.51847148,0,0
12.78,-0.216983974,-0.311576396,-0.0389501154,1.51944959,0,0
12.785,-0.216983974,-0.311576396,-0.0386264101,1.5204277,0,0
12.79,-0.216983974,-0.311576396,-0.0383027196,1.52140594,0,0
12.795,-0.216983974,-0.311576396,-0.0379790142,1.52238405,0,0
12.8,-0.216983974,-0.311576396,-0.0376553237,1.52336216,0,0
12.805,-0.216983974,-0.311576396,-0.0373316184,1.52434027,0,0
12.81,-0.216983974,-0.311576396,-0.0370079279,1.52531838,0,0
12.815,-0.216983974,-0.311576396,-0.0366842262,1.52629662,0,0
12.82,-0.216983974,-0.311576396,-0.0363605358,1.52727449,0,0
12.825,-0.216983974,-0.311576396,-0.0360368304,1.5282526,0,0
12.83,-0.216983974,-0.311576396,-0.0357131399,1.52923071,0,0
12.835,-0.216983974,-0.311576396,-0.0353894345,1.53020895,0,0
12.84,-0.216983974,-0.311576396,-0.0350657441,1.53118706,0,0
12.845,-0.216983974,-0.311576396,-0.0347420387,1.53216517,0,0
12.85,-0.216983974,-0.311576396,-0.0344183482,1.53314328,0,0
12.855,-0.216983974,-0.311576396,-0.0340946428,1.53412139,0,0
12.86,-0.216983974,-0.311576396,-0.0337709524,1.53509939,0,0
12.865,-0.216983974,-0.311576396,-0.033447247,1.5360775,0,0
12.87,-0.216983974,-0.311576396,-0.0331235565,1.53705561,0,0
12.875,-0.216983974,-0.311576396,-0.0327998549,1.53803384,0,0
12.88,-0.216983974,-0.311576396,-0.0324761644,1.53901196,0,0
12.885,-0.216983974,-0.311576396,-0.032152459,1.53999007,0,0
12.89,-0.216983974,-0.311576396,-0.0318287686,1.54096818,0,0
12.895,-0.216983974,-0.311576396,-0.0315050632,1.54194629,0,0
12.9,-0.216983974,-0.311576396,-0.0311813727,1.54292428,0,0
12.905,-0.216983974,-0.311576396,-0.0308576673,1.5439024,0,0
12.91,-0.216983974,-0.311576396,-0.030533962,1.54488051,0,0
12.915,-0.216983974,-0.311576396,-0.0302102715,1.54585874,0,0
12.92,-0.216983974,-0.311576396,-0.0298865661,1.54683685,0,0
12.925,-0.216983974,-0.311576396,-0.0295628775,1.54781497,0,0
12.93,-0.216983974,-0.311576396,-0.0292391721,1.54879308,0,0
12.935,-0.216983974,-0.311576396,-0.0289154816,1.54977119,0,0
12.94,-0.216983974,-0.311576396,-0.0285917763,1.55074942,0,0
12.945,-0.216983974,-0.311576396,-0.0282680858,1.55172729,0,0
12.95,-0.216983974,-0.311576396,-0.0279443804,1.55270541,0,0
12.955,-0.216983974,-0.311576396,-0.0276206918,1.55368352,0,0
12.96,-0.216983974,-0.311576396,-0.0272969864,1.55466175,0,0
12.965,-0.216983974,-0.311576396,-0.026973296,1.55563986,0,0
12.97,-0.216983974,-0.311576396,-0.0266495906,1.55661798,0,0
12.975,-0.216983974,-0.311576396,-0.0263259001,1.55759609,0,0
12.98,-0.216983974,-0.311576396,-0.0260021947,1.5585742,0,0
12.985,-0.216983974,-0.311576396,-0.0256785061,1.55955219,0,0
12.99,-0.216983974,-0.311576396,-0.0253548007,1.5605303,0,0
12.995,-0.216983974,-0.311576396,-0.0250311103,1.56150842,0,0
13,-0.216983974,-0.311576396,-0.0247074049,1.56248665,0,0
13.005,-0.216983974,-0.311576396,-0.0243837144,1.56346476,0,0
13.01,-0.216983974,-0.311576396,-0.024060009,1.56444287,0,0
13.015,-0.216983974,-0.311576396,-0.0237363204,1.56542099,0,0
13.02,-0.216983974,-0.311576396,-0.0234126151,1.5663991,0,0
13.025,-0.216983974,-0.311576396,-0.0230889246,1.56737709,0,0
13.03,-0.216983974,-0.311576396,-0.0227652192,1.5683552,0,0
13.035,-0.216983974,-0.311576396,-0.0224415138,1.56933331,0,0
13.04,-0.216983974,-0.311576396,-0.0221178234,1.57031155,0,0
13.045,-0.216983974,-0.311576396,-0.021794118,1.57128966,0,0
13.05,-0.216983974,-0.311576396,-0.0214704294,1.57226777,0,0
13.055,-0.216983974,-0.311576396,-0.021146724,1.57324588,0,0
13.06,-0.216983974,-0.311576396,-0.0208230335,1.574224,0,0
13.065,-0.216983974,-0.311576396,-0.0204993282,1.57520223,0,0
13.07,-0.216983974,-0.311576396,-0.0201756377,1.5761801,0,0
13.075,-0.216983974,-0.311576396,-0.0198519323,1.57715821,0,0
13.08,-0.216983974,-0.311576396,-0.0195282437,1.57813632,0,0
13.085,-0.216983974,-0.311576396,-0.0192045383,1.57911456,0,0
13.09,-0.216983974,-0.311576396,-0.0188808478,1.58009267,0,0
13.095,-0.216983974,-0.311576396,-0.0185571425,1.58107078,0,0
13.1,-0.216983974,-0.311576396,-0.018233452,1.58204889,0,0
13.105,-0.216983974,-0.311576396,-0.0179097466,1.58302701,0,0
13.11,-0.216983974,-0.311576396,-0.017586058,1.584005,0,0
13.115,-0.216983974,-0.311576396,-0.0172623526,1.58498311,0,0
13.12,-0.216983974,-0.311576396,-0.0169386622,1.58596122,0,0
13.125,-0.216983974,-0.311576396,-0.0166149568,1.58693945,0,0
13.13,-0.216983974,-0.311576396,-0.0162912663,1.58791757,0,0
13.135,-0.216983974,-0.311576396,-0.0159675609,1.58889568,0,0
13.14,-0.216983974,-0.311576396,-0.0156438723,1.58987379,0,0
13.145,-0.216983974,-0.311576396,-0.015320166,1.5908519,0,0
13.15,-0.216983974,-0.311576396,-0.0149964765,1.5918299,0,0
13.155,-0.216983974,-0.311576396,-0.0146727711,1.59280801,0,0
13.16,-0.216983974,-0.311576396,-0.0143490657,1.59378612,0,0
13.165,-0.216983974,-0.311576396,-0.0140253762,1.59476435,0,0
13.17,-0.216983974,-0.311576396,-0.0137016708,1.59574246,0,0
13.175,-0.216983974,-0.311576396,-0.0133779803,1.59672058,0,0
13.18,-0.216983974,-0.311576396,-0.013054275,1.59769869,0,0
13.185,-0.216983974,-0.311576396,-0.0127305854,1.5986768,0,0
13.19,-0.216983974,-0.311576396,-0.01240688,1.59965503,0,0
13.195,-0.216983974,-0.311576396,-0.0120831905,1.60063291,0,0
13.2,-0.216983974,-0.311576396,-0.0117594851,1.60161102,0,0
13.205,-0.216983974,-0.311576396,-0.0114357946,1.60258913,0,0
13.21,-0.216983974,-0.311576396,-0.0111120893,1.60356736,0,0
13.215,-0.216983974,-0.311576396,-0.0107883997,1.60454547,0,0
13.22,-0.216983974,-0.311576396,-0.0104646944,1.60552359,0,0
13.225,-0.216983974,-0.311576396,-0.0101410048,1.6065017,0,0
13.23,-0.216983974,-0.311576396,-0.00981729943,1.60747981,0,0
13.235,-0.216983974,-0.311576396,-0.00949360896,1.6084578,0,0
13.24,-0.216983974,-0.311576396,-0.00916990358,1.60943592,0,0
13.245,-0.216983974,-0.311576396,-0.00884621404,1.61041403,0,0
13.25,-0.216983974,-0.311576396,-0.00852250867,1.61139226,0,0
13.255,-0.216983974,-0.311576396,-0.00819881912,1.61237037,0,0
13.26,-0.216983974,-0.311576396,-0.00787511375,1.61334848,0,0
13.265,-0.216983974,-0.311576396,-0.00755142374,1.6143266,0,0
13.27,-0.216983974,-0.311576396,-0.00722771836,1.61530471,0,0
13.275,-0.216983974,-0.311576396,-0.00690402836,1.6162827,0,0
13.28,-0.216983974,-0.311576396,-0.00658032298,1.61726081,0,0
13.285,-0.216983974,-0.311576396,-0.00625661761,1.61823893,0,0
13.29,-0.216983974,-0.311576396,-0.0059329276,1.61921716,0,0
13.295,-0.216983974,-0.311576396,-0.00560922222,1.62019527,0,0
13.3,-0.216983974,-0.311576396,-0.00528553268,1.62117338,0,0
13.305,-0.216983974,-0.311576396,-0.0049618273,1.62215149,0,0
13.31,-0.216983974,-0.311576396,-0.0046381373,1.62312961,0,0
13.315,-0.216983974,-0.311576396,-0.00431443192,1.62410784,0,0
13.32,-0.216983974,-0.311576396,-0.00399074191,1.62508571,0,0
13.325,-0.216983974,-0.311576396,-0.00366703677,1.62606382,0,0
13.33,-0.216983974,-0.311576396,-0.00334334676,1.62704194,0,0
13.335,-0.216983974,-0.311576396,-0.00301964139,1.62802017,0,0
13.34,-0.216983974,-0.311576396,-0.00269595161,1.62899828,0,0
13.345,-0.216983974,-0.311576396,-0.00237224624,1.62997639,0,0
13.35,-0.216983974,-0.311576396,-0.00204855646,1.6309545,0,0
13.355,-0.216983974,-0.311576396,-0.00172485097,1.63193262,0,0
13.36,-0.216983974,-0.311576396,-0.00140116108,1.63291061,0,0
13.365,-0.216983974,-0.311576396,-0.00107745582,1.63388872,0,0
13.37,-0.216983974,-0.311576396,-0.000753765868,1.63486683,0,0
13.375,-0.216983974,-0.311576396,-0.000430060551,1.63584507,0,0
13.38,-0.216983974,-0.311576396,-0.000106370666,1.63682318,0,0
13.385,-0.216983974,-0.311576396,0.000217334673,1.63780129,0,0
13.39,-0.216983974,-0.311576396,0.00054102455,1.6387794,0,0
13.395,-0.216983974,-0.311576396,0.000864729926,1.63975751,0,0
13.4,-0.216983974,-0.311576396,0.00118841976,1.64073551,0,0
13.405,-0.216983974,-0.311576396,0.00151212513,1.64171362,0,0
13.41,-0.216983974,-0.311576396,0.00183583051,1.64269173,0,0
13.415,-0.216983974,-0.311576396,0.00215952029,1.64366996,0,0
13.42,-0.216983974,-0.311576396,0.00248322566,1.64464808,0,0
13.425,-0.216983974,-0.311576396,0.00280691567,1.64562619,0,0
13.43,-0.216983974,-0.311576396,0.00313062104,1.6466043,0,0
13.435,-0.216983974,-0.311576396,0.00345431082,1.64758241,0,0
13.44,-0.216983974,-0.311576396,0.00377801619,1.64856064,0,0
13.445,-0.216983974,-0.311576396,0.0041017062,1.64953852,0,0
13.45,-0.216983974,-0.311576396,0.00442541158,1.65051663,0,0
13.455,-0.216983974,-0.311576396,0.00474910112,1.65149474,0,0
13.46,-0.216983974,-0.311576396,0.0050728065,1.65247297,0,0
13.465,-0.216983974,-0.311576396,0.0053964965,1.65345109,0,0
13.47,-0.216983974,-0.311576396,0.00572020188,1.6544292,0,0
13.475,-0.216983974,-0.311576396,0.00604389189,1.65540731,0,0
13.48,-0.216983974,-0.311576396,0.00636759726,1.65638542,0,0
13.485,-0.216983974,-0.311576396,0.00669128681,1.65736341,0,0
13.49,-0.216983974,-0.311576396,0.00701499218,1.65834153,0,0
13.495,-0.216983974,-0.311576396,0.00733868219,1.65931964,0,0
13.5,-0.216983974,-0.311576396,0.00766238756,1.66029787,0,0
13.505,-0.216983974,-0.311576396,0.00798607711,1.66127598,0,0
13.51,-0.216983974,-0.311576396,0.00830978248,1.6622541,0,0
13.515,-0.216983974,-0.311576396,0.00863347296,1.66323221,0,0
13.52,-0.216983974,-0.311576396,0.00895717833,1.66421032,0,0
13.525,-0.216983974,-0.311576396,0.00928086787,1.66518831,0,0
13.53,-0.216983974,-0.311576396,0.00960457325,1.66616642,0,0
13.535,-0.216983974,-0.311576396,0.00992827863,1.66714454,0,0
13.54,-0.216983974,-0.311576396,0.0102519682,1.66812277,0,0
13.545,-0.216983974,-0.311576396,0.0105756735,1.66910088,0,0
13.55,-0.216983974,-0.311576396,0.010899364,1.67007899,0,0
13.555,-0.216983974,-0.311576396,0.0112230694,1.67105711,0,0
13.56,-0.216983974,-0.311576396,0.0115467589,1.67203522,0,0
13.565,-0.216983974,-0.311576396,0.0118704643,1.67301345,0,0
13.57,-0.216983974,-0.311576396,0.0121941539,1.67399132,0,0
13.575,-0.216983974,-0.311576396,0.0125178592,1.67496943,0,0
13.58,-0.216983974,-0.311576396,0.0128415497,1.67594755,0,0
13.585,-0.216983974,-0.311576396,0.0131652551,1.67692578,0,0
13.59,-0.216983974,-0.311576396,0.0134889446,1.67790389,0,0
13.595,-0.216983974,-0.311576396,0.01381265,1.678882,0,0
13.6,-0.216983974,-0.311576396,0.0141363395,1.67986012,0,0
13.605,-0.216983974,-0.311576396,0.0144600449,1.68083823,0,0
13.61,-0.216983974,-0.311576396,0.0147837354,1.68181622,0,0
13.615,-0.216983974,-0.311576396,0.0151074408,1.68279433,0,0
13.62,-0.216983974,-0.311576396,0.0154311303,1.68377244,0,0
13.625,-0.216983974,-0.311576396,0.0157548357,1.68475068,0,0
13.63,-0.216983974,-0.311576396,0.0160785262,1.68572879,0,0
13.635,-0.216983974,-0.311576396,0.0164022315,1.6867069,0,0
13.64,-0.216983974,-0.311576396,0.0167259201,1.68768501,0,0
13.645,-0.216983974,-0.311576396,0.0170496255,1.68866313,0,0
13.65,-0.216983974,-0.311576396,0.017373316,1.68964112,0,0
13.655,-0.216983974,-0.311576396,0.0176970214,1.69061923,0,0
13.66,-0.216983974,-0.311576396,0.0180207267,1.69159734,0,0
13.665,-0.216983974,-0.311576396,0.0183444172,1.69257557,0,0
13.67,-0.216983974,-0.311576396,0.0186681226,1.69355369,0,0
13.675,-0.216983974,-0.311576396,0.0189918112,1.6945318,0,0
13.68,-0.216983974,-0.311576396,0.0193155166,1.69550991,0,0
13.685,-0.216983974,-0.311576396,0.0196392071,1.69648802,0,0
13.69,-0.216983974,-0.311576396,0.0199629124,1.69746625,0,0
13.695,-0.216983974,-0.311576396,0.0202866029,1.69844413,0,0
13.7,-0.216983974,-0.311576396,0.0206103083,1.69942224,0,0
13.705,-0.216983974,-0.311576396,0.0209339969,1.70040035,0,0
13.71,-0.216983974,-0.311576396,0.0212577023,1.70137858,0,0
13.715,-0.216983974,-0.311576396,0.0215813927,1.7023567,0,0
13.72,-0.216983974,-0.311576396,0.0219050981,1.70333481,0,0
13.725,-0.216983974,-0.311576396,0.0222287886,1.70431292,0,0
13.73,-0.216983974,-0.311576396,0.022552494,1.70529103,0,0
13.735,-0.216983974,-0.311576396,0.0228761826,1.70626903,0,0
13.74,-0.216983974,-0.311576396,0.0231998879,1.70724714,0,0
13.745,-0.216983974,-0.311576396,0.0235235784,1.70822525,0,0
13.75,-0.216983974,-0.311576396,0.0238472838,1.70920348,0,0
13.755,-0.216983974,-0.311576396,0.0241709743,1.71018159,0,0
13.76,-0.216983974,-0.311576396,0.0244946796,1.71115971,0,0
13.765,-0.216983974,-0.311576396,0.0248183683,1.71213782,0,0
13.77,-0.216983974,-0.311576396,0.0251420736,1.71311593,0,0
13.775,-0.216983974,-0.311576396,0.0254657641,1.71409392,0,0
13.78,-0.216983974,-0.311576396,0.0257894695,1.71507204,0,0
13.785,-0.216983974,-0.311576396,0.0261131749,1.71605015,0,0
13.79,-0.216983974,-0.311576396,0.0264368653,1.71702838,0,0
13.795,-0.216983974,-0.311576396,0.0267605707,1.71800649,0,0
13.8,-0.216983974,-0.311576396,0.0270842593,1.7189846,0,0
13.805,-0.216983974,-0.311576396,0.0274079647,1.71996272,0,0
13.81,-0.216983974,-0.311576396,0.0277316552,1.72094083,0,0
13.815,-0.216983974,-0.311576396,0.0280553605,1.72191906,0,0
13.82,-0.216983974,-0.311576396,0.028379051,1.72289693,0,0
13.825,-0.216983974,-0.311576396,0.0287027564,1.72387505,0,0
13.83,-0.216983974,-0.311576396,0.029026445,1.72485316,0,0
13.835,-0.216983974,-0.311576396,0.0293501504,1.72583139,0,0
13.84,-0.216983974,-0.311576396,0.0296738409,1.7268095,0,0
13.845,-0.216983974,-0.311576396,0.0299975462,1.72778761,0,0
13.85,-0.216983974,-0.311576396,0.0303212367,1.72876573,0,0
13.855,-0.216983974,-0.311576396,0.0306449421,1.72974384,0,0
13.86,-0.216983974,-0.311576396,0.0309686307,1.73072183,0,0
13.865,-0.216983974,-0.311576396,0.0312923379,1.73169994,0,0
13.87,-0.216983974,-0.311576396,0.0316160284,1.73267806,0,0
13.875,-0.216983974,-0.311576396,0.03193973,1.73365629,0,0
13.88,-0.216983974,-0.311576396,0.0322634205,1.7346344,0,0
13.885,-0.216983974,-0.311576396,0.0325871259,1.73561251,0,0
13.89,-0.216983974,-0.311576396,0.0329108164,1.73659062,0,0
13.895,-0.216983974,-0.311576396,0.0332345217,1.73756874,0,0
13.9,-0.216983974,-0.311576396,0.0335582122,1.73854673,0,0
13.905,-0.216983974,-0.311576396,0.0338819176,1.73952484,0,0
13.91,-0.216983974,-0.311576396,0.034205623,1.74050295,0,0
13.915,-0.216983974,-0.311576396,0.0345293134,1.74148118,0,0
13.92,-0.216983974,-0.311576396,0.0348530188,1.7424593,0,0
13.925,-0.216983974,-0.311576396,0.0351767093,1.74343741,0,0
13.93,-0.216983974,-0.311576396,0.0355004147,1.74441552,0,0
13.935,-0.216983974,-0.311576396,0.0358241051,1.74539363,0,0
13.94,-0.216983974,-0.311576396,0.0361478068,1.74637187,0,0
13.945,-0.216983974,-0.311576396,0.0364714973,1.74734974,0,0
13.95,-0.216983974,-0.311576396,0.0367952026,1.74832785,0,0
13.955,-0.216983974,-0.311576396,0.0371188931,1.74930596,0,0
13.96,-0.216983974,-0.311576396,0.0374425985,1.75028419,0,0
13.965,-0.216983974,-0.311576396,0.037766289,1.75126231,0,0
13.97,-0.216983974,-0.311576396,0.0380899943,1.75224042,0,0
13.975,-0.216983974,-0.311576396,0.0384136848,1.75321853,0,0
13.98,-0.216983974,-0.311576396,0.0387373902,1.75419664,0,0
13.985,-0.216983974,-0.311576396,0.0390610807,1.75517464,0,0
13.99,-0.216983974,-0.311576396,0.039384786,1.75615275,0,0
13.995,-0.216983974,-0.311576396,0.0397084765,1.75713086,0,0
14,-0.216983974,-0.311576396,0.0400321782,1.75810909,0,0
14.005,-0.216983974,-0.311576396,0.0403558686,1.7590872,0,0
14.01,-0.216983974,-0.311576396,0.040679574,1.76006532,0,0
14.015,-0.216983974,-0.311576396,0.0410032645,1.76104343,0,0
14.02,-0.216983974,-0.311576396,0.0413269699,1.76202154,0,0
14.025,-0.216983974,-0.311576396,0.0416506603,1.76299953,0,0
14.03,-0.216983974,-0.311576396,0.0419743657,1.76397765,0,0
14.035,-0.216983974,-0.311576396,0.0422980711,1.76495576,0,0
14.04,-0.216983974,-0.311576396,0.0426217765,1.76593399,0,0
14.045,-0.216983974,-0.311576396,0.042945452,1.7669121,0,0
14.05,-0.216983974,-0.311576396,0.0432691574,1.76789021,0,0
14.055,-0.216983974,-0.311576396,0.0435928628,1.76886833,0,0
14.06,-0.216983974,-0.311576396,0.0439165682,1.76984644,0,0
14.065,-0.216983974,-0.311576396,0.04424024,1.77082467,0,0
14.07,-0.216983974,-0.311576396,0.0445639454,1.77180254,0,0
14.075,-0.216983974,-0.311576396,0.0448876508,1.77278066,0,0
14.08,-0.216983974,-0.311576396,0.0452113561,1.77375877,0,0
14.085,-0.216983974,-0.311576396,0.0455350317,1.774737,0,0
14.09,-0.216983974,-0.311576396,0.0458587371,1.77571511,0,0
14.095,-0.216983974,-0.311576396,0.0461824425,1.77669322,0,0
14.1,-0.216983974,-0.311576396,0.0465061478,1.77767134,0,0
14.105,-0.216983974,-0.311576396,0.0468298234,1.77864945,0,0
14.11,-0.216983974,-0.311576396,0.0471535288,1.77962744,0,0
14.115,-0.216983974,-0.311576396,0.0474772342,1.78060555,0,0
14.12,-0.216983974,-0.311576396,0.0478009395,1.78158367,0,0
14.125,-0.216983974,-0.311576396,0.0481246114,1.7825619,0,0
14.13,-0.216983974,-0.311576396,0.0484483168,1.78354001,0,0
14.135,-0.216983974,-0.311576396,0.0487720221,1.78451812,0,0
14.14,-0.216983974,-0.311576396,0.0490957275,1.78549623,0,0
14.145,-0.216983974,-0.311576396,0.0494194031,1.78647435,0,0
14.15,-0.216983974,-0.311576396,0.0497431085,1.78745234,0,0
14.155,-0.216983974,-0.311576396,0.0500668138,1.78843045,0,0
14.16,-0.216983974,-0.311576396,0.0503905192,1.78940856,0,0
14.165,-0.216983974,-0.311576396,0.0507142246,1.7903868,0,0
14.17,-0.216983974,-0.311576396,0.0510379001,1.79136491,0,0
14.175,-0.216983974,-0.311576396,0.0513616055,1.79234302,0,0
14.18,-0.216983974,-0.311576396,0.0516853109,1.79332113,0,0
14.185,-0.216983974,-0.311576396,0.0520090163,1.79429924,0,0
14.19,-0.216983974,-0.311576396,0.0523326881,1.79527748,0,0
14.195,-0.216983974,-0.311576396,0.0526563935,1.79625535,0,0
14.2,-0.216983974,-0.311576396,0.0529800989,1.79723346,0,0
14.205,-0.216983974,-0.311576396,0.0533038042,1.79821157,0,0
14.21,-0.216983974,-0.311576396,0.0536274798,1.79918981,0,0
14.215,-0.216983974,-0.311576396,0.0539511852,1.80016792,0,0
14.22,-0.216983974,-0.311576396,0.0542748906,1.80114603,0,0
14.225,-0.216983974,-0.311576396,0.0545985959,1.80212414,0,0
14.23,-0.216983974,-0.311576396,0.0549222715,1.80310225,0,0
14.235,-0.216983974,-0.311576396,0.0552459769,1.80408025,0,0
14.24,-0.216983974,-0.311576396,0.0555696823,1.80505836,0,0
14.245,-0.216983974,-0.311576396,0.0558933876,1.80603647,0,0
14.25,-0.216983974,-0.311576396,0.0562170595,1.8070147,0,0
14.255,-0.216983974,-0.311576396,0.0565407649,1.80799282,0,0
14.26,-0.216983974,-0.311576396,0.0568644702,1.80897093,0,0
14.265,-0.216983974,-0.311576396,0.0571881756,1.80994904,0,0
14.27,-0.216983974,-0.311576396,0.0575118512,1.81092715,0,0
14.275,-0.216983974,-0.311576396,0.0578355566,1.81190515,0,0
14.28,-0.216983974,-0.311576396,0.0581592619,1.81288326,0,0
14.285,-0.216983974,-0.311576396,0.0584829673,1.81386137,0,0
